policy,abstain_fraction,kept_fraction,accuracy,set_size_lt
by_confidence,0.9998353909465021,0.0001646090534979424,1.0,
by_confidence,0.9996707818930041,0.0003292181069958848,1.0,
by_confidence,0.9995061728395062,0.0004938271604938272,1.0,
by_confidence,0.9993415637860082,0.0006584362139917696,1.0,
by_confidence,0.9991769547325103,0.0008230452674897119,1.0,
by_confidence,0.9990123456790123,0.0009876543209876543,1.0,
by_confidence,0.9988477366255144,0.0011522633744855968,1.0,
by_confidence,0.9986831275720165,0.0013168724279835392,1.0,
by_confidence,0.9985185185185185,0.0014814814814814814,1.0,
by_confidence,0.9983539094650206,0.0016460905349794238,1.0,
by_confidence,0.9981893004115227,0.0018106995884773663,1.0,
by_confidence,0.9980246913580247,0.0019753086419753087,1.0,
by_confidence,0.9978600823045267,0.002139917695473251,1.0,
by_confidence,0.9976954732510288,0.0023045267489711935,0.9285714285714286,
by_confidence,0.9975308641975309,0.0024691358024691358,0.9333333333333333,
by_confidence,0.9973662551440329,0.0026337448559670784,0.9375,
by_confidence,0.997201646090535,0.0027983539094650206,0.9411764705882353,
by_confidence,0.997037037037037,0.002962962962962963,0.9444444444444444,
by_confidence,0.9968724279835391,0.0031275720164609055,0.8947368421052632,
by_confidence,0.9967078189300411,0.0032921810699588477,0.9,
by_confidence,0.9965432098765432,0.0034567901234567903,0.8571428571428571,
by_confidence,0.9963786008230453,0.0036213991769547325,0.8636363636363636,
by_confidence,0.9962139917695473,0.0037860082304526747,0.8695652173913043,
by_confidence,0.9960493827160494,0.003950617283950617,0.875,
by_confidence,0.9958847736625515,0.00411522633744856,0.88,
by_confidence,0.9957201646090535,0.004279835390946502,0.8846153846153846,
by_confidence,0.9955555555555555,0.0044444444444444444,0.8888888888888888,
by_confidence,0.9953909465020576,0.004609053497942387,0.8928571428571429,
by_confidence,0.9952263374485597,0.004773662551440329,0.896551724137931,
by_confidence,0.9950617283950617,0.0049382716049382715,0.9,
by_confidence,0.9948971193415638,0.005102880658436214,0.8709677419354839,
by_confidence,0.9947325102880659,0.005267489711934157,0.875,
by_confidence,0.994567901234568,0.005432098765432099,0.8484848484848485,
by_confidence,0.9944032921810699,0.005596707818930041,0.8235294117647058,
by_confidence,0.994238683127572,0.005761316872427984,0.8285714285714286,
by_confidence,0.9940740740740741,0.005925925925925926,0.8333333333333334,
by_confidence,0.9939094650205761,0.006090534979423868,0.8378378378378378,
by_confidence,0.9937448559670782,0.006255144032921811,0.8421052631578947,
by_confidence,0.9935802469135803,0.006419753086419753,0.8205128205128205,
by_confidence,0.9934156378600824,0.006584362139917695,0.825,
by_confidence,0.9932510288065843,0.006748971193415638,0.8292682926829268,
by_confidence,0.9930864197530864,0.006913580246913581,0.8333333333333334,
by_confidence,0.9929218106995885,0.007078189300411522,0.8372093023255814,
by_confidence,0.9927572016460905,0.007242798353909465,0.8409090909090909,
by_confidence,0.9925925925925926,0.007407407407407408,0.8444444444444444,
by_confidence,0.9924279835390947,0.0075720164609053495,0.8478260869565217,
by_confidence,0.9922633744855968,0.007736625514403292,0.851063829787234,
by_confidence,0.9920987654320987,0.007901234567901235,0.8541666666666666,
by_confidence,0.9919341563786008,0.008065843621399177,0.8571428571428571,
by_confidence,0.9917695473251029,0.00823045267489712,0.86,
by_confidence,0.9916049382716049,0.008395061728395062,0.8627450980392157,
by_confidence,0.991440329218107,0.008559670781893004,0.8653846153846154,
by_confidence,0.9912757201646091,0.008724279835390947,0.8679245283018868,
by_confidence,0.9911111111111112,0.008888888888888889,0.8703703703703703,
by_confidence,0.9909465020576131,0.00905349794238683,0.8727272727272727,
by_confidence,0.9907818930041152,0.009218106995884774,0.875,
by_confidence,0.9906172839506173,0.009382716049382716,0.8771929824561403,
by_confidence,0.9904526748971193,0.009547325102880658,0.8793103448275862,
by_confidence,0.9902880658436214,0.009711934156378601,0.8813559322033898,
by_confidence,0.9901234567901235,0.009876543209876543,0.8833333333333333,
by_confidence,0.9899588477366256,0.010041152263374485,0.8852459016393442,
by_confidence,0.9897942386831275,0.010205761316872428,0.8870967741935484,
by_confidence,0.9896296296296296,0.01037037037037037,0.8888888888888888,
by_confidence,0.9894650205761317,0.010534979423868314,0.890625,
by_confidence,0.9893004115226337,0.010699588477366255,0.8923076923076924,
by_confidence,0.9891358024691358,0.010864197530864197,0.8939393939393939,
by_confidence,0.9889711934156379,0.01102880658436214,0.8955223880597015,
by_confidence,0.98880658436214,0.011193415637860082,0.8970588235294118,
by_confidence,0.988641975308642,0.011358024691358024,0.8985507246376812,
by_confidence,0.988477366255144,0.011522633744855968,0.9,
by_confidence,0.9883127572016461,0.01168724279835391,0.9014084507042254,
by_confidence,0.9881481481481481,0.011851851851851851,0.9027777777777778,
by_confidence,0.9879835390946502,0.012016460905349795,0.9041095890410958,
by_confidence,0.9878189300411523,0.012181069958847737,0.8918918918918919,
by_confidence,0.9876543209876543,0.012345679012345678,0.88,
by_confidence,0.9874897119341564,0.012510288065843622,0.881578947368421,
by_confidence,0.9873251028806584,0.012674897119341564,0.8831168831168831,
by_confidence,0.9871604938271605,0.012839506172839505,0.8846153846153846,
by_confidence,0.9869958847736625,0.013004115226337449,0.8860759493670886,
by_confidence,0.9868312757201646,0.01316872427983539,0.8875,
by_confidence,0.9866666666666667,0.013333333333333334,0.8888888888888888,
by_confidence,0.9865020576131687,0.013497942386831276,0.8902439024390244,
by_confidence,0.9863374485596708,0.013662551440329218,0.891566265060241,
by_confidence,0.9861728395061728,0.013827160493827161,0.8928571428571429,
by_confidence,0.9860082304526749,0.013991769547325103,0.8941176470588236,
by_confidence,0.9858436213991769,0.014156378600823045,0.8953488372093024,
by_confidence,0.985679012345679,0.014320987654320988,0.896551724137931,
by_confidence,0.9855144032921811,0.01448559670781893,0.8863636363636364,
by_confidence,0.9853497942386831,0.014650205761316872,0.8876404494382022,
by_confidence,0.9851851851851852,0.014814814814814815,0.8777777777777778,
by_confidence,0.9850205761316873,0.014979423868312757,0.8791208791208791,
by_confidence,0.9848559670781893,0.015144032921810699,0.8804347826086957,
by_confidence,0.9846913580246913,0.015308641975308642,0.8817204301075269,
by_confidence,0.9845267489711934,0.015473251028806584,0.8829787234042553,
by_confidence,0.9843621399176955,0.015637860082304528,0.8842105263157894,
by_confidence,0.9841975308641975,0.01580246913580247,0.8854166666666666,
by_confidence,0.9840329218106996,0.01596707818930041,0.8865979381443299,
by_confidence,0.9838683127572017,0.016131687242798353,0.8877551020408163,
by_confidence,0.9837037037037037,0.016296296296296295,0.8888888888888888,
by_confidence,0.9835390946502057,0.01646090534979424,0.89,
by_confidence,0.9833744855967078,0.016625514403292182,0.8910891089108911,
by_confidence,0.9832098765432099,0.016790123456790124,0.8921568627450981,
by_confidence,0.9830452674897119,0.016954732510288065,0.8932038834951457,
by_confidence,0.982880658436214,0.017119341563786007,0.8942307692307693,
by_confidence,0.9827160493827161,0.01728395061728395,0.8952380952380953,
by_confidence,0.9825514403292182,0.017448559670781894,0.8962264150943396,
by_confidence,0.9823868312757201,0.017613168724279836,0.897196261682243,
by_confidence,0.9822222222222222,0.017777777777777778,0.8981481481481481,
by_confidence,0.9820576131687243,0.01794238683127572,0.8990825688073395,
by_confidence,0.9818930041152263,0.01810699588477366,0.9,
by_confidence,0.9817283950617284,0.018271604938271607,0.9009009009009009,
by_confidence,0.9815637860082305,0.01843621399176955,0.9017857142857143,
by_confidence,0.9813991769547326,0.01860082304526749,0.9026548672566371,
by_confidence,0.9812345679012345,0.018765432098765432,0.9035087719298246,
by_confidence,0.9810699588477366,0.018930041152263374,0.9043478260869565,
by_confidence,0.9809053497942387,0.019094650205761315,0.9051724137931034,
by_confidence,0.9807407407407407,0.01925925925925926,0.905982905982906,
by_confidence,0.9805761316872428,0.019423868312757202,0.9067796610169492,
by_confidence,0.9804115226337449,0.019588477366255144,0.907563025210084,
by_confidence,0.980246913580247,0.019753086419753086,0.9083333333333333,
by_confidence,0.9800823045267489,0.019917695473251028,0.9090909090909091,
by_confidence,0.979917695473251,0.02008230452674897,0.9098360655737705,
by_confidence,0.9797530864197531,0.020246913580246915,0.9024390243902439,
by_confidence,0.9795884773662551,0.020411522633744857,0.9032258064516129,
by_confidence,0.9794238683127572,0.0205761316872428,0.904,
by_confidence,0.9792592592592593,0.02074074074074074,0.9047619047619048,
by_confidence,0.9790946502057614,0.020905349794238682,0.905511811023622,
by_confidence,0.9789300411522633,0.021069958847736627,0.90625,
by_confidence,0.9787654320987654,0.02123456790123457,0.8992248062015504,
by_confidence,0.9786008230452675,0.02139917695473251,0.9,
by_confidence,0.9784362139917695,0.021563786008230452,0.8931297709923665,
by_confidence,0.9782716049382716,0.021728395061728394,0.8939393939393939,
by_confidence,0.9781069958847737,0.021893004115226336,0.8947368421052632,
by_confidence,0.9779423868312758,0.02205761316872428,0.8955223880597015,
by_confidence,0.9777777777777777,0.022222222222222223,0.8962962962962963,
by_confidence,0.9776131687242798,0.022386831275720165,0.8970588235294118,
by_confidence,0.9774485596707819,0.022551440329218107,0.8978102189781022,
by_confidence,0.9772839506172839,0.02271604938271605,0.8985507246376812,
by_confidence,0.977119341563786,0.02288065843621399,0.8992805755395683,
by_confidence,0.9769547325102881,0.023045267489711935,0.8928571428571429,
by_confidence,0.9767901234567902,0.023209876543209877,0.8936170212765957,
by_confidence,0.9766255144032921,0.02337448559670782,0.8943661971830986,
by_confidence,0.9764609053497942,0.02353909465020576,0.8951048951048951,
by_confidence,0.9762962962962963,0.023703703703703703,0.8958333333333334,
by_confidence,0.9761316872427983,0.023868312757201648,0.896551724137931,
by_confidence,0.9759670781893004,0.02403292181069959,0.8972602739726028,
by_confidence,0.9758024691358025,0.02419753086419753,0.8979591836734694,
by_confidence,0.9756378600823046,0.024362139917695473,0.8986486486486487,
by_confidence,0.9754732510288066,0.024526748971193415,0.8993288590604027,
by_confidence,0.9753086419753086,0.024691358024691357,0.9,
by_confidence,0.9751440329218107,0.024855967078189302,0.9006622516556292,
by_confidence,0.9749794238683127,0.025020576131687244,0.9013157894736842,
by_confidence,0.9748148148148148,0.025185185185185185,0.9019607843137255,
by_confidence,0.9746502057613169,0.025349794238683127,0.9025974025974026,
by_confidence,0.974485596707819,0.02551440329218107,0.9032258064516129,
by_confidence,0.974320987654321,0.02567901234567901,0.9038461538461539,
by_confidence,0.974156378600823,0.025843621399176956,0.9044585987261147,
by_confidence,0.9739917695473251,0.026008230452674898,0.9050632911392406,
by_confidence,0.9738271604938271,0.02617283950617284,0.9056603773584906,
by_confidence,0.9736625514403292,0.02633744855967078,0.90625,
by_confidence,0.9734979423868313,0.026502057613168723,0.906832298136646,
by_confidence,0.9733333333333334,0.02666666666666667,0.9074074074074074,
by_confidence,0.9731687242798354,0.02683127572016461,0.9079754601226994,
by_confidence,0.9730041152263375,0.026995884773662552,0.9085365853658537,
by_confidence,0.9728395061728395,0.027160493827160494,0.9090909090909091,
by_confidence,0.9726748971193415,0.027325102880658435,0.9096385542168675,
by_confidence,0.9725102880658436,0.027489711934156377,0.9041916167664671,
by_confidence,0.9723456790123457,0.027654320987654323,0.9047619047619048,
by_confidence,0.9721810699588478,0.027818930041152264,0.9053254437869822,
by_confidence,0.9720164609053498,0.027983539094650206,0.9058823529411765,
by_confidence,0.9718518518518519,0.028148148148148148,0.9064327485380117,
by_confidence,0.971687242798354,0.02831275720164609,0.9069767441860465,
by_confidence,0.9715226337448559,0.02847736625514403,0.9075144508670521,
by_confidence,0.971358024691358,0.028641975308641977,0.9080459770114943,
by_confidence,0.9711934156378601,0.02880658436213992,0.9085714285714286,
by_confidence,0.9710288065843622,0.02897119341563786,0.9090909090909091,
by_confidence,0.9708641975308642,0.029135802469135802,0.9096045197740112,
by_confidence,0.9706995884773663,0.029300411522633744,0.9044943820224719,
by_confidence,0.9705349794238683,0.029465020576131686,0.9050279329608939,
by_confidence,0.9703703703703703,0.02962962962962963,0.9055555555555556,
by_confidence,0.9702057613168724,0.029794238683127573,0.9060773480662984,
by_confidence,0.9700411522633745,0.029958847736625514,0.9065934065934066,
by_confidence,0.9698765432098766,0.030123456790123456,0.907103825136612,
by_confidence,0.9697119341563786,0.030288065843621398,0.907608695652174,
by_confidence,0.9695473251028807,0.030452674897119343,0.9081081081081082,
by_confidence,0.9693827160493828,0.030617283950617285,0.9086021505376344,
by_confidence,0.9692181069958847,0.030781893004115227,0.9090909090909091,
by_confidence,0.9690534979423868,0.03094650205761317,0.9042553191489362,
by_confidence,0.9688888888888889,0.03111111111111111,0.9047619047619048,
by_confidence,0.968724279835391,0.031275720164609055,0.9,
by_confidence,0.968559670781893,0.031440329218106994,0.900523560209424,
by_confidence,0.9683950617283951,0.03160493827160494,0.9010416666666666,
by_confidence,0.9682304526748972,0.03176954732510288,0.9015544041450777,
by_confidence,0.9680658436213991,0.03193415637860082,0.8969072164948454,
by_confidence,0.9679012345679012,0.03209876543209877,0.8974358974358975,
by_confidence,0.9677366255144033,0.032263374485596706,0.8979591836734694,
by_confidence,0.9675720164609054,0.03242798353909465,0.8984771573604061,
by_confidence,0.9674074074074074,0.03259259259259259,0.898989898989899,
by_confidence,0.9672427983539095,0.032757201646090535,0.8994974874371859,
by_confidence,0.9670781893004116,0.03292181069958848,0.9,
by_confidence,0.9669135802469135,0.03308641975308642,0.900497512437811,
by_confidence,0.9667489711934156,0.033251028806584364,0.900990099009901,
by_confidence,0.9665843621399177,0.0334156378600823,0.9014778325123153,
by_confidence,0.9664197530864198,0.03358024691358025,0.9019607843137255,
by_confidence,0.9662551440329218,0.03374485596707819,0.9024390243902439,
by_confidence,0.9660905349794239,0.03390946502057613,0.8980582524271845,
by_confidence,0.965925925925926,0.034074074074074076,0.8985507246376812,
by_confidence,0.9657613168724279,0.034238683127572014,0.8990384615384616,
by_confidence,0.96559670781893,0.03440329218106996,0.8995215311004785,
by_confidence,0.9654320987654321,0.0345679012345679,0.8952380952380953,
by_confidence,0.9652674897119341,0.03473251028806584,0.8957345971563981,
by_confidence,0.9651028806584362,0.03489711934156379,0.8915094339622641,
by_confidence,0.9649382716049383,0.03506172839506173,0.892018779342723,
by_confidence,0.9647736625514404,0.03522633744855967,0.8925233644859814,
by_confidence,0.9646090534979423,0.03539094650205761,0.8930232558139535,
by_confidence,0.9644444444444444,0.035555555555555556,0.8935185185185185,
by_confidence,0.9642798353909465,0.0357201646090535,0.8940092165898618,
by_confidence,0.9641152263374485,0.03588477366255144,0.8944954128440367,
by_confidence,0.9639506172839506,0.036049382716049384,0.8949771689497716,
by_confidence,0.9637860082304527,0.03621399176954732,0.8954545454545455,
by_confidence,0.9636213991769548,0.03637860082304527,0.8959276018099548,
by_confidence,0.9634567901234568,0.03654320987654321,0.8963963963963963,
by_confidence,0.9632921810699588,0.03670781893004115,0.8968609865470852,
by_confidence,0.9631275720164609,0.0368724279835391,0.8973214285714286,
by_confidence,0.9629629629629629,0.037037037037037035,0.8977777777777778,
by_confidence,0.962798353909465,0.03720164609053498,0.8982300884955752,
by_confidence,0.9626337448559671,0.03736625514403292,0.8986784140969163,
by_confidence,0.9624691358024692,0.037530864197530864,0.8991228070175439,
by_confidence,0.9623045267489712,0.03769547325102881,0.8995633187772926,
by_confidence,0.9621399176954732,0.03786008230452675,0.9,
by_confidence,0.9619753086419753,0.03802469135802469,0.9004329004329005,
by_confidence,0.9618106995884773,0.03818930041152263,0.9008620689655172,
by_confidence,0.9616460905349794,0.038353909465020576,0.9012875536480687,
by_confidence,0.9614814814814815,0.03851851851851852,0.9017094017094017,
by_confidence,0.9613168724279836,0.03868312757201646,0.902127659574468,
by_confidence,0.9611522633744856,0.038847736625514405,0.902542372881356,
by_confidence,0.9609876543209876,0.03901234567901234,0.9029535864978903,
by_confidence,0.9608230452674897,0.03917695473251029,0.9033613445378151,
by_confidence,0.9606584362139917,0.039341563786008234,0.9037656903765691,
by_confidence,0.9604938271604938,0.03950617283950617,0.9041666666666667,
by_confidence,0.9603292181069959,0.03967078189300412,0.9045643153526971,
by_confidence,0.960164609053498,0.039835390946502056,0.9049586776859504,
by_confidence,0.96,0.04,0.9053497942386831,
by_confidence,0.959835390946502,0.04016460905349794,0.9057377049180327,
by_confidence,0.9596707818930041,0.040329218106995884,0.9061224489795918,
by_confidence,0.9595061728395061,0.04049382716049383,0.9065040650406504,
by_confidence,0.9593415637860082,0.04065843621399177,0.9068825910931174,
by_confidence,0.9591769547325103,0.04082304526748971,0.907258064516129,
by_confidence,0.9590123456790124,0.04098765432098765,0.9076305220883534,
by_confidence,0.9588477366255144,0.0411522633744856,0.908,
by_confidence,0.9586831275720165,0.04131687242798354,0.9083665338645418,
by_confidence,0.9585185185185185,0.04148148148148148,0.9087301587301587,
by_confidence,0.9583539094650205,0.041646090534979426,0.9090909090909091,
by_confidence,0.9581893004115226,0.041810699588477364,0.9094488188976378,
by_confidence,0.9580246913580247,0.04197530864197531,0.9098039215686274,
by_confidence,0.9578600823045268,0.042139917695473254,0.91015625,
by_confidence,0.9576954732510288,0.04230452674897119,0.9105058365758755,
by_confidence,0.9575308641975309,0.04246913580246914,0.9069767441860465,
by_confidence,0.957366255144033,0.042633744855967076,0.9073359073359073,
by_confidence,0.9572016460905349,0.04279835390946502,0.9076923076923077,
by_confidence,0.957037037037037,0.04296296296296296,0.9080459770114943,
by_confidence,0.9568724279835391,0.043127572016460905,0.9083969465648855,
by_confidence,0.9567078189300412,0.04329218106995885,0.908745247148289,
by_confidence,0.9565432098765432,0.04345679012345679,0.9090909090909091,
by_confidence,0.9563786008230453,0.043621399176954734,0.909433962264151,
by_confidence,0.9562139917695474,0.04378600823045267,0.9097744360902256,
by_confidence,0.9560493827160493,0.04395061728395062,0.9101123595505618,
by_confidence,0.9558847736625514,0.04411522633744856,0.9067164179104478,
by_confidence,0.9557201646090535,0.0442798353909465,0.9070631970260223,
by_confidence,0.9555555555555556,0.044444444444444446,0.9074074074074074,
by_confidence,0.9553909465020576,0.044609053497942384,0.9077490774907749,
by_confidence,0.9552263374485597,0.04477366255144033,0.9080882352941176,
by_confidence,0.9550617283950618,0.044938271604938275,0.9084249084249084,
by_confidence,0.9548971193415637,0.04510288065843621,0.9087591240875912,
by_confidence,0.9547325102880658,0.04526748971193416,0.9054545454545454,
by_confidence,0.9545679012345679,0.0454320987654321,0.9057971014492754,
by_confidence,0.95440329218107,0.04559670781893004,0.9061371841155235,
by_confidence,0.954238683127572,0.04576131687242798,0.9028776978417267,
by_confidence,0.9540740740740741,0.045925925925925926,0.9032258064516129,
by_confidence,0.9539094650205762,0.04609053497942387,0.9035714285714286,
by_confidence,0.9537448559670781,0.04625514403292181,0.9039145907473309,
by_confidence,0.9535802469135802,0.046419753086419754,0.900709219858156,
by_confidence,0.9534156378600823,0.04658436213991769,0.901060070671378,
by_confidence,0.9532510288065844,0.04674897119341564,0.9014084507042254,
by_confidence,0.9530864197530864,0.04691358024691358,0.9017543859649123,
by_confidence,0.9529218106995885,0.04707818930041152,0.9020979020979021,
by_confidence,0.9527572016460906,0.04724279835390947,0.9024390243902439,
by_confidence,0.9525925925925925,0.047407407407407405,0.9027777777777778,
by_confidence,0.9524279835390946,0.04757201646090535,0.903114186851211,
by_confidence,0.9522633744855967,0.047736625514403296,0.903448275862069,
by_confidence,0.9520987654320988,0.047901234567901234,0.9037800687285223,
by_confidence,0.9519341563786008,0.04806584362139918,0.9041095890410958,
by_confidence,0.9517695473251029,0.04823045267489712,0.9044368600682594,
by_confidence,0.951604938271605,0.04839506172839506,0.9047619047619048,
by_confidence,0.951440329218107,0.048559670781893,0.9050847457627119,
by_confidence,0.951275720164609,0.048724279835390946,0.9054054054054054,
by_confidence,0.9511111111111111,0.04888888888888889,0.9057239057239057,
by_confidence,0.9509465020576132,0.04905349794238683,0.9060402684563759,
by_confidence,0.9507818930041152,0.049218106995884775,0.9063545150501672,
by_confidence,0.9506172839506173,0.04938271604938271,0.9066666666666666,
by_confidence,0.9504526748971194,0.04954732510288066,0.9069767441860465,
by_confidence,0.9502880658436214,0.049711934156378604,0.9072847682119205,
by_confidence,0.9501234567901234,0.04987654320987654,0.9075907590759076,
by_confidence,0.9499588477366255,0.05004115226337449,0.9078947368421053,
by_confidence,0.9497942386831276,0.050205761316872426,0.9081967213114754,
by_confidence,0.9496296296296296,0.05037037037037037,0.9084967320261438,
by_confidence,0.9494650205761317,0.050534979423868316,0.9087947882736156,
by_confidence,0.9493004115226338,0.050699588477366254,0.9090909090909091,
by_confidence,0.9491358024691358,0.0508641975308642,0.9093851132686084,
by_confidence,0.9489711934156378,0.05102880658436214,0.9096774193548387,
by_confidence,0.9488065843621399,0.05119341563786008,0.909967845659164,
by_confidence,0.948641975308642,0.05135802469135802,0.9102564102564102,
by_confidence,0.948477366255144,0.05152263374485597,0.9073482428115016,
by_confidence,0.9483127572016461,0.05168724279835391,0.9076433121019108,
by_confidence,0.9481481481481482,0.05185185185185185,0.9079365079365079,
by_confidence,0.9479835390946502,0.052016460905349796,0.9082278481012658,
by_confidence,0.9478189300411523,0.052181069958847734,0.9085173501577287,
by_confidence,0.9476543209876543,0.05234567901234568,0.9056603773584906,
by_confidence,0.9474897119341564,0.052510288065843624,0.9059561128526645,
by_confidence,0.9473251028806584,0.05267489711934156,0.90625,
by_confidence,0.9471604938271605,0.05283950617283951,0.9065420560747663,
by_confidence,0.9469958847736626,0.053004115226337446,0.906832298136646,
by_confidence,0.9468312757201646,0.05316872427983539,0.9071207430340558,
by_confidence,0.9466666666666667,0.05333333333333334,0.9074074074074074,
by_confidence,0.9465020576131687,0.053497942386831275,0.9076923076923077,
by_confidence,0.9463374485596708,0.05366255144032922,0.9079754601226994,
by_confidence,0.9461728395061728,0.05382716049382716,0.908256880733945,
by_confidence,0.9460082304526749,0.053991769547325104,0.9085365853658537,
by_confidence,0.945843621399177,0.05415637860082304,0.9088145896656535,
by_confidence,0.945679012345679,0.05432098765432099,0.9090909090909091,
by_confidence,0.9455144032921811,0.05448559670781893,0.9093655589123867,
by_confidence,0.9453497942386831,0.05465020576131687,0.9096385542168675,
by_confidence,0.9451851851851852,0.054814814814814816,0.9099099099099099,
by_confidence,0.9450205761316872,0.054979423868312755,0.907185628742515,
by_confidence,0.9448559670781893,0.0551440329218107,0.9074626865671642,
by_confidence,0.9446913580246914,0.055308641975308645,0.9077380952380952,
by_confidence,0.9445267489711934,0.05547325102880658,0.9080118694362018,
by_confidence,0.9443621399176955,0.05563786008230453,0.908284023668639,
by_confidence,0.9441975308641976,0.05580246913580247,0.9085545722713865,
by_confidence,0.9440329218106996,0.05596707818930041,0.9088235294117647,
by_confidence,0.9438683127572016,0.05613168724279836,0.9090909090909091,
by_confidence,0.9437037037037037,0.056296296296296296,0.9064327485380117,
by_confidence,0.9435390946502058,0.05646090534979424,0.9067055393586005,
by_confidence,0.9433744855967078,0.05662551440329218,0.9069767441860465,
by_confidence,0.9432098765432099,0.056790123456790124,0.9072463768115943,
by_confidence,0.943045267489712,0.05695473251028806,0.9075144508670521,
by_confidence,0.9428806584362139,0.05711934156378601,0.9077809798270894,
by_confidence,0.942716049382716,0.05728395061728395,0.9080459770114943,
by_confidence,0.9425514403292181,0.05744855967078189,0.9083094555873925,
by_confidence,0.9423868312757202,0.05761316872427984,0.9085714285714286,
by_confidence,0.9422222222222222,0.057777777777777775,0.9088319088319088,
by_confidence,0.9420576131687243,0.05794238683127572,0.9090909090909091,
by_confidence,0.9418930041152264,0.058106995884773666,0.9093484419263456,
by_confidence,0.9417283950617283,0.058271604938271604,0.9096045197740112,
by_confidence,0.9415637860082304,0.05843621399176955,0.9098591549295775,
by_confidence,0.9413991769547325,0.05860082304526749,0.9101123595505618,
by_confidence,0.9412345679012346,0.05876543209876543,0.9103641456582633,
by_confidence,0.9410699588477366,0.05893004115226337,0.9106145251396648,
by_confidence,0.9409053497942387,0.059094650205761316,0.9108635097493036,
by_confidence,0.9407407407407408,0.05925925925925926,0.9111111111111111,
by_confidence,0.9405761316872427,0.0594238683127572,0.9113573407202216,
by_confidence,0.9404115226337448,0.059588477366255145,0.9116022099447514,
by_confidence,0.9402469135802469,0.05975308641975308,0.9118457300275482,
by_confidence,0.940082304526749,0.05991769547325103,0.9120879120879121,
by_confidence,0.939917695473251,0.060082304526748974,0.9123287671232877,
by_confidence,0.9397530864197531,0.06024691358024691,0.912568306010929,
by_confidence,0.9395884773662552,0.06041152263374486,0.9128065395095368,
by_confidence,0.9394238683127571,0.060576131687242796,0.9103260869565217,
by_confidence,0.9392592592592592,0.06074074074074074,0.9105691056910569,
by_confidence,0.9390946502057613,0.060905349794238686,0.9108108108108108,
by_confidence,0.9389300411522634,0.061069958847736625,0.9110512129380054,
by_confidence,0.9387654320987654,0.06123456790123457,0.9112903225806451,
by_confidence,0.9386008230452675,0.06139917695473251,0.9115281501340483,
by_confidence,0.9384362139917696,0.06156378600823045,0.9117647058823529,
by_confidence,0.9382716049382716,0.06172839506172839,0.912,
by_confidence,0.9381069958847736,0.06189300411522634,0.9122340425531915,
by_confidence,0.9379423868312757,0.06205761316872428,0.9098143236074271,
by_confidence,0.9377777777777778,0.06222222222222222,0.91005291005291,
by_confidence,0.9376131687242798,0.062386831275720166,0.9102902374670184,
by_confidence,0.9374485596707819,0.06255144032921811,0.9105263157894737,
by_confidence,0.937283950617284,0.06271604938271605,0.910761154855643,
by_confidence,0.937119341563786,0.06288065843621399,0.9109947643979057,
by_confidence,0.936954732510288,0.06304526748971194,0.9112271540469974,
by_confidence,0.9367901234567901,0.06320987654320988,0.9114583333333334,
by_confidence,0.9366255144032922,0.06337448559670782,0.9116883116883117,
by_confidence,0.9364609053497942,0.06353909465020575,0.9119170984455959,
by_confidence,0.9362962962962963,0.0637037037037037,0.9121447028423773,
by_confidence,0.9361316872427984,0.06386831275720165,0.9123711340206185,
by_confidence,0.9359670781893004,0.06403292181069958,0.9125964010282777,
by_confidence,0.9358024691358025,0.06419753086419754,0.9128205128205128,
by_confidence,0.9356378600823045,0.06436213991769547,0.9130434782608695,
by_confidence,0.9354732510288066,0.06452674897119341,0.9132653061224489,
by_confidence,0.9353086419753086,0.06469135802469136,0.9134860050890585,
by_confidence,0.9351440329218107,0.0648559670781893,0.9137055837563451,
by_confidence,0.9349794238683128,0.06502057613168724,0.9139240506329114,
by_confidence,0.9348148148148148,0.06518518518518518,0.9141414141414141,
by_confidence,0.9346502057613169,0.06534979423868313,0.9143576826196473,
by_confidence,0.9344855967078189,0.06551440329218107,0.9120603015075377,
by_confidence,0.934320987654321,0.06567901234567901,0.9122807017543859,
by_confidence,0.934156378600823,0.06584362139917696,0.9125,
by_confidence,0.9339917695473251,0.0660082304526749,0.912718204488778,
by_confidence,0.9338271604938272,0.06617283950617284,0.9104477611940298,
by_confidence,0.9336625514403292,0.06633744855967078,0.9106699751861043,
by_confidence,0.9334979423868313,0.06650205761316873,0.9108910891089109,
by_confidence,0.9333333333333333,0.06666666666666667,0.9111111111111111,
by_confidence,0.9331687242798354,0.0668312757201646,0.9113300492610837,
by_confidence,0.9330041152263374,0.06699588477366256,0.9115479115479116,
by_confidence,0.9328395061728395,0.0671604938271605,0.9117647058823529,
by_confidence,0.9326748971193416,0.06732510288065843,0.9119804400977995,
by_confidence,0.9325102880658436,0.06748971193415639,0.9121951219512195,
by_confidence,0.9323456790123457,0.06765432098765432,0.9124087591240876,
by_confidence,0.9321810699588478,0.06781893004115226,0.912621359223301,
by_confidence,0.9320164609053498,0.0679835390946502,0.9128329297820823,
by_confidence,0.9318518518518518,0.06814814814814815,0.9130434782608695,
by_confidence,0.9316872427983539,0.06831275720164609,0.9132530120481928,
by_confidence,0.931522633744856,0.06847736625514403,0.9134615384615384,
by_confidence,0.931358024691358,0.06864197530864198,0.9136690647482014,
by_confidence,0.9311934156378601,0.06880658436213992,0.9138755980861244,
by_confidence,0.9310288065843622,0.06897119341563786,0.9140811455847255,
by_confidence,0.9308641975308642,0.0691358024691358,0.9142857142857143,
by_confidence,0.9306995884773662,0.06930041152263375,0.9144893111638955,
by_confidence,0.9305349794238683,0.06946502057613169,0.9146919431279621,
by_confidence,0.9303703703703704,0.06962962962962962,0.9148936170212766,
by_confidence,0.9302057613168724,0.06979423868312758,0.9150943396226415,
by_confidence,0.9300411522633745,0.06995884773662552,0.9152941176470588,
by_confidence,0.9298765432098766,0.07012345679012345,0.9154929577464789,
by_confidence,0.9297119341563786,0.0702880658436214,0.9156908665105387,
by_confidence,0.9295473251028806,0.07045267489711934,0.9158878504672897,
by_confidence,0.9293827160493827,0.07061728395061728,0.916083916083916,
by_confidence,0.9292181069958848,0.07078189300411522,0.9162790697674419,
by_confidence,0.9290534979423868,0.07094650205761317,0.9164733178654292,
by_confidence,0.9288888888888889,0.07111111111111111,0.9166666666666666,
by_confidence,0.928724279835391,0.07127572016460905,0.9168591224018475,
by_confidence,0.928559670781893,0.071440329218107,0.9147465437788018,
by_confidence,0.928395061728395,0.07160493827160494,0.9149425287356322,
by_confidence,0.9282304526748971,0.07176954732510288,0.9151376146788991,
by_confidence,0.9280658436213992,0.07193415637860082,0.9153318077803204,
by_confidence,0.9279012345679012,0.07209876543209877,0.9155251141552512,
by_confidence,0.9277366255144033,0.07226337448559671,0.9157175398633257,
by_confidence,0.9275720164609054,0.07242798353909465,0.9159090909090909,
by_confidence,0.9274074074074075,0.0725925925925926,0.9138321995464853,
by_confidence,0.9272427983539094,0.07275720164609054,0.9140271493212669,
by_confidence,0.9270781893004115,0.07292181069958847,0.9142212189616253,
by_confidence,0.9269135802469136,0.07308641975308643,0.9144144144144144,
by_confidence,0.9267489711934156,0.07325102880658436,0.9146067415730337,
by_confidence,0.9265843621399177,0.0734156378600823,0.9125560538116592,
by_confidence,0.9264197530864198,0.07358024691358024,0.912751677852349,
by_confidence,0.9262551440329219,0.0737448559670782,0.9129464285714286,
by_confidence,0.9260905349794238,0.07390946502057613,0.9131403118040089,
by_confidence,0.9259259259259259,0.07407407407407407,0.9133333333333333,
by_confidence,0.925761316872428,0.07423868312757202,0.9135254988913526,
by_confidence,0.92559670781893,0.07440329218106996,0.9137168141592921,
by_confidence,0.9254320987654321,0.0745679012345679,0.9139072847682119,
by_confidence,0.9252674897119342,0.07473251028806584,0.9140969162995595,
by_confidence,0.9251028806584363,0.07489711934156379,0.9142857142857143,
by_confidence,0.9249382716049382,0.07506172839506173,0.9144736842105263,
by_confidence,0.9247736625514403,0.07522633744855967,0.9146608315098468,
by_confidence,0.9246090534979424,0.07539094650205762,0.9148471615720524,
by_confidence,0.9244444444444444,0.07555555555555556,0.9150326797385621,
by_confidence,0.9242798353909465,0.0757201646090535,0.9152173913043479,
by_confidence,0.9241152263374486,0.07588477366255145,0.9154013015184381,
by_confidence,0.9239506172839507,0.07604938271604939,0.9155844155844156,
by_confidence,0.9237860082304526,0.07621399176954732,0.9157667386609071,
by_confidence,0.9236213991769547,0.07637860082304526,0.915948275862069,
by_confidence,0.9234567901234568,0.07654320987654321,0.9161290322580645,
by_confidence,0.9232921810699588,0.07670781893004115,0.9163090128755365,
by_confidence,0.9231275720164609,0.07687242798353909,0.9164882226980728,
by_confidence,0.922962962962963,0.07703703703703704,0.9145299145299145,
by_confidence,0.9227983539094651,0.07720164609053498,0.9147121535181236,
by_confidence,0.922633744855967,0.07736625514403292,0.9148936170212766,
by_confidence,0.9224691358024691,0.07753086419753086,0.9150743099787686,
by_confidence,0.9223045267489712,0.07769547325102881,0.9152542372881356,
by_confidence,0.9221399176954732,0.07786008230452675,0.9154334038054969,
by_confidence,0.9219753086419753,0.07802469135802469,0.9156118143459916,
by_confidence,0.9218106995884774,0.07818930041152264,0.9157894736842105,
by_confidence,0.9216460905349795,0.07835390946502058,0.9159663865546218,
by_confidence,0.9214814814814815,0.07851851851851852,0.9161425576519916,
by_confidence,0.9213168724279835,0.07868312757201647,0.9163179916317992,
by_confidence,0.9211522633744856,0.0788477366255144,0.9144050104384134,
by_confidence,0.9209876543209876,0.07901234567901234,0.9145833333333333,
by_confidence,0.9208230452674897,0.07917695473251028,0.9147609147609148,
by_confidence,0.9206584362139918,0.07934156378600823,0.9149377593360996,
by_confidence,0.9204938271604939,0.07950617283950617,0.9151138716356108,
by_confidence,0.9203292181069959,0.07967078189300411,0.9152892561983471,
by_confidence,0.920164609053498,0.07983539094650206,0.9154639175257732,
by_confidence,0.92,0.08,0.9135802469135802,
by_confidence,0.919835390946502,0.08016460905349794,0.9137577002053389,
by_confidence,0.9196707818930041,0.08032921810699588,0.9139344262295082,
by_confidence,0.9195061728395062,0.08049382716049383,0.9141104294478528,
by_confidence,0.9193415637860082,0.08065843621399177,0.9142857142857143,
by_confidence,0.9191769547325103,0.08082304526748971,0.9144602851323829,
by_confidence,0.9190123456790124,0.08098765432098766,0.9146341463414634,
by_confidence,0.9188477366255144,0.0811522633744856,0.9148073022312373,
by_confidence,0.9186831275720164,0.08131687242798354,0.9149797570850202,
by_confidence,0.9185185185185185,0.08148148148148149,0.9151515151515152,
by_confidence,0.9183539094650206,0.08164609053497943,0.9153225806451613,
by_confidence,0.9181893004115226,0.08181069958847736,0.9154929577464789,
by_confidence,0.9180246913580247,0.0819753086419753,0.9156626506024096,
by_confidence,0.9178600823045268,0.08213991769547326,0.9158316633266533,
by_confidence,0.9176954732510288,0.0823045267489712,0.916,
by_confidence,0.9175308641975308,0.08246913580246913,0.9161676646706587,
by_confidence,0.9173662551440329,0.08263374485596708,0.9163346613545816,
by_confidence,0.917201646090535,0.08279835390946502,0.9165009940357853,
by_confidence,0.917037037037037,0.08296296296296296,0.9166666666666666,
by_confidence,0.9168724279835391,0.0831275720164609,0.9168316831683169,
by_confidence,0.9167078189300412,0.08329218106995885,0.9169960474308301,
by_confidence,0.9165432098765433,0.08345679012345679,0.9171597633136095,
by_confidence,0.9163786008230452,0.08362139917695473,0.9173228346456693,
by_confidence,0.9162139917695473,0.08378600823045268,0.9174852652259332,
by_confidence,0.9160493827160494,0.08395061728395062,0.9176470588235294,
by_confidence,0.9158847736625514,0.08411522633744856,0.9178082191780822,
by_confidence,0.9157201646090535,0.08427983539094651,0.91796875,
by_confidence,0.9155555555555556,0.08444444444444445,0.9161793372319688,
by_confidence,0.9153909465020577,0.08460905349794239,0.9163424124513618,
by_confidence,0.9152263374485596,0.08477366255144032,0.916504854368932,
by_confidence,0.9150617283950617,0.08493827160493828,0.9166666666666666,
by_confidence,0.9148971193415638,0.08510288065843621,0.9168278529980658,
by_confidence,0.9147325102880658,0.08526748971193415,0.916988416988417,
by_confidence,0.9145679012345679,0.0854320987654321,0.9171483622350675,
by_confidence,0.91440329218107,0.08559670781893004,0.9173076923076923,
by_confidence,0.9142386831275721,0.08576131687242798,0.9174664107485605,
by_confidence,0.914074074074074,0.08592592592592592,0.9157088122605364,
by_confidence,0.9139094650205761,0.08609053497942387,0.9158699808795411,
by_confidence,0.9137448559670782,0.08625514403292181,0.916030534351145,
by_confidence,0.9135802469135802,0.08641975308641975,0.9161904761904762,
by_confidence,0.9134156378600823,0.0865843621399177,0.9163498098859315,
by_confidence,0.9132510288065844,0.08674897119341564,0.9165085388994307,
by_confidence,0.9130864197530865,0.08691358024691358,0.9166666666666666,
by_confidence,0.9129218106995884,0.08707818930041153,0.9168241965973535,
by_confidence,0.9127572016460905,0.08724279835390947,0.9169811320754717,
by_confidence,0.9125925925925926,0.0874074074074074,0.9171374764595104,
by_confidence,0.9124279835390946,0.08757201646090534,0.9172932330827067,
by_confidence,0.9122633744855967,0.0877366255144033,0.9174484052532833,
by_confidence,0.9120987654320988,0.08790123456790123,0.9176029962546817,
by_confidence,0.9119341563786009,0.08806584362139917,0.9177570093457944,
by_confidence,0.9117695473251028,0.08823045267489713,0.917910447761194,
by_confidence,0.9116049382716049,0.08839506172839506,0.9180633147113594,
by_confidence,0.911440329218107,0.088559670781893,0.9182156133828996,
by_confidence,0.911275720164609,0.08872427983539094,0.9183673469387755,
by_confidence,0.9111111111111111,0.08888888888888889,0.9166666666666666,
by_confidence,0.9109465020576132,0.08905349794238683,0.9168207024029574,
by_confidence,0.9107818930041153,0.08921810699588477,0.9169741697416974,
by_confidence,0.9106172839506173,0.08938271604938272,0.9171270718232044,
by_confidence,0.9104526748971193,0.08954732510288066,0.9172794117647058,
by_confidence,0.9102880658436214,0.0897119341563786,0.9155963302752294,
by_confidence,0.9101234567901234,0.08987654320987655,0.9157509157509157,
by_confidence,0.9099588477366255,0.09004115226337449,0.9159049360146252,
by_confidence,0.9097942386831276,0.09020576131687243,0.916058394160584,
by_confidence,0.9096296296296297,0.09037037037037036,0.9162112932604736,
by_confidence,0.9094650205761317,0.09053497942386832,0.9163636363636364,
by_confidence,0.9093004115226337,0.09069958847736626,0.9165154264972777,
by_confidence,0.9091358024691358,0.0908641975308642,0.9166666666666666,
by_confidence,0.9089711934156378,0.09102880658436215,0.9168173598553345,
by_confidence,0.9088065843621399,0.09119341563786008,0.9169675090252708,
by_confidence,0.908641975308642,0.09135802469135802,0.9171171171171171,
by_confidence,0.9084773662551441,0.09152263374485596,0.9172661870503597,
by_confidence,0.9083127572016461,0.09168724279835391,0.9174147217235189,
by_confidence,0.9081481481481481,0.09185185185185185,0.9157706093189965,
by_confidence,0.9079835390946502,0.09201646090534979,0.9159212880143113,
by_confidence,0.9078189300411522,0.09218106995884774,0.9160714285714285,
by_confidence,0.9076543209876543,0.09234567901234568,0.9162210338680927,
by_confidence,0.9074897119341564,0.09251028806584362,0.9163701067615658,
by_confidence,0.9073251028806585,0.09267489711934157,0.91651865008881,
by_confidence,0.9071604938271605,0.09283950617283951,0.9166666666666666,
by_confidence,0.9069958847736626,0.09300411522633745,0.9168141592920354,
by_confidence,0.9068312757201646,0.09316872427983539,0.9169611307420494,
by_confidence,0.9066666666666666,0.09333333333333334,0.9171075837742504,
by_confidence,0.9065020576131687,0.09349794238683128,0.9172535211267606,
by_confidence,0.9063374485596708,0.09366255144032921,0.9173989455184535,
by_confidence,0.9061728395061729,0.09382716049382717,0.9175438596491228,
by_confidence,0.9060082304526749,0.0939917695473251,0.9176882661996497,
by_confidence,0.905843621399177,0.09415637860082304,0.9178321678321678,
by_confidence,0.905679012345679,0.09432098765432098,0.9179755671902269,
by_confidence,0.905514403292181,0.09448559670781893,0.9181184668989547,
by_confidence,0.9053497942386831,0.09465020576131687,0.9182608695652174,
by_confidence,0.9051851851851852,0.09481481481481481,0.9184027777777778,
by_confidence,0.9050205761316873,0.09497942386831276,0.9185441941074524,
by_confidence,0.9048559670781893,0.0951440329218107,0.9186851211072664,
by_confidence,0.9046913580246914,0.09530864197530864,0.917098445595855,
by_confidence,0.9045267489711935,0.09547325102880659,0.9172413793103448,
by_confidence,0.9043621399176954,0.09563786008230453,0.9173838209982789,
by_confidence,0.9041975308641975,0.09580246913580247,0.9175257731958762,
by_confidence,0.9040329218106996,0.0959670781893004,0.9176672384219554,
by_confidence,0.9038683127572017,0.09613168724279836,0.9178082191780822,
by_confidence,0.9037037037037037,0.0962962962962963,0.9179487179487179,
by_confidence,0.9035390946502058,0.09646090534979423,0.9180887372013652,
by_confidence,0.9033744855967079,0.09662551440329219,0.9182282793867121,
by_confidence,0.9032098765432098,0.09679012345679013,0.9183673469387755,
by_confidence,0.9030452674897119,0.09695473251028806,0.9185059422750425,
by_confidence,0.902880658436214,0.097119341563786,0.9169491525423729,
by_confidence,0.9027160493827161,0.09728395061728395,0.9170896785109983,
by_confidence,0.9025514403292181,0.09744855967078189,0.9172297297297297,
by_confidence,0.9023868312757202,0.09761316872427983,0.9173693086003373,
by_confidence,0.9022222222222223,0.09777777777777778,0.9175084175084175,
by_confidence,0.9020576131687242,0.09794238683127572,0.9176470588235294,
by_confidence,0.9018930041152263,0.09810699588477366,0.9177852348993288,
by_confidence,0.9017283950617284,0.09827160493827161,0.9179229480737019,
by_confidence,0.9015637860082305,0.09843621399176955,0.9180602006688964,
by_confidence,0.9013991769547325,0.09860082304526749,0.9181969949916527,
by_confidence,0.9012345679012346,0.09876543209876543,0.9183333333333333,
by_confidence,0.9010699588477367,0.09893004115226338,0.9184692179700499,
by_confidence,0.9009053497942386,0.09909465020576132,0.9186046511627907,
by_confidence,0.9007407407407407,0.09925925925925926,0.9187396351575456,
by_confidence,0.9005761316872428,0.09942386831275721,0.9188741721854304,
by_confidence,0.9004115226337449,0.09958847736625515,0.9190082644628099,
by_confidence,0.9002469135802469,0.09975308641975308,0.9191419141914191,
by_confidence,0.900082304526749,0.09991769547325102,0.9192751235584844,
by_confidence,0.8999176954732511,0.10008230452674897,0.9194078947368421,
by_confidence,0.899753086419753,0.10024691358024691,0.9195402298850575,
by_confidence,0.8995884773662551,0.10041152263374485,0.919672131147541,
by_confidence,0.8994238683127572,0.1005761316872428,0.9198036006546645,
by_confidence,0.8992592592592593,0.10074074074074074,0.9199346405228758,
by_confidence,0.8990946502057613,0.10090534979423868,0.9200652528548124,
by_confidence,0.8989300411522634,0.10106995884773663,0.9201954397394136,
by_confidence,0.8987654320987655,0.10123456790123457,0.9203252032520325,
by_confidence,0.8986008230452674,0.10139917695473251,0.9204545454545454,
by_confidence,0.8984362139917695,0.10156378600823045,0.9205834683954619,
by_confidence,0.8982716049382716,0.1017283950617284,0.9207119741100324,
by_confidence,0.8981069958847737,0.10189300411522634,0.9208400646203554,
by_confidence,0.8979423868312757,0.10205761316872428,0.9209677419354839,
by_confidence,0.8977777777777778,0.10222222222222223,0.9210950080515298,
by_confidence,0.8976131687242799,0.10238683127572017,0.9212218649517685,
by_confidence,0.8974485596707819,0.1025514403292181,0.9213483146067416,
by_confidence,0.8972839506172839,0.10271604938271604,0.9214743589743589,
by_confidence,0.897119341563786,0.102880658436214,0.9216,
by_confidence,0.896954732510288,0.10304526748971193,0.9217252396166135,
by_confidence,0.8967901234567901,0.10320987654320987,0.9218500797448166,
by_confidence,0.8966255144032922,0.10337448559670782,0.9203821656050956,
by_confidence,0.8964609053497943,0.10353909465020576,0.918918918918919,
by_confidence,0.8962962962962963,0.1037037037037037,0.919047619047619,
by_confidence,0.8961316872427983,0.10386831275720165,0.919175911251981,
by_confidence,0.8959670781893004,0.10403292181069959,0.9193037974683544,
by_confidence,0.8958024691358024,0.10419753086419753,0.919431279620853,
by_confidence,0.8956378600823045,0.10436213991769547,0.919558359621451,
by_confidence,0.8954732510288066,0.10452674897119342,0.9196850393700787,
by_confidence,0.8953086419753087,0.10469135802469136,0.9198113207547169,
by_confidence,0.8951440329218107,0.1048559670781893,0.9199372056514914,
by_confidence,0.8949794238683128,0.10502057613168725,0.9200626959247649,
by_confidence,0.8948148148148148,0.10518518518518519,0.92018779342723,
by_confidence,0.8946502057613168,0.10534979423868313,0.9203125,
by_confidence,0.8944855967078189,0.10551440329218106,0.9188767550702028,
by_confidence,0.894320987654321,0.10567901234567902,0.9174454828660437,
by_confidence,0.8941563786008231,0.10584362139917695,0.9175738724727839,
by_confidence,0.8939917695473251,0.10600823045267489,0.9177018633540373,
by_confidence,0.8938271604938272,0.10617283950617284,0.9178294573643411,
by_confidence,0.8936625514403292,0.10633744855967078,0.9179566563467493,
by_confidence,0.8934979423868312,0.10650205761316872,0.9180834621329211,
by_confidence,0.8933333333333333,0.10666666666666667,0.9182098765432098,
by_confidence,0.8931687242798354,0.10683127572016461,0.9183359013867488,
by_confidence,0.8930041152263375,0.10699588477366255,0.9184615384615384,
by_confidence,0.8928395061728395,0.10716049382716049,0.9185867895545314,
by_confidence,0.8926748971193416,0.10732510288065844,0.9187116564417178,
by_confidence,0.8925102880658436,0.10748971193415638,0.9188361408882083,
by_confidence,0.8923456790123456,0.10765432098765432,0.918960244648318,
by_confidence,0.8921810699588477,0.10781893004115227,0.9190839694656489,
by_confidence,0.8920164609053498,0.10798353909465021,0.9192073170731707,
by_confidence,0.8918518518518519,0.10814814814814815,0.9193302891933028,
by_confidence,0.8916872427983539,0.10831275720164608,0.9194528875379939,
by_confidence,0.891522633744856,0.10847736625514404,0.9195751138088012,
by_confidence,0.891358024691358,0.10864197530864197,0.9196969696969697,
by_confidence,0.89119341563786,0.10880658436213991,0.9198184568835098,
by_confidence,0.8910288065843621,0.10897119341563787,0.9199395770392749,
by_confidence,0.8908641975308642,0.1091358024691358,0.9200603318250377,
by_confidence,0.8906995884773663,0.10930041152263374,0.9201807228915663,
by_confidence,0.8905349794238683,0.1094650205761317,0.9203007518796993,
by_confidence,0.8903703703703704,0.10962962962962963,0.9204204204204204,
by_confidence,0.8902057613168725,0.10979423868312757,0.9205397301349325,
by_confidence,0.8900411522633744,0.10995884773662551,0.9206586826347305,
by_confidence,0.8898765432098765,0.11012345679012346,0.9207772795216741,
by_confidence,0.8897119341563786,0.1102880658436214,0.9208955223880597,
by_confidence,0.8895473251028807,0.11045267489711934,0.9210134128166915,
by_confidence,0.8893827160493827,0.11061728395061729,0.9211309523809523,
by_confidence,0.8892181069958848,0.11078189300411523,0.9212481426448736,
by_confidence,0.8890534979423869,0.11094650205761317,0.9213649851632048,
by_confidence,0.8888888888888888,0.1111111111111111,0.9214814814814815,
by_confidence,0.8887242798353909,0.11127572016460906,0.9215976331360947,
by_confidence,0.888559670781893,0.111440329218107,0.9202363367799113,
by_confidence,0.8883950617283951,0.11160493827160493,0.9203539823008849,
by_confidence,0.8882304526748971,0.11176954732510289,0.9204712812960235,
by_confidence,0.8880658436213992,0.11193415637860082,0.9205882352941176,
by_confidence,0.8879012345679013,0.11209876543209876,0.920704845814978,
by_confidence,0.8877366255144032,0.11226337448559671,0.9208211143695014,
by_confidence,0.8875720164609053,0.11242798353909465,0.9194729136163983,
by_confidence,0.8874074074074074,0.11259259259259259,0.9195906432748538,
by_confidence,0.8872427983539095,0.11275720164609053,0.9197080291970803,
by_confidence,0.8870781893004115,0.11292181069958848,0.9198250728862973,
by_confidence,0.8869135802469136,0.11308641975308642,0.9199417758369723,
by_confidence,0.8867489711934157,0.11325102880658436,0.9200581395348837,
by_confidence,0.8865843621399176,0.11341563786008231,0.9201741654571843,
by_confidence,0.8864197530864197,0.11358024691358025,0.9202898550724637,
by_confidence,0.8862551440329218,0.11374485596707819,0.9204052098408104,
by_confidence,0.8860905349794239,0.11390946502057613,0.9205202312138728,
by_confidence,0.8859259259259259,0.11407407407407408,0.9206349206349206,
by_confidence,0.885761316872428,0.11423868312757202,0.920749279538905,
by_confidence,0.8855967078189301,0.11440329218106995,0.920863309352518,
by_confidence,0.885432098765432,0.1145679012345679,0.9209770114942529,
by_confidence,0.8852674897119341,0.11473251028806584,0.921090387374462,
by_confidence,0.8851028806584362,0.11489711934156378,0.9212034383954155,
by_confidence,0.8849382716049383,0.11506172839506174,0.9213161659513591,
by_confidence,0.8847736625514403,0.11522633744855967,0.9214285714285714,
by_confidence,0.8846090534979424,0.11539094650205761,0.9215406562054208,
by_confidence,0.8844444444444445,0.11555555555555555,0.9216524216524217,
by_confidence,0.8842798353909465,0.1157201646090535,0.9217638691322901,
by_confidence,0.8841152263374485,0.11588477366255144,0.921875,
by_confidence,0.8839506172839506,0.11604938271604938,0.9219858156028369,
by_confidence,0.8837860082304527,0.11621399176954733,0.9220963172804533,
by_confidence,0.8836213991769547,0.11637860082304527,0.9222065063649222,
by_confidence,0.8834567901234568,0.11654320987654321,0.922316384180791,
by_confidence,0.8832921810699589,0.11670781893004115,0.922425952045134,
by_confidence,0.8831275720164609,0.1168724279835391,0.9225352112676056,
by_confidence,0.882962962962963,0.11703703703703704,0.9226441631504922,
by_confidence,0.882798353909465,0.11720164609053497,0.922752808988764,
by_confidence,0.8826337448559671,0.11736625514403293,0.9228611500701263,
by_confidence,0.8824691358024691,0.11753086419753087,0.9229691876750701,
by_confidence,0.8823045267489712,0.1176954732510288,0.9230769230769231,
by_confidence,0.8821399176954733,0.11786008230452674,0.9231843575418994,
by_confidence,0.8819753086419753,0.1180246913580247,0.9232914923291492,
by_confidence,0.8818106995884774,0.11818930041152263,0.9233983286908078,
by_confidence,0.8816460905349794,0.11835390946502057,0.9235048678720446,
by_confidence,0.8814814814814815,0.11851851851851852,0.9236111111111112,
by_confidence,0.8813168724279835,0.11868312757201646,0.9237170596393898,
by_confidence,0.8811522633744856,0.1188477366255144,0.9238227146814404,
by_confidence,0.8809876543209877,0.11901234567901235,0.9239280774550485,
by_confidence,0.8808230452674897,0.11917695473251029,0.9240331491712708,
by_confidence,0.8806584362139918,0.11934156378600823,0.9241379310344827,
by_confidence,0.8804938271604938,0.11950617283950617,0.9242424242424242,
by_confidence,0.8803292181069959,0.11967078189300412,0.9243466299862448,
by_confidence,0.8801646090534979,0.11983539094650206,0.9244505494505495,
by_confidence,0.88,0.12,0.9245541838134431,
by_confidence,0.8798353909465021,0.12016460905349795,0.9246575342465754,
by_confidence,0.8796707818930041,0.12032921810699589,0.9247606019151847,
by_confidence,0.8795061728395062,0.12049382716049382,0.924863387978142,
by_confidence,0.8793415637860083,0.12065843621399176,0.9249658935879945,
by_confidence,0.8791769547325103,0.12082304526748971,0.9250681198910081,
by_confidence,0.8790123456790123,0.12098765432098765,0.9251700680272109,
by_confidence,0.8788477366255144,0.12115226337448559,0.9239130434782609,
by_confidence,0.8786831275720165,0.12131687242798354,0.9240162822252375,
by_confidence,0.8785185185185185,0.12148148148148148,0.924119241192412,
by_confidence,0.8783539094650206,0.12164609053497942,0.9242219215155616,
by_confidence,0.8781893004115227,0.12181069958847737,0.9243243243243243,
by_confidence,0.8780246913580247,0.12197530864197531,0.9244264507422402,
by_confidence,0.8778600823045267,0.12213991769547325,0.9245283018867925,
by_confidence,0.8776954732510288,0.12230452674897119,0.9246298788694481,
by_confidence,0.8775308641975309,0.12246913580246914,0.9247311827956989,
by_confidence,0.8773662551440329,0.12263374485596708,0.9248322147651007,
by_confidence,0.877201646090535,0.12279835390946502,0.9249329758713136,
by_confidence,0.8770370370370371,0.12296296296296297,0.9250334672021419,
by_confidence,0.8768724279835391,0.1231275720164609,0.9237967914438503,
by_confidence,0.8767078189300411,0.12329218106995884,0.9238985313751669,
by_confidence,0.8765432098765432,0.12345679012345678,0.924,
by_confidence,0.8763786008230453,0.12362139917695474,0.9241011984021305,
by_confidence,0.8762139917695473,0.12378600823045267,0.9242021276595744,
by_confidence,0.8760493827160494,0.12395061728395061,0.9243027888446215,
by_confidence,0.8758847736625515,0.12411522633744856,0.9244031830238727,
by_confidence,0.8757201646090536,0.1242798353909465,0.9245033112582781,
by_confidence,0.8755555555555555,0.12444444444444444,0.9246031746031746,
by_confidence,0.8753909465020576,0.12460905349794239,0.9247027741083224,
by_confidence,0.8752263374485597,0.12477366255144033,0.924802110817942,
by_confidence,0.8750617283950617,0.12493827160493827,0.924901185770751,
by_confidence,0.8748971193415638,0.12510288065843622,0.925,
by_confidence,0.8747325102880659,0.12526748971193416,0.9250985545335085,
by_confidence,0.8745679012345678,0.1254320987654321,0.9251968503937008,
by_confidence,0.8744032921810699,0.12559670781893004,0.9252948885976409,
by_confidence,0.874238683127572,0.12576131687242798,0.925392670157068,
by_confidence,0.8740740740740741,0.1259259259259259,0.9254901960784314,
by_confidence,0.8739094650205761,0.12609053497942388,0.9255874673629243,
by_confidence,0.8737448559670782,0.12625514403292182,0.9256844850065189,
by_confidence,0.8735802469135803,0.12641975308641976,0.92578125,
by_confidence,0.8734156378600823,0.1265843621399177,0.9258777633289987,
by_confidence,0.8732510288065843,0.12674897119341563,0.925974025974026,
by_confidence,0.8730864197530864,0.12691358024691357,0.9260700389105059,
by_confidence,0.8729218106995885,0.1270781893004115,0.9261658031088082,
by_confidence,0.8727572016460905,0.12724279835390948,0.926261319534282,
by_confidence,0.8725925925925926,0.1274074074074074,0.9263565891472868,
by_confidence,0.8724279835390947,0.12757201646090535,0.9264516129032258,
by_confidence,0.8722633744855967,0.1277366255144033,0.9265463917525774,
by_confidence,0.8720987654320987,0.12790123456790123,0.9266409266409267,
by_confidence,0.8719341563786008,0.12806584362139917,0.9267352185089974,
by_confidence,0.8717695473251029,0.12823045267489713,0.926829268292683,
by_confidence,0.8716049382716049,0.12839506172839507,0.926923076923077,
by_confidence,0.871440329218107,0.128559670781893,0.9270166453265045,
by_confidence,0.8712757201646091,0.12872427983539095,0.9271099744245525,
by_confidence,0.8711111111111111,0.1288888888888889,0.9272030651340997,
by_confidence,0.8709465020576131,0.12905349794238682,0.9272959183673469,
by_confidence,0.8707818930041152,0.12921810699588476,0.9261146496815287,
by_confidence,0.8706172839506173,0.12938271604938273,0.9249363867684478,
by_confidence,0.8704526748971193,0.12954732510288067,0.9250317662007624,
by_confidence,0.8702880658436214,0.1297119341563786,0.9251269035532995,
by_confidence,0.8701234567901235,0.12987654320987654,0.9252217997465145,
by_confidence,0.8699588477366255,0.13004115226337448,0.9253164556962026,
by_confidence,0.8697942386831276,0.13020576131687242,0.9254108723135271,
by_confidence,0.8696296296296296,0.13037037037037036,0.9255050505050505,
by_confidence,0.8694650205761317,0.13053497942386832,0.9255989911727617,
by_confidence,0.8693004115226337,0.13069958847736626,0.9256926952141058,
by_confidence,0.8691358024691358,0.1308641975308642,0.9257861635220126,
by_confidence,0.8689711934156379,0.13102880658436214,0.9246231155778895,
by_confidence,0.8688065843621399,0.13119341563786008,0.9247176913425345,
by_confidence,0.868641975308642,0.13135802469135802,0.924812030075188,
by_confidence,0.868477366255144,0.13152263374485595,0.9249061326658323,
by_confidence,0.8683127572016461,0.13168724279835392,0.925,
by_confidence,0.8681481481481481,0.13185185185185186,0.9250936329588015,
by_confidence,0.8679835390946502,0.1320164609053498,0.9251870324189526,
by_confidence,0.8678189300411523,0.13218106995884774,0.9240348692403487,
by_confidence,0.8676543209876543,0.13234567901234567,0.9241293532338308,
by_confidence,0.8674897119341564,0.1325102880658436,0.924223602484472,
by_confidence,0.8673251028806584,0.13267489711934155,0.924317617866005,
by_confidence,0.8671604938271605,0.13283950617283952,0.9244114002478315,
by_confidence,0.8669958847736625,0.13300411522633745,0.9232673267326733,
by_confidence,0.8668312757201646,0.1331687242798354,0.92336217552534,
by_confidence,0.8666666666666667,0.13333333333333333,0.9234567901234568,
by_confidence,0.8665020576131687,0.13349794238683127,0.9235511713933415,
by_confidence,0.8663374485596708,0.1336625514403292,0.9236453201970444,
by_confidence,0.8661728395061729,0.13382716049382717,0.923739237392374,
by_confidence,0.8660082304526749,0.1339917695473251,0.9238329238329238,
by_confidence,0.8658436213991769,0.13415637860082305,0.9239263803680982,
by_confidence,0.865679012345679,0.134320987654321,0.9240196078431373,
by_confidence,0.8655144032921811,0.13448559670781893,0.9241126070991432,
by_confidence,0.8653497942386831,0.13465020576131687,0.9242053789731052,
by_confidence,0.8651851851851852,0.1348148148148148,0.9242979242979243,
by_confidence,0.8650205761316873,0.13497942386831277,0.9243902439024391,
by_confidence,0.8648559670781893,0.1351440329218107,0.9244823386114495,
by_confidence,0.8646913580246913,0.13530864197530865,0.9245742092457421,
by_confidence,0.8645267489711934,0.13547325102880658,0.9246658566221142,
by_confidence,0.8643621399176955,0.13563786008230452,0.9247572815533981,
by_confidence,0.8641975308641975,0.13580246913580246,0.9248484848484848,
by_confidence,0.8640329218106996,0.1359670781893004,0.9249394673123487,
by_confidence,0.8638683127572017,0.13613168724279837,0.9250302297460702,
by_confidence,0.8637037037037038,0.1362962962962963,0.9251207729468599,
by_confidence,0.8635390946502057,0.13646090534979424,0.9252110977080821,
by_confidence,0.8633744855967078,0.13662551440329218,0.9253012048192771,
by_confidence,0.8632098765432099,0.13679012345679012,0.9253910950661853,
by_confidence,0.8630452674897119,0.13695473251028806,0.9254807692307693,
by_confidence,0.862880658436214,0.137119341563786,0.9255702280912365,
by_confidence,0.8627160493827161,0.13728395061728396,0.9256594724220624,
by_confidence,0.8625514403292182,0.1374485596707819,0.925748502994012,
by_confidence,0.8623868312757201,0.13761316872427984,0.9258373205741627,
by_confidence,0.8622222222222222,0.13777777777777778,0.9259259259259259,
by_confidence,0.8620576131687243,0.13794238683127572,0.9260143198090692,
by_confidence,0.8618930041152263,0.13810699588477365,0.9261025029797377,
by_confidence,0.8617283950617284,0.1382716049382716,0.9261904761904762,
by_confidence,0.8615637860082305,0.13843621399176956,0.9262782401902497,
by_confidence,0.8613991769547326,0.1386008230452675,0.9263657957244655,
by_confidence,0.8612345679012345,0.13876543209876543,0.9264531435349941,
by_confidence,0.8610699588477366,0.13893004115226337,0.9265402843601895,
by_confidence,0.8609053497942387,0.1390946502057613,0.9266272189349113,
by_confidence,0.8607407407407407,0.13925925925925925,0.9267139479905437,
by_confidence,0.8605761316872428,0.13942386831275722,0.9268004722550177,
by_confidence,0.8604115226337449,0.13958847736625515,0.9268867924528302,
by_confidence,0.860246913580247,0.1397530864197531,0.9269729093050648,
by_confidence,0.8600823045267489,0.13991769547325103,0.9270588235294117,
by_confidence,0.859917695473251,0.14008230452674897,0.927144535840188,
by_confidence,0.8597530864197531,0.1402469135802469,0.9272300469483568,
by_confidence,0.8595884773662551,0.14041152263374485,0.9273153575615475,
by_confidence,0.8594238683127572,0.1405761316872428,0.927400468384075,
by_confidence,0.8592592592592593,0.14074074074074075,0.927485380116959,
by_confidence,0.8590946502057614,0.1409053497942387,0.927570093457944,
by_confidence,0.8589300411522633,0.14106995884773663,0.9276546091015169,
by_confidence,0.8587654320987654,0.14123456790123456,0.9277389277389277,
by_confidence,0.8586008230452675,0.1413991769547325,0.9278230500582072,
by_confidence,0.8584362139917695,0.14156378600823044,0.9279069767441861,
by_confidence,0.8582716049382716,0.1417283950617284,0.9279907084785134,
by_confidence,0.8581069958847737,0.14189300411522635,0.9280742459396751,
by_confidence,0.8579423868312758,0.14205761316872428,0.9281575898030128,
by_confidence,0.8577777777777778,0.14222222222222222,0.9282407407407407,
by_confidence,0.8576131687242798,0.14238683127572016,0.9283236994219654,
by_confidence,0.8574485596707819,0.1425514403292181,0.9284064665127021,
by_confidence,0.8572839506172839,0.14271604938271604,0.9284890426758939,
by_confidence,0.857119341563786,0.142880658436214,0.9285714285714286,
by_confidence,0.8569547325102881,0.14304526748971194,0.9286536248561565,
by_confidence,0.8567901234567902,0.14320987654320988,0.9287356321839081,
by_confidence,0.8566255144032922,0.14337448559670782,0.928817451205511,
by_confidence,0.8564609053497942,0.14353909465020576,0.9288990825688074,
by_confidence,0.8562962962962963,0.1437037037037037,0.9289805269186713,
by_confidence,0.8561316872427983,0.14386831275720163,0.9279176201372997,
by_confidence,0.8559670781893004,0.1440329218106996,0.928,
by_confidence,0.8558024691358025,0.14419753086419754,0.928082191780822,
by_confidence,0.8556378600823046,0.14436213991769548,0.928164196123147,
by_confidence,0.8554732510288066,0.14452674897119341,0.928246013667426,
by_confidence,0.8553086419753086,0.14469135802469135,0.9283276450511946,
by_confidence,0.8551440329218107,0.1448559670781893,0.928409090909091,
by_confidence,0.8549794238683127,0.14502057613168726,0.9284903518728718,
by_confidence,0.8548148148148148,0.1451851851851852,0.9285714285714286,
by_confidence,0.8546502057613169,0.14534979423868313,0.928652321630804,
by_confidence,0.854485596707819,0.14551440329218107,0.9287330316742082,
by_confidence,0.854320987654321,0.145679012345679,0.927683615819209,
by_confidence,0.854156378600823,0.14584362139917695,0.927765237020316,
by_confidence,0.8539917695473251,0.1460082304526749,0.9278466741826381,
by_confidence,0.8538271604938271,0.14617283950617285,0.9279279279279279,
by_confidence,0.8536625514403292,0.1463374485596708,0.9280089988751407,
by_confidence,0.8534979423868313,0.14650205761316873,0.9280898876404494,
by_confidence,0.8533333333333334,0.14666666666666667,0.9281705948372615,
by_confidence,0.8531687242798354,0.1468312757201646,0.9282511210762332,
by_confidence,0.8530041152263375,0.14699588477366254,0.9283314669652856,
by_confidence,0.8528395061728395,0.14716049382716048,0.9284116331096197,
by_confidence,0.8526748971193415,0.14732510288065845,0.9284916201117318,
by_confidence,0.8525102880658436,0.1474897119341564,0.9285714285714286,
by_confidence,0.8523456790123457,0.14765432098765433,0.9286510590858417,
by_confidence,0.8521810699588477,0.14781893004115226,0.9287305122494433,
by_confidence,0.8520164609053498,0.1479835390946502,0.92880978865406,
by_confidence,0.8518518518518519,0.14814814814814814,0.9288888888888889,
by_confidence,0.851687242798354,0.14831275720164608,0.9289678135405105,
by_confidence,0.8515226337448559,0.14847736625514404,0.9290465631929047,
by_confidence,0.851358024691358,0.14864197530864198,0.929125138427464,
by_confidence,0.8511934156378601,0.14880658436213992,0.9292035398230089,
by_confidence,0.8510288065843621,0.14897119341563786,0.9292817679558011,
by_confidence,0.8508641975308642,0.1491358024691358,0.9293598233995585,
by_confidence,0.8506995884773663,0.14930041152263374,0.9294377067254685,
by_confidence,0.8505349794238684,0.14946502057613167,0.9295154185022027,
by_confidence,0.8503703703703703,0.14962962962962964,0.9295929592959296,
by_confidence,0.8502057613168724,0.14979423868312758,0.9296703296703297,
by_confidence,0.8500411522633745,0.14995884773662552,0.9297475301866082,
by_confidence,0.8498765432098765,0.15012345679012346,0.9298245614035088,
by_confidence,0.8497119341563786,0.1502880658436214,0.9299014238773274,
by_confidence,0.8495473251028807,0.15045267489711933,0.9299781181619255,
by_confidence,0.8493827160493828,0.1506172839506173,0.9300546448087431,
by_confidence,0.8492181069958847,0.15078189300411524,0.9301310043668122,
by_confidence,0.8490534979423868,0.15094650205761317,0.9302071973827699,
by_confidence,0.8488888888888889,0.1511111111111111,0.9302832244008714,
by_confidence,0.8487242798353909,0.15127572016460905,0.9303590859630033,
by_confidence,0.848559670781893,0.151440329218107,0.9304347826086956,
by_confidence,0.8483950617283951,0.15160493827160493,0.9305103148751357,
by_confidence,0.8482304526748972,0.1517695473251029,0.93058568329718,
by_confidence,0.8480658436213991,0.15193415637860083,0.9306608884073673,
by_confidence,0.8479012345679012,0.15209876543209877,0.9307359307359307,
by_confidence,0.8477366255144033,0.1522633744855967,0.9308108108108109,
by_confidence,0.8475720164609053,0.15242798353909465,0.9308855291576674,
by_confidence,0.8474074074074074,0.15259259259259259,0.9309600862998921,
by_confidence,0.8472427983539095,0.15275720164609052,0.9310344827586207,
by_confidence,0.8470781893004116,0.1529218106995885,0.9311087190527448,
by_confidence,0.8469135802469135,0.15308641975308643,0.9311827956989247,
by_confidence,0.8467489711934156,0.15325102880658437,0.9312567132116004,
by_confidence,0.8465843621399177,0.1534156378600823,0.9313304721030042,
by_confidence,0.8464197530864197,0.15358024691358024,0.9314040728831725,
by_confidence,0.8462551440329218,0.15374485596707818,0.9314775160599572,
by_confidence,0.8460905349794239,0.15390946502057612,0.9315508021390374,
by_confidence,0.845925925925926,0.15407407407407409,0.9316239316239316,
by_confidence,0.845761316872428,0.15423868312757202,0.9316969050160085,
by_confidence,0.84559670781893,0.15440329218106996,0.9317697228144989,
by_confidence,0.8454320987654321,0.1545679012345679,0.9318423855165069,
by_confidence,0.8452674897119341,0.15473251028806584,0.9319148936170213,
by_confidence,0.8451028806584362,0.15489711934156378,0.9319872476089267,
by_confidence,0.8449382716049383,0.15506172839506172,0.9320594479830149,
by_confidence,0.8447736625514404,0.15522633744855968,0.9321314952279958,
by_confidence,0.8446090534979424,0.15539094650205762,0.9322033898305084,
by_confidence,0.8444444444444444,0.15555555555555556,0.9322751322751323,
by_confidence,0.8442798353909465,0.1557201646090535,0.9323467230443975,
by_confidence,0.8441152263374485,0.15588477366255143,0.9324181626187962,
by_confidence,0.8439506172839506,0.15604938271604937,0.9324894514767933,
by_confidence,0.8437860082304527,0.1562139917695473,0.9325605900948367,
by_confidence,0.8436213991769548,0.15637860082304528,0.9326315789473684,
by_confidence,0.8434567901234568,0.15654320987654322,0.9327024185068349,
by_confidence,0.8432921810699588,0.15670781893004115,0.9327731092436975,
by_confidence,0.8431275720164609,0.1568724279835391,0.9328436516264428,
by_confidence,0.8429629629629629,0.15703703703703703,0.9329140461215933,
by_confidence,0.842798353909465,0.15720164609053497,0.9329842931937172,
by_confidence,0.8426337448559671,0.15736625514403293,0.9330543933054394,
by_confidence,0.8424691358024692,0.15753086419753087,0.9331243469174504,
by_confidence,0.8423045267489712,0.1576954732510288,0.9331941544885177,
by_confidence,0.8421399176954733,0.15786008230452675,0.9332638164754953,
by_confidence,0.8419753086419753,0.1580246913580247,0.9333333333333333,
by_confidence,0.8418106995884773,0.15818930041152263,0.9323621227887617,
by_confidence,0.8416460905349794,0.15835390946502056,0.9324324324324325,
by_confidence,0.8414814814814815,0.15851851851851853,0.9314641744548287,
by_confidence,0.8413168724279836,0.15868312757201647,0.9315352697095436,
by_confidence,0.8411522633744856,0.1588477366255144,0.9316062176165804,
by_confidence,0.8409876543209877,0.15901234567901235,0.9316770186335404,
by_confidence,0.8408230452674897,0.15917695473251028,0.9317476732161324,
by_confidence,0.8406584362139917,0.15934156378600822,0.9318181818181818,
by_confidence,0.8404938271604938,0.15950617283950616,0.9318885448916409,
by_confidence,0.8403292181069959,0.15967078189300413,0.931958762886598,
by_confidence,0.840164609053498,0.15983539094650207,0.9320288362512873,
by_confidence,0.84,0.16,0.9320987654320988,
by_confidence,0.8398353909465021,0.16016460905349794,0.9321685508735869,
by_confidence,0.8396707818930041,0.16032921810699588,0.9322381930184805,
by_confidence,0.8395061728395061,0.16049382716049382,0.9323076923076923,
by_confidence,0.8393415637860082,0.16065843621399176,0.9323770491803278,
by_confidence,0.8391769547325103,0.16082304526748972,0.932446264073695,
by_confidence,0.8390123456790124,0.16098765432098766,0.9325153374233128,
by_confidence,0.8388477366255144,0.1611522633744856,0.9325842696629213,
by_confidence,0.8386831275720165,0.16131687242798354,0.9316326530612244,
by_confidence,0.8385185185185186,0.16148148148148148,0.9317023445463812,
by_confidence,0.8383539094650205,0.16164609053497941,0.9317718940936863,
by_confidence,0.8381893004115226,0.16181069958847735,0.9318413021363174,
by_confidence,0.8380246913580247,0.16197530864197532,0.931910569105691,
by_confidence,0.8378600823045268,0.16213991769547326,0.9319796954314721,
by_confidence,0.8376954732510288,0.1623045267489712,0.9320486815415822,
by_confidence,0.8375308641975309,0.16246913580246913,0.9321175278622087,
by_confidence,0.837366255144033,0.16263374485596707,0.9321862348178138,
by_confidence,0.8372016460905349,0.162798353909465,0.9322548028311426,
by_confidence,0.837037037037037,0.16296296296296298,0.9323232323232323,
by_confidence,0.8368724279835391,0.16312757201646091,0.9323915237134208,
by_confidence,0.8367078189300412,0.16329218106995885,0.9324596774193549,
by_confidence,0.8365432098765432,0.1634567901234568,0.932527693856999,
by_confidence,0.8363786008230453,0.16362139917695473,0.9325955734406438,
by_confidence,0.8362139917695474,0.16378600823045267,0.9326633165829146,
by_confidence,0.8360493827160493,0.1639506172839506,0.9327309236947792,
by_confidence,0.8358847736625514,0.16411522633744857,0.9327983951855566,
by_confidence,0.8357201646090535,0.1642798353909465,0.9328657314629258,
by_confidence,0.8355555555555556,0.16444444444444445,0.9329329329329329,
by_confidence,0.8353909465020576,0.1646090534979424,0.933,
by_confidence,0.8352263374485597,0.16477366255144033,0.9330669330669331,
by_confidence,0.8350617283950618,0.16493827160493826,0.9331337325349301,
by_confidence,0.8348971193415637,0.1651028806584362,0.9332003988035892,
by_confidence,0.8347325102880658,0.16526748971193417,0.9332669322709163,
by_confidence,0.8345679012345679,0.1654320987654321,0.9333333333333333,
by_confidence,0.83440329218107,0.16559670781893004,0.9333996023856859,
by_confidence,0.834238683127572,0.16576131687242798,0.9334657398212513,
by_confidence,0.8340740740740741,0.16592592592592592,0.933531746031746,
by_confidence,0.8339094650205762,0.16609053497942386,0.933597621407334,
by_confidence,0.8337448559670781,0.1662551440329218,0.9336633663366337,
by_confidence,0.8335802469135802,0.16641975308641976,0.933728981206726,
by_confidence,0.8334156378600823,0.1665843621399177,0.9337944664031621,
by_confidence,0.8332510288065844,0.16674897119341564,0.9338598223099703,
by_confidence,0.8330864197530864,0.16691358024691358,0.9329388560157791,
by_confidence,0.8329218106995885,0.16707818930041152,0.9330049261083744,
by_confidence,0.8327572016460906,0.16724279835390946,0.9330708661417323,
by_confidence,0.8325925925925926,0.1674074074074074,0.9331366764995084,
by_confidence,0.8324279835390946,0.16757201646090536,0.9332023575638507,
by_confidence,0.8322633744855967,0.1677366255144033,0.9322865554465162,
by_confidence,0.8320987654320988,0.16790123456790124,0.9323529411764706,
by_confidence,0.8319341563786008,0.16806584362139917,0.9324191968658179,
by_confidence,0.8317695473251029,0.1682304526748971,0.9324853228962818,
by_confidence,0.831604938271605,0.16839506172839505,0.9325513196480938,
by_confidence,0.831440329218107,0.16855967078189302,0.9326171875,
by_confidence,0.831275720164609,0.16872427983539096,0.9326829268292683,
by_confidence,0.8311111111111111,0.1688888888888889,0.9327485380116959,
by_confidence,0.8309465020576132,0.16905349794238683,0.9328140214216164,
by_confidence,0.8307818930041152,0.16921810699588477,0.9328793774319066,
by_confidence,0.8306172839506173,0.1693827160493827,0.9329446064139941,
by_confidence,0.8304526748971194,0.16954732510288065,0.933009708737864,
by_confidence,0.8302880658436214,0.1697119341563786,0.933074684772066,
by_confidence,0.8301234567901234,0.16987654320987655,0.9331395348837209,
by_confidence,0.8299588477366255,0.1700411522633745,0.9332042594385286,
by_confidence,0.8297942386831276,0.17020576131687243,0.9332688588007737,
by_confidence,0.8296296296296296,0.17037037037037037,0.9333333333333333,
by_confidence,0.8294650205761317,0.1705349794238683,0.9333976833976834,
by_confidence,0.8293004115226338,0.17069958847736624,0.9334619093539055,
by_confidence,0.8291358024691358,0.1708641975308642,0.9335260115606936,
by_confidence,0.8289711934156379,0.17102880658436215,0.933589990375361,
by_confidence,0.8288065843621399,0.17119341563786009,0.9336538461538462,
by_confidence,0.8286419753086419,0.17135802469135802,0.9337175792507204,
by_confidence,0.828477366255144,0.17152263374485596,0.9328214971209213,
by_confidence,0.8283127572016461,0.1716872427983539,0.9328859060402684,
by_confidence,0.8281481481481482,0.17185185185185184,0.9329501915708812,
by_confidence,0.8279835390946502,0.1720164609053498,0.9330143540669856,
by_confidence,0.8278189300411523,0.17218106995884774,0.9321223709369025,
by_confidence,0.8276543209876543,0.17234567901234568,0.9321872015281757,
by_confidence,0.8274897119341563,0.17251028806584362,0.9322519083969466,
by_confidence,0.8273251028806584,0.17267489711934156,0.9323164918970448,
by_confidence,0.8271604938271605,0.1728395061728395,0.9323809523809524,
by_confidence,0.8269958847736626,0.17300411522633743,0.9324452901998097,
by_confidence,0.8268312757201646,0.1731687242798354,0.9325095057034221,
by_confidence,0.8266666666666667,0.17333333333333334,0.932573599240266,
by_confidence,0.8265020576131688,0.17349794238683128,0.9326375711574952,
by_confidence,0.8263374485596707,0.17366255144032922,0.9317535545023696,
by_confidence,0.8261728395061728,0.17382716049382715,0.9318181818181818,
by_confidence,0.8260082304526749,0.1739917695473251,0.9318826868495743,
by_confidence,0.825843621399177,0.17415637860082306,0.9310018903591682,
by_confidence,0.825679012345679,0.174320987654321,0.931067044381492,
by_confidence,0.8255144032921811,0.17448559670781894,0.9311320754716981,
by_confidence,0.8253497942386832,0.17465020576131687,0.9311969839773798,
by_confidence,0.8251851851851851,0.1748148148148148,0.931261770244821,
by_confidence,0.8250205761316872,0.17497942386831275,0.9313264346190028,
by_confidence,0.8248559670781893,0.1751440329218107,0.931390977443609,
by_confidence,0.8246913580246914,0.17530864197530865,0.9314553990610329,
by_confidence,0.8245267489711934,0.1754732510288066,0.9315196998123827,
by_confidence,0.8243621399176955,0.17563786008230453,0.9315838800374883,
by_confidence,0.8241975308641976,0.17580246913580247,0.9316479400749064,
by_confidence,0.8240329218106995,0.1759670781893004,0.9317118802619271,
by_confidence,0.8238683127572016,0.17613168724279835,0.9317757009345794,
by_confidence,0.8237037037037037,0.17629629629629628,0.9318394024276377,
by_confidence,0.8235390946502058,0.17646090534979425,0.9319029850746269,
by_confidence,0.8233744855967078,0.1766255144032922,0.9319664492078286,
by_confidence,0.8232098765432099,0.17679012345679013,0.9320297951582868,
by_confidence,0.823045267489712,0.17695473251028807,0.9311627906976744,
by_confidence,0.8228806584362139,0.177119341563786,0.9312267657992565,
by_confidence,0.822716049382716,0.17728395061728394,0.9312906220984215,
by_confidence,0.8225514403292181,0.17744855967078188,0.9313543599257885,
by_confidence,0.8223868312757202,0.17761316872427985,0.9314179796107507,
by_confidence,0.8222222222222222,0.17777777777777778,0.9314814814814815,
by_confidence,0.8220576131687243,0.17794238683127572,0.9315448658649399,
by_confidence,0.8218930041152264,0.17810699588477366,0.9316081330868762,
by_confidence,0.8217283950617283,0.1782716049382716,0.9316712834718375,
by_confidence,0.8215637860082304,0.17843621399176954,0.9317343173431735,
by_confidence,0.8213991769547325,0.17860082304526748,0.9317972350230415,
by_confidence,0.8212345679012346,0.17876543209876544,0.9318600368324125,
by_confidence,0.8210699588477366,0.17893004115226338,0.9319227230910764,
by_confidence,0.8209053497942387,0.17909465020576132,0.9319852941176471,
by_confidence,0.8207407407407408,0.17925925925925926,0.9320477502295684,
by_confidence,0.8205761316872427,0.1794238683127572,0.9321100917431193,
by_confidence,0.8204115226337448,0.17958847736625513,0.9321723189734189,
by_confidence,0.8202469135802469,0.1797530864197531,0.9322344322344323,
by_confidence,0.820082304526749,0.17991769547325104,0.9322964318389753,
by_confidence,0.819917695473251,0.18008230452674898,0.9323583180987203,
by_confidence,0.8197530864197531,0.18024691358024691,0.9324200913242009,
by_confidence,0.8195884773662552,0.18041152263374485,0.9324817518248175,
by_confidence,0.8194238683127572,0.1805761316872428,0.9325432999088423,
by_confidence,0.8192592592592592,0.18074074074074073,0.9326047358834244,
by_confidence,0.8190946502057613,0.1809053497942387,0.9317561419472248,
by_confidence,0.8189300411522634,0.18106995884773663,0.9318181818181818,
by_confidence,0.8187654320987654,0.18123456790123457,0.9318801089918256,
by_confidence,0.8186008230452675,0.1813991769547325,0.9319419237749547,
by_confidence,0.8184362139917696,0.18156378600823045,0.9320036264732547,
by_confidence,0.8182716049382716,0.1817283950617284,0.9311594202898551,
by_confidence,0.8181069958847736,0.18189300411522633,0.9312217194570136,
by_confidence,0.8179423868312757,0.1820576131687243,0.9312839059674503,
by_confidence,0.8177777777777778,0.18222222222222223,0.931345980126468,
by_confidence,0.8176131687242798,0.18238683127572017,0.9314079422382672,
by_confidence,0.8174485596707819,0.1825514403292181,0.9314697926059513,
by_confidence,0.817283950617284,0.18271604938271604,0.9315315315315316,
by_confidence,0.817119341563786,0.18288065843621398,0.9315931593159316,
by_confidence,0.816954732510288,0.18304526748971192,0.9316546762589928,
by_confidence,0.8167901234567901,0.1832098765432099,0.9308176100628931,
by_confidence,0.8166255144032922,0.18337448559670783,0.9308797127468582,
by_confidence,0.8164609053497942,0.18353909465020576,0.9309417040358744,
by_confidence,0.8162962962962963,0.1837037037037037,0.9310035842293907,
by_confidence,0.8161316872427984,0.18386831275720164,0.9310653536257834,
by_confidence,0.8159670781893004,0.18403292181069958,0.9311270125223614,
by_confidence,0.8158024691358025,0.18419753086419752,0.9311885612153709,
by_confidence,0.8156378600823045,0.18436213991769548,0.93125,
by_confidence,0.8154732510288066,0.18452674897119342,0.9313113291703836,
by_confidence,0.8153086419753086,0.18469135802469136,0.9313725490196079,
by_confidence,0.8151440329218107,0.1848559670781893,0.931433659839715,
by_confidence,0.8149794238683128,0.18502057613168724,0.9306049822064056,
by_confidence,0.8148148148148148,0.18518518518518517,0.9306666666666666,
by_confidence,0.8146502057613169,0.18534979423868314,0.9307282415630551,
by_confidence,0.814485596707819,0.18551440329218108,0.9307897071872228,
by_confidence,0.814320987654321,0.18567901234567902,0.9308510638297872,
by_confidence,0.814156378600823,0.18584362139917696,0.9309123117803366,
by_confidence,0.8139917695473251,0.1860082304526749,0.9309734513274336,
by_confidence,0.8138271604938272,0.18617283950617283,0.9310344827586207,
by_confidence,0.8136625514403292,0.18633744855967077,0.9302120141342756,
by_confidence,0.8134979423868313,0.18650205761316874,0.9302736098852604,
by_confidence,0.8133333333333334,0.18666666666666668,0.9303350970017636,
by_confidence,0.8131687242798354,0.1868312757201646,0.9295154185022027,
by_confidence,0.8130041152263374,0.18699588477366255,0.9295774647887324,
by_confidence,0.8128395061728395,0.1871604938271605,0.9296394019349165,
by_confidence,0.8126748971193416,0.18732510288065843,0.929701230228471,
by_confidence,0.8125102880658436,0.18748971193415637,0.9297629499561019,
by_confidence,0.8123456790123457,0.18765432098765433,0.9298245614035088,
by_confidence,0.8121810699588478,0.18781893004115227,0.9290096406660824,
by_confidence,0.8120164609053498,0.1879835390946502,0.9290718038528897,
by_confidence,0.8118518518518518,0.18814814814814815,0.9291338582677166,
by_confidence,0.8116872427983539,0.18831275720164609,0.9291958041958042,
by_confidence,0.811522633744856,0.18847736625514402,0.9292576419213974,
by_confidence,0.811358024691358,0.18864197530864196,0.9284467713787086,
by_confidence,0.8111934156378601,0.18880658436213993,0.9285091543156059,
by_confidence,0.8110288065843622,0.18897119341563787,0.9285714285714286,
by_confidence,0.8108641975308643,0.1891358024691358,0.9286335944299391,
by_confidence,0.8106995884773662,0.18930041152263374,0.9278260869565217,
by_confidence,0.8105349794238683,0.18946502057613168,0.9278887923544744,
by_confidence,0.8103703703703704,0.18962962962962962,0.9279513888888888,
by_confidence,0.8102057613168724,0.18979423868312756,0.9280138768430182,
by_confidence,0.8100411522633745,0.18995884773662552,0.9280762564991335,
by_confidence,0.8098765432098766,0.19012345679012346,0.9281385281385282,
by_confidence,0.8097119341563787,0.1902880658436214,0.9282006920415224,
by_confidence,0.8095473251028806,0.19045267489711934,0.9282627484874676,
by_confidence,0.8093827160493827,0.19061728395061728,0.927461139896373,
by_confidence,0.8092181069958848,0.19078189300411522,0.9275237273511648,
by_confidence,0.8090534979423868,0.19094650205761318,0.9275862068965517,
by_confidence,0.8088888888888889,0.19111111111111112,0.9267872523686477,
by_confidence,0.808724279835391,0.19127572016460906,0.9268502581755593,
by_confidence,0.8085596707818931,0.191440329218107,0.9269131556319863,
by_confidence,0.808395061728395,0.19160493827160494,0.9269759450171822,
by_confidence,0.8082304526748971,0.19176954732510287,0.927038626609442,
by_confidence,0.8080658436213992,0.1919341563786008,0.9271012006861064,
by_confidence,0.8079012345679012,0.19209876543209878,0.9271636675235647,
by_confidence,0.8077366255144033,0.19226337448559672,0.9272260273972602,
by_confidence,0.8075720164609054,0.19242798353909465,0.9272882805816938,
by_confidence,0.8074074074074075,0.1925925925925926,0.9273504273504274,
by_confidence,0.8072427983539094,0.19275720164609053,0.9274124679760888,
by_confidence,0.8070781893004115,0.19292181069958847,0.9266211604095563,
by_confidence,0.8069135802469136,0.1930864197530864,0.9266837169650469,
by_confidence,0.8067489711934156,0.19325102880658437,0.9267461669505963,
by_confidence,0.8065843621399177,0.1934156378600823,0.9268085106382978,
by_confidence,0.8064197530864198,0.19358024691358025,0.9268707482993197,
by_confidence,0.8062551440329218,0.1937448559670782,0.9269328802039083,
by_confidence,0.8060905349794238,0.19390946502057613,0.9269949066213922,
by_confidence,0.8059259259259259,0.19407407407407407,0.9270568278201866,
by_confidence,0.805761316872428,0.194238683127572,0.9271186440677966,
by_confidence,0.80559670781893,0.19440329218106997,0.9271803556308214,
by_confidence,0.8054320987654321,0.1945679012345679,0.9272419627749577,
by_confidence,0.8052674897119342,0.19473251028806585,0.9273034657650042,
by_confidence,0.8051028806584362,0.19489711934156378,0.9273648648648649,
by_confidence,0.8049382716049382,0.19506172839506172,0.9274261603375528,
by_confidence,0.8047736625514403,0.19522633744855966,0.927487352445194,
by_confidence,0.8046090534979424,0.1953909465020576,0.9275484414490311,
by_confidence,0.8044444444444444,0.19555555555555557,0.9276094276094277,
by_confidence,0.8042798353909465,0.1957201646090535,0.9276703111858705,
by_confidence,0.8041152263374486,0.19588477366255144,0.9277310924369748,
by_confidence,0.8039506172839506,0.19604938271604938,0.927791771620487,
by_confidence,0.8037860082304527,0.19621399176954732,0.9278523489932886,
by_confidence,0.8036213991769547,0.19637860082304526,0.9279128248113998,
by_confidence,0.8034567901234568,0.19654320987654322,0.9279731993299832,
by_confidence,0.8032921810699588,0.19670781893004116,0.9280334728033472,
by_confidence,0.8031275720164609,0.1968724279835391,0.9280936454849499,
by_confidence,0.802962962962963,0.19703703703703704,0.9281537176274018,
by_confidence,0.802798353909465,0.19720164609053498,0.9282136894824707,
by_confidence,0.8026337448559671,0.19736625514403291,0.9282735613010842,
by_confidence,0.8024691358024691,0.19753086419753085,0.9283333333333333,
by_confidence,0.8023045267489712,0.19769547325102882,0.9283930058284763,
by_confidence,0.8021399176954732,0.19786008230452676,0.9284525790349417,
by_confidence,0.8019753086419753,0.1980246913580247,0.9285120532003325,
by_confidence,0.8018106995884774,0.19818930041152263,0.9285714285714286,
by_confidence,0.8016460905349794,0.19835390946502057,0.9286307053941909,
by_confidence,0.8014814814814815,0.1985185185185185,0.9286898839137645,
by_confidence,0.8013168724279836,0.19868312757201645,0.9287489643744822,
by_confidence,0.8011522633744856,0.19884773662551442,0.9279801324503312,
by_confidence,0.8009876543209876,0.19901234567901235,0.9280397022332506,
by_confidence,0.8008230452674897,0.1991769547325103,0.928099173553719,
by_confidence,0.8006584362139918,0.19934156378600823,0.9281585466556564,
by_confidence,0.8004938271604938,0.19950617283950617,0.9282178217821783,
by_confidence,0.8003292181069959,0.1996707818930041,0.9282769991755977,
by_confidence,0.800164609053498,0.19983539094650205,0.92833607907743,
by_confidence,0.8,0.2,0.928395061728395,
by_confidence,0.799835390946502,0.20016460905349795,0.928453947368421,
by_confidence,0.7996707818930041,0.2003292181069959,0.9285127362366475,
by_confidence,0.7995061728395062,0.20049382716049383,0.9285714285714286,
by_confidence,0.7993415637860082,0.20065843621399176,0.9278096800656276,
by_confidence,0.7991769547325103,0.2008230452674897,0.9278688524590164,
by_confidence,0.7990123456790124,0.20098765432098764,0.9271089271089271,
by_confidence,0.7988477366255144,0.2011522633744856,0.9271685761047463,
by_confidence,0.7986831275720164,0.20131687242798355,0.9272281275551921,
by_confidence,0.7985185185185185,0.20148148148148148,0.9272875816993464,
by_confidence,0.7983539094650206,0.20164609053497942,0.9273469387755102,
by_confidence,0.7981893004115226,0.20181069958847736,0.9274061990212071,
by_confidence,0.7980246913580247,0.2019753086419753,0.9274653626731867,
by_confidence,0.7978600823045268,0.20213991769547326,0.9275244299674267,
by_confidence,0.7976954732510289,0.2023045267489712,0.9275834011391375,
by_confidence,0.7975308641975308,0.20246913580246914,0.9276422764227642,
by_confidence,0.7973662551440329,0.20263374485596708,0.9277010560519903,
by_confidence,0.797201646090535,0.20279835390946502,0.9277597402597403,
by_confidence,0.797037037037037,0.20296296296296296,0.9278183292781833,
by_confidence,0.7968724279835391,0.2031275720164609,0.9278768233387358,
by_confidence,0.7967078189300412,0.20329218106995886,0.9279352226720647,
by_confidence,0.7965432098765433,0.2034567901234568,0.9279935275080906,
by_confidence,0.7963786008230452,0.20362139917695474,0.9280517380759903,
by_confidence,0.7962139917695473,0.20378600823045268,0.9281098546042004,
by_confidence,0.7960493827160494,0.2039506172839506,0.9281678773204197,
by_confidence,0.7958847736625514,0.20411522633744855,0.9282258064516129,
by_confidence,0.7957201646090535,0.2042798353909465,0.927477840451249,
by_confidence,0.7955555555555556,0.20444444444444446,0.927536231884058,
by_confidence,0.7953909465020577,0.2046090534979424,0.9275945293644409,
by_confidence,0.7952263374485596,0.20477366255144033,0.927652733118971,
by_confidence,0.7950617283950617,0.20493827160493827,0.9269076305220884,
by_confidence,0.7948971193415638,0.2051028806584362,0.9269662921348315,
by_confidence,0.7947325102880658,0.20526748971193415,0.9270248596631917,
by_confidence,0.7945679012345679,0.2054320987654321,0.9270833333333334,
by_confidence,0.79440329218107,0.20559670781893005,0.9271417133706965,
by_confidence,0.7942386831275721,0.205761316872428,0.9272,
by_confidence,0.794074074074074,0.20592592592592593,0.9272581934452439,
by_confidence,0.7939094650205761,0.20609053497942387,0.9273162939297125,
by_confidence,0.7937448559670782,0.2062551440329218,0.9273743016759777,
by_confidence,0.7935802469135802,0.20641975308641974,0.9274322169059012,
by_confidence,0.7934156378600823,0.20658436213991768,0.9274900398406375,
by_confidence,0.7932510288065844,0.20674897119341565,0.927547770700637,
by_confidence,0.7930864197530865,0.2069135802469136,0.9276054097056484,
by_confidence,0.7929218106995884,0.20707818930041152,0.9276629570747218,
by_confidence,0.7927572016460905,0.20724279835390946,0.9277204130262113,
by_confidence,0.7925925925925926,0.2074074074074074,0.9277777777777778,
by_confidence,0.7924279835390946,0.20757201646090534,0.9278350515463918,
by_confidence,0.7922633744855967,0.2077366255144033,0.927892234548336,
by_confidence,0.7920987654320988,0.20790123456790124,0.9279493269992082,
by_confidence,0.7919341563786009,0.20806584362139918,0.928006329113924,
by_confidence,0.7917695473251029,0.20823045267489712,0.9280632411067193,
by_confidence,0.7916049382716049,0.20839506172839506,0.9281200631911533,
by_confidence,0.791440329218107,0.208559670781893,0.9281767955801105,
by_confidence,0.791275720164609,0.20872427983539094,0.9282334384858044,
by_confidence,0.7911111111111111,0.2088888888888889,0.9282899921197794,
by_confidence,0.7909465020576132,0.20905349794238684,0.9283464566929134,
by_confidence,0.7907818930041153,0.20921810699588478,0.9284028324154209,
by_confidence,0.7906172839506173,0.20938271604938272,0.9284591194968553,
by_confidence,0.7904526748971193,0.20954732510288065,0.9285153181461115,
by_confidence,0.7902880658436214,0.2097119341563786,0.9285714285714286,
by_confidence,0.7901234567901234,0.20987654320987653,0.9286274509803921,
by_confidence,0.7899588477366255,0.2100411522633745,0.9286833855799373,
by_confidence,0.7897942386831276,0.21020576131687244,0.9287392325763508,
by_confidence,0.7896296296296297,0.21037037037037037,0.9287949921752738,
by_confidence,0.7894650205761317,0.2105349794238683,0.9288506645817045,
by_confidence,0.7893004115226337,0.21069958847736625,0.92890625,
by_confidence,0.7891358024691358,0.2108641975308642,0.9289617486338798,
by_confidence,0.7889711934156378,0.21102880658436213,0.9290171606864275,
by_confidence,0.7888065843621399,0.2111934156378601,0.9290724863600935,
by_confidence,0.788641975308642,0.21135802469135803,0.9291277258566978,
by_confidence,0.7884773662551441,0.21152263374485597,0.9291828793774319,
by_confidence,0.7883127572016461,0.2116872427983539,0.9292379471228616,
by_confidence,0.7881481481481482,0.21185185185185185,0.9292929292929293,
by_confidence,0.7879835390946502,0.21201646090534979,0.9293478260869565,
by_confidence,0.7878189300411522,0.21218106995884772,0.9294026377036463,
by_confidence,0.7876543209876543,0.2123456790123457,0.9294573643410853,
by_confidence,0.7874897119341564,0.21251028806584363,0.9295120061967467,
by_confidence,0.7873251028806585,0.21267489711934157,0.9295665634674922,
by_confidence,0.7871604938271605,0.2128395061728395,0.9296210363495746,
by_confidence,0.7869958847736626,0.21300411522633744,0.9296754250386399,
by_confidence,0.7868312757201646,0.21316872427983538,0.9297297297297298,
by_confidence,0.7866666666666666,0.21333333333333335,0.9297839506172839,
by_confidence,0.7865020576131687,0.21349794238683129,0.9298380878951427,
by_confidence,0.7863374485596708,0.21366255144032922,0.9298921417565486,
by_confidence,0.7861728395061729,0.21382716049382716,0.9299461123941494,
by_confidence,0.7860082304526749,0.2139917695473251,0.93,
by_confidence,0.785843621399177,0.21415637860082304,0.930053804765565,
by_confidence,0.785679012345679,0.21432098765432098,0.9301075268817204,
by_confidence,0.785514403292181,0.21448559670781894,0.9301611665387567,
by_confidence,0.7853497942386831,0.21465020576131688,0.9294478527607362,
by_confidence,0.7851851851851852,0.21481481481481482,0.9295019157088122,
by_confidence,0.7850205761316873,0.21497942386831276,0.9295558958652373,
by_confidence,0.7848559670781893,0.2151440329218107,0.9296097934200459,
by_confidence,0.7846913580246914,0.21530864197530863,0.9296636085626911,
by_confidence,0.7845267489711935,0.21547325102880657,0.9297173414820473,
by_confidence,0.7843621399176954,0.21563786008230454,0.9297709923664123,
by_confidence,0.7841975308641975,0.21580246913580248,0.9298245614035088,
by_confidence,0.7840329218106996,0.21596707818930042,0.9298780487804879,
by_confidence,0.7838683127572016,0.21613168724279835,0.9299314546839299,
by_confidence,0.7837037037037037,0.2162962962962963,0.9299847792998478,
by_confidence,0.7835390946502058,0.21646090534979423,0.9300380228136882,
by_confidence,0.7833744855967079,0.21662551440329217,0.9300911854103343,
by_confidence,0.7832098765432098,0.21679012345679013,0.9301442672741078,
by_confidence,0.7830452674897119,0.21695473251028807,0.9301972685887708,
by_confidence,0.782880658436214,0.217119341563786,0.9302501895375285,
by_confidence,0.782716049382716,0.21728395061728395,0.9303030303030303,
by_confidence,0.7825514403292181,0.2174485596707819,0.9303557910673732,
by_confidence,0.7823868312757202,0.21761316872427983,0.9304084720121029,
by_confidence,0.7822222222222223,0.21777777777777776,0.9297052154195011,
by_confidence,0.7820576131687242,0.21794238683127573,0.9297583081570997,
by_confidence,0.7818930041152263,0.21810699588477367,0.929811320754717,
by_confidence,0.7817283950617284,0.2182716049382716,0.9298642533936652,
by_confidence,0.7815637860082304,0.21843621399176955,0.9299171062547099,
by_confidence,0.7813991769547325,0.21860082304526748,0.9299698795180723,
by_confidence,0.7812345679012346,0.21876543209876542,0.9300225733634312,
by_confidence,0.7810699588477367,0.2189300411522634,0.9300751879699248,
by_confidence,0.7809053497942386,0.21909465020576133,0.9293764087152517,
by_confidence,0.7807407407407407,0.21925925925925926,0.9294294294294294,
by_confidence,0.7805761316872428,0.2194238683127572,0.9294823705926482,
by_confidence,0.7804115226337448,0.21958847736625514,0.9295352323838081,
by_confidence,0.7802469135802469,0.21975308641975308,0.9295880149812734,
by_confidence,0.780082304526749,0.21991769547325102,0.9296407185628742,
by_confidence,0.7799176954732511,0.22008230452674898,0.9296933433059088,
by_confidence,0.779753086419753,0.22024691358024692,0.929745889387145,
by_confidence,0.7795884773662551,0.22041152263374486,0.9290515309932785,
by_confidence,0.7794238683127572,0.2205761316872428,0.9283582089552239,
by_confidence,0.7792592592592592,0.22074074074074074,0.9284116331096197,
by_confidence,0.7790946502057613,0.22090534979423868,0.9284649776453056,
by_confidence,0.7789300411522634,0.22106995884773661,0.9285182427401341,
by_confidence,0.7787654320987655,0.22123456790123458,0.9285714285714286,
by_confidence,0.7786008230452675,0.22139917695473252,0.9286245353159851,
by_confidence,0.7784362139917695,0.22156378600823046,0.9286775631500743,
by_confidence,0.7782716049382716,0.2217283950617284,0.9287305122494433,
by_confidence,0.7781069958847736,0.22189300411522633,0.9287833827893175,
by_confidence,0.7779423868312757,0.22205761316872427,0.9288361749444033,
by_confidence,0.7777777777777778,0.2222222222222222,0.9288888888888889,
by_confidence,0.7776131687242799,0.22238683127572018,0.9289415247964471,
by_confidence,0.7774485596707819,0.22255144032921811,0.9289940828402367,
by_confidence,0.777283950617284,0.22271604938271605,0.9290465631929047,
by_confidence,0.777119341563786,0.222880658436214,0.9290989660265879,
by_confidence,0.776954732510288,0.22304526748971193,0.9284132841328413,
by_confidence,0.7767901234567901,0.22320987654320987,0.9284660766961652,
by_confidence,0.7766255144032922,0.2233744855967078,0.9285187914517318,
by_confidence,0.7764609053497943,0.22353909465020577,0.9285714285714286,
by_confidence,0.7762962962962963,0.2237037037037037,0.9286239882266373,
by_confidence,0.7761316872427984,0.22386831275720165,0.9286764705882353,
by_confidence,0.7759670781893004,0.2240329218106996,0.9287288758265981,
by_confidence,0.7758024691358024,0.22419753086419753,0.9287812041116006,
by_confidence,0.7756378600823045,0.22436213991769546,0.9288334556126192,
by_confidence,0.7754732510288066,0.22452674897119343,0.9288856304985337,
by_confidence,0.7753086419753087,0.22469135802469137,0.928937728937729,
by_confidence,0.7751440329218107,0.2248559670781893,0.9289897510980967,
by_confidence,0.7749794238683128,0.22502057613168724,0.9290416971470373,
by_confidence,0.7748148148148148,0.22518518518518518,0.929093567251462,
by_confidence,0.7746502057613168,0.22534979423868312,0.929145361577794,
by_confidence,0.7744855967078189,0.22551440329218106,0.9291970802919708,
by_confidence,0.774320987654321,0.22567901234567903,0.9292487235594457,
by_confidence,0.7741563786008231,0.22584362139917696,0.9285714285714286,
by_confidence,0.7739917695473251,0.2260082304526749,0.9286234522942461,
by_confidence,0.7738271604938272,0.22617283950617284,0.9286754002911208,
by_confidence,0.7736625514403292,0.22633744855967078,0.9287272727272727,
by_confidence,0.7734979423868312,0.22650205761316872,0.9287790697674418,
by_confidence,0.7733333333333333,0.22666666666666666,0.9288307915758897,
by_confidence,0.7731687242798354,0.22683127572016462,0.9288824383164006,
by_confidence,0.7730041152263375,0.22699588477366256,0.9289340101522843,
by_confidence,0.7728395061728395,0.2271604938271605,0.9289855072463769,
by_confidence,0.7726748971193416,0.22732510288065844,0.9290369297610427,
by_confidence,0.7725102880658437,0.22748971193415637,0.9290882778581766,
by_confidence,0.7723456790123456,0.2276543209876543,0.9291395516992046,
by_confidence,0.7721810699588477,0.22781893004115225,0.9291907514450867,
by_confidence,0.7720164609053498,0.22798353909465022,0.9292418772563177,
by_confidence,0.7718518518518519,0.22814814814814816,0.9292929292929293,
by_confidence,0.7716872427983539,0.2283127572016461,0.9293439077144917,
by_confidence,0.771522633744856,0.22847736625514403,0.9293948126801153,
by_confidence,0.7713580246913581,0.22864197530864197,0.9294456443484521,
by_confidence,0.77119341563786,0.2288065843621399,0.9294964028776979,
by_confidence,0.7710288065843621,0.22897119341563785,0.9295470884255931,
by_confidence,0.7708641975308642,0.2291358024691358,0.9295977011494253,
by_confidence,0.7706995884773663,0.22930041152263375,0.9296482412060302,
by_confidence,0.7705349794238683,0.2294650205761317,0.9296987087517934,
by_confidence,0.7703703703703704,0.22962962962962963,0.9290322580645162,
by_confidence,0.7702057613168725,0.22979423868312757,0.9290830945558739,
by_confidence,0.7700411522633744,0.2299588477366255,0.9291338582677166,
by_confidence,0.7698765432098765,0.23012345679012347,0.9291845493562232,
by_confidence,0.7697119341563786,0.2302880658436214,0.9292351679771265,
by_confidence,0.7695473251028807,0.23045267489711935,0.9292857142857143,
by_confidence,0.7693827160493827,0.23061728395061729,0.9293361884368309,
by_confidence,0.7692181069958848,0.23078189300411522,0.9293865905848787,
by_confidence,0.7690534979423869,0.23094650205761316,0.9294369208838203,
by_confidence,0.7688888888888888,0.2311111111111111,0.9294871794871795,
by_confidence,0.7687242798353909,0.23127572016460907,0.9295373665480428,
by_confidence,0.768559670781893,0.231440329218107,0.9295874822190612,
by_confidence,0.7683950617283951,0.23160493827160494,0.929637526652452,
by_confidence,0.7682304526748971,0.23176954732510288,0.9296875,
by_confidence,0.7680658436213992,0.23193415637860082,0.9297374024130589,
by_confidence,0.7679012345679013,0.23209876543209876,0.9290780141843972,
by_confidence,0.7677366255144032,0.2322633744855967,0.9291282778171509,
by_confidence,0.7675720164609053,0.23242798353909466,0.9291784702549575,
by_confidence,0.7674074074074074,0.2325925925925926,0.9292285916489739,
by_confidence,0.7672427983539095,0.23275720164609054,0.9292786421499293,
by_confidence,0.7670781893004115,0.23292181069958848,0.9293286219081273,
by_confidence,0.7669135802469136,0.23308641975308642,0.9293785310734464,
by_confidence,0.7667489711934157,0.23325102880658435,0.9294283697953423,
by_confidence,0.7665843621399177,0.2334156378600823,0.9287729196050776,
by_confidence,0.7664197530864197,0.23358024691358026,0.9288231148696265,
by_confidence,0.7662551440329218,0.2337448559670782,0.928169014084507,
by_confidence,0.7660905349794239,0.23390946502057613,0.928219563687544,
by_confidence,0.7659259259259259,0.23407407407407407,0.9282700421940928,
by_confidence,0.765761316872428,0.234238683127572,0.9283204497540407,
by_confidence,0.7655967078189301,0.23440329218106995,0.9283707865168539,
by_confidence,0.7654320987654321,0.2345679012345679,0.9284210526315789,
by_confidence,0.7652674897119341,0.23473251028806585,0.9284712482468443,
by_confidence,0.7651028806584362,0.2348971193415638,0.928521373510862,
by_confidence,0.7649382716049383,0.23506172839506173,0.9285714285714286,
by_confidence,0.7647736625514403,0.23522633744855967,0.9286214135759272,
by_confidence,0.7646090534979424,0.2353909465020576,0.9286713286713286,
by_confidence,0.7644444444444445,0.23555555555555555,0.9287211740041929,
by_confidence,0.7642798353909465,0.23572016460905348,0.9287709497206704,
by_confidence,0.7641152263374485,0.23588477366255145,0.9288206559665039,
by_confidence,0.7639506172839506,0.2360493827160494,0.9288702928870293,
by_confidence,0.7637860082304527,0.23621399176954733,0.9289198606271777,
by_confidence,0.7636213991769547,0.23637860082304527,0.9289693593314763,
by_confidence,0.7634567901234568,0.2365432098765432,0.9290187891440501,
by_confidence,0.7632921810699589,0.23670781893004114,0.9290681502086231,
by_confidence,0.7631275720164609,0.2368724279835391,0.9284225156358582,
by_confidence,0.762962962962963,0.23703703703703705,0.9277777777777778,
by_confidence,0.762798353909465,0.23720164609053498,0.9278278972935462,
by_confidence,0.7626337448559671,0.23736625514403292,0.9278779472954231,
by_confidence,0.7624691358024691,0.23753086419753086,0.9279279279279279,
by_confidence,0.7623045267489712,0.2376954732510288,0.9279778393351801,
by_confidence,0.7621399176954733,0.23786008230452674,0.9280276816608997,
by_confidence,0.7619753086419753,0.2380246913580247,0.9280774550484094,
by_confidence,0.7618106995884774,0.23818930041152264,0.9281271596406357,
by_confidence,0.7616460905349794,0.23835390946502058,0.9281767955801105,
by_confidence,0.7614814814814815,0.23851851851851852,0.9282263630089717,
by_confidence,0.7613168724279835,0.23868312757201646,0.9282758620689655,
by_confidence,0.7611522633744856,0.2388477366255144,0.9283252929014473,
by_confidence,0.7609876543209877,0.23901234567901233,0.928374655647383,
by_confidence,0.7608230452674897,0.2391769547325103,0.9284239504473503,
by_confidence,0.7606584362139918,0.23934156378600824,0.9284731774415406,
by_confidence,0.7604938271604939,0.23950617283950618,0.9285223367697595,
by_confidence,0.7603292181069958,0.23967078189300411,0.9285714285714286,
by_confidence,0.7601646090534979,0.23983539094650205,0.9286204529855868,
by_confidence,0.76,0.24,0.9286694101508917,
by_confidence,0.7598353909465021,0.24016460905349793,0.9287183002056203,
by_confidence,0.7596707818930041,0.2403292181069959,0.9287671232876712,
by_confidence,0.7595061728395062,0.24049382716049383,0.9288158795345653,
by_confidence,0.7593415637860083,0.24065843621399177,0.9288645690834473,
by_confidence,0.7591769547325102,0.2408230452674897,0.9289131920710868,
by_confidence,0.7590123456790123,0.24098765432098765,0.9289617486338798,
by_confidence,0.7588477366255144,0.2411522633744856,0.9290102389078498,
by_confidence,0.7586831275720165,0.24131687242798353,0.9290586630286494,
by_confidence,0.7585185185185185,0.2414814814814815,0.929107021131561,
by_confidence,0.7583539094650206,0.24164609053497943,0.9291553133514986,
by_confidence,0.7581893004115227,0.24181069958847737,0.9292035398230089,
by_confidence,0.7580246913580246,0.2419753086419753,0.9292517006802721,
by_confidence,0.7578600823045267,0.24213991769547324,0.929299796057104,
by_confidence,0.7576954732510288,0.24230452674897118,0.9293478260869565,
by_confidence,0.7575308641975309,0.24246913580246915,0.9293957909029192,
by_confidence,0.7573662551440329,0.2426337448559671,0.9294436906377205,
by_confidence,0.757201646090535,0.24279835390946503,0.9294915254237288,
by_confidence,0.7570370370370371,0.24296296296296296,0.9295392953929539,
by_confidence,0.756872427983539,0.2431275720164609,0.929587000677048,
by_confidence,0.7567078189300411,0.24329218106995884,0.9296346414073072,
by_confidence,0.7565432098765432,0.24345679012345678,0.9290060851926978,
by_confidence,0.7563786008230453,0.24362139917695474,0.9283783783783783,
by_confidence,0.7562139917695473,0.24378600823045268,0.9284267386900743,
by_confidence,0.7560493827160494,0.24395061728395062,0.9284750337381916,
by_confidence,0.7558847736625515,0.24411522633744856,0.9285232636547539,
by_confidence,0.7557201646090534,0.2442798353909465,0.9285714285714286,
by_confidence,0.7555555555555555,0.24444444444444444,0.9286195286195286,
by_confidence,0.7553909465020576,0.24460905349794237,0.9286675639300135,
by_confidence,0.7552263374485597,0.24477366255144034,0.9287155346334902,
by_confidence,0.7550617283950617,0.24493827160493828,0.928763440860215,
by_confidence,0.7548971193415638,0.24510288065843622,0.9288112827400941,
by_confidence,0.7547325102880659,0.24526748971193416,0.9288590604026845,
by_confidence,0.7545679012345679,0.2454320987654321,0.9289067739771966,
by_confidence,0.7544032921810699,0.24559670781893003,0.9289544235924933,
by_confidence,0.754238683127572,0.24576131687242797,0.9290020093770931,
by_confidence,0.7540740740740741,0.24592592592592594,0.92904953145917,
by_confidence,0.7539094650205761,0.24609053497942388,0.9290969899665552,
by_confidence,0.7537448559670782,0.2462551440329218,0.929144385026738,
by_confidence,0.7535802469135803,0.24641975308641975,0.9291917167668671,
by_confidence,0.7534156378600823,0.2465843621399177,0.9292389853137517,
by_confidence,0.7532510288065843,0.24674897119341563,0.9292861907938625,
by_confidence,0.7530864197530864,0.24691358024691357,0.9293333333333333,
by_confidence,0.7529218106995885,0.24707818930041153,0.9293804130579614,
by_confidence,0.7527572016460905,0.24724279835390947,0.929427430093209,
by_confidence,0.7525925925925926,0.2474074074074074,0.929474384564205,
by_confidence,0.7524279835390947,0.24757201646090535,0.9295212765957447,
by_confidence,0.7522633744855967,0.24773662551440329,0.9295681063122924,
by_confidence,0.7520987654320987,0.24790123456790122,0.9289508632138114,
by_confidence,0.7519341563786008,0.2480658436213992,0.9289980092899801,
by_confidence,0.7517695473251029,0.24823045267489713,0.9290450928381963,
by_confidence,0.7516049382716049,0.24839506172839507,0.92909211398277,
by_confidence,0.751440329218107,0.248559670781893,0.928476821192053,
by_confidence,0.7512757201646091,0.24872427983539094,0.928524156187955,
by_confidence,0.7511111111111111,0.24888888888888888,0.9285714285714286,
by_confidence,0.7509465020576132,0.24905349794238682,0.9286186384666226,
by_confidence,0.7507818930041152,0.24921810699588479,0.9286657859973579,
by_confidence,0.7506172839506173,0.24938271604938272,0.9287128712871288,
by_confidence,0.7504526748971193,0.24954732510288066,0.9287598944591029,
by_confidence,0.7502880658436214,0.2497119341563786,0.928806855636124,
by_confidence,0.7501234567901235,0.24987654320987654,0.9288537549407114,
by_confidence,0.7499588477366255,0.2500411522633745,0.9289005924950625,
by_confidence,0.7497942386831276,0.25020576131687244,0.9289473684210526,
by_confidence,0.7496296296296296,0.25037037037037035,0.9289940828402367,
by_confidence,0.7494650205761317,0.2505349794238683,0.9290407358738502,
by_confidence,0.7493004115226337,0.25069958847736623,0.9284307288246881,
by_confidence,0.7491358024691358,0.2508641975308642,0.928477690288714,
by_confidence,0.7489711934156379,0.25102880658436216,0.9285245901639344,
by_confidence,0.7488065843621399,0.2511934156378601,0.9285714285714286,
by_confidence,0.748641975308642,0.25135802469135804,0.9286182056319581,
by_confidence,0.748477366255144,0.25152263374485595,0.9286649214659686,
by_confidence,0.7483127572016461,0.2516872427983539,0.9287115761935906,
by_confidence,0.7481481481481481,0.2518518518518518,0.9287581699346406,
by_confidence,0.7479835390946502,0.2520164609053498,0.9288047028086218,
by_confidence,0.7478189300411523,0.25218106995884776,0.9288511749347258,
by_confidence,0.7476543209876543,0.25234567901234567,0.928897586431833,
by_confidence,0.7474897119341564,0.25251028806584364,0.9282920469361148,
by_confidence,0.7473251028806585,0.25267489711934155,0.9283387622149837,
by_confidence,0.7471604938271605,0.2528395061728395,0.9283854166666666,
by_confidence,0.7469958847736625,0.2530041152263374,0.9284320104098894,
by_confidence,0.7468312757201646,0.2531687242798354,0.9284785435630689,
by_confidence,0.7466666666666667,0.25333333333333335,0.9285250162443145,
by_confidence,0.7465020576131687,0.25349794238683127,0.9285714285714286,
by_confidence,0.7463374485596708,0.25366255144032923,0.9286177806619078,
by_confidence,0.7461728395061729,0.25382716049382714,0.9286640726329443,
by_confidence,0.746008230452675,0.2539917695473251,0.9287103046014258,
by_confidence,0.7458436213991769,0.254156378600823,0.9287564766839378,
by_confidence,0.745679012345679,0.254320987654321,0.9288025889967637,
by_confidence,0.7455144032921811,0.25448559670781895,0.9282018111254852,
by_confidence,0.7453497942386831,0.25465020576131686,0.9282482223658695,
by_confidence,0.7451851851851852,0.2548148148148148,0.9282945736434108,
by_confidence,0.7450205761316873,0.25497942386831274,0.9283408650742414,
by_confidence,0.7448559670781894,0.2551440329218107,0.9283870967741935,
by_confidence,0.7446913580246913,0.2553086419753086,0.9284332688588007,
by_confidence,0.7445267489711934,0.2554732510288066,0.928479381443299,
by_confidence,0.7443621399176955,0.25563786008230455,0.9285254346426272,
by_confidence,0.7441975308641975,0.25580246913580246,0.9279279279279279,
by_confidence,0.7440329218106996,0.2559670781893004,0.9279742765273312,
by_confidence,0.7438683127572017,0.25613168724279833,0.9273778920308483,
by_confidence,0.7437037037037038,0.2562962962962963,0.9274245343609505,
by_confidence,0.7435390946502057,0.25646090534979427,0.9274711168164314,
by_confidence,0.7433744855967078,0.2566255144032922,0.927517639512508,
by_confidence,0.7432098765432099,0.25679012345679014,0.9275641025641026,
by_confidence,0.7430452674897119,0.25695473251028805,0.9276105060858424,
by_confidence,0.742880658436214,0.257119341563786,0.9276568501920615,
by_confidence,0.7427160493827161,0.25728395061728393,0.927703134996801,
by_confidence,0.7425514403292182,0.2574485596707819,0.9277493606138107,
by_confidence,0.7423868312757201,0.25761316872427986,0.9277955271565496,
by_confidence,0.7422222222222222,0.2577777777777778,0.9278416347381865,
by_confidence,0.7420576131687243,0.25794238683127574,0.9278876834716018,
by_confidence,0.7418930041152263,0.25810699588477365,0.9279336734693877,
by_confidence,0.7417283950617284,0.2582716049382716,0.9273422562141491,
by_confidence,0.7415637860082305,0.2584362139917695,0.9273885350318471,
by_confidence,0.7413991769547326,0.2586008230452675,0.9274347549331636,
by_confidence,0.7412345679012345,0.25876543209876546,0.9274809160305344,
by_confidence,0.7410699588477366,0.25893004115226337,0.9275270184361093,
by_confidence,0.7409053497942387,0.25909465020576133,0.9275730622617535,
by_confidence,0.7407407407407407,0.25925925925925924,0.9276190476190476,
by_confidence,0.7405761316872428,0.2594238683127572,0.9276649746192893,
by_confidence,0.7404115226337449,0.2595884773662551,0.927710843373494,
by_confidence,0.740246913580247,0.2597530864197531,0.9277566539923955,
by_confidence,0.740082304526749,0.25991769547325105,0.9278024065864471,
by_confidence,0.739917695473251,0.26008230452674896,0.9278481012658227,
by_confidence,0.7397530864197531,0.26024691358024693,0.9278937381404174,
by_confidence,0.7395884773662551,0.26041152263374484,0.9279393173198482,
by_confidence,0.7394238683127572,0.2605761316872428,0.9279848389134555,
by_confidence,0.7392592592592593,0.2607407407407407,0.928030303030303,
by_confidence,0.7390946502057614,0.2609053497942387,0.9280757097791799,
by_confidence,0.7389300411522634,0.26106995884773665,0.9281210592686002,
by_confidence,0.7387654320987654,0.26123456790123456,0.9281663516068053,
by_confidence,0.7386008230452675,0.2613991769547325,0.9282115869017632,
by_confidence,0.7384362139917695,0.26156378600823044,0.9282567652611705,
by_confidence,0.7382716049382716,0.2617283950617284,0.9283018867924528,
by_confidence,0.7381069958847737,0.2618930041152263,0.9283469516027656,
by_confidence,0.7379423868312757,0.2620576131687243,0.928391959798995,
by_confidence,0.7377777777777778,0.26222222222222225,0.928436911487759,
by_confidence,0.7376131687242798,0.26238683127572016,0.9284818067754078,
by_confidence,0.7374485596707819,0.2625514403292181,0.9285266457680251,
by_confidence,0.7372839506172839,0.26271604938271603,0.9285714285714286,
by_confidence,0.737119341563786,0.262880658436214,0.9279899812147777,
by_confidence,0.7369547325102881,0.2630452674897119,0.928035043804756,
by_confidence,0.7367901234567901,0.2632098765432099,0.9280800500312696,
by_confidence,0.7366255144032922,0.26337448559670784,0.928125,
by_confidence,0.7364609053497942,0.26353909465020575,0.9281698938163647,
by_confidence,0.7362962962962963,0.2637037037037037,0.9275905118601748,
by_confidence,0.7361316872427983,0.26386831275720163,0.9276356830941984,
by_confidence,0.7359670781893004,0.2640329218106996,0.9276807980049875,
by_confidence,0.7358024691358025,0.2641975308641975,0.9277258566978193,
by_confidence,0.7356378600823045,0.26436213991769547,0.9277708592777086,
by_confidence,0.7354732510288066,0.26452674897119344,0.9278158058494088,
by_confidence,0.7353086419753087,0.26469135802469135,0.9272388059701493,
by_confidence,0.7351440329218107,0.2648559670781893,0.9266625233064015,
by_confidence,0.7349794238683127,0.2650205761316872,0.9267080745341615,
by_confidence,0.7348148148148148,0.2651851851851852,0.9267535692116697,
by_confidence,0.7346502057613169,0.2653497942386831,0.9267990074441688,
by_confidence,0.7344855967078189,0.26551440329218107,0.9268443893366398,
by_confidence,0.734320987654321,0.26567901234567903,0.9268897149938042,
by_confidence,0.7341563786008231,0.26584362139917694,0.9263157894736842,
by_confidence,0.7339917695473251,0.2660082304526749,0.9263613861386139,
by_confidence,0.7338271604938271,0.2661728395061728,0.9264069264069265,
by_confidence,0.7336625514403292,0.2663374485596708,0.9264524103831892,
by_confidence,0.7334979423868313,0.2665020576131687,0.9264978381717109,
by_confidence,0.7333333333333333,0.26666666666666666,0.9265432098765433,
by_confidence,0.7331687242798354,0.26683127572016463,0.9265885256014805,
by_confidence,0.7330041152263375,0.26699588477366254,0.9266337854500617,
by_confidence,0.7328395061728395,0.2671604938271605,0.9266789895255699,
by_confidence,0.7326748971193415,0.2673251028806584,0.9267241379310345,
by_confidence,0.7325102880658436,0.2674897119341564,0.9267692307692308,
by_confidence,0.7323456790123457,0.26765432098765435,0.9268142681426814,
by_confidence,0.7321810699588477,0.26781893004115226,0.926859250153657,
by_confidence,0.7320164609053498,0.2679835390946502,0.9269041769041769,
by_confidence,0.7318518518518519,0.26814814814814814,0.9269490484960098,
by_confidence,0.731687242798354,0.2683127572016461,0.9269938650306748,
by_confidence,0.7315226337448559,0.268477366255144,0.927038626609442,
by_confidence,0.731358024691358,0.268641975308642,0.9270833333333334,
by_confidence,0.7311934156378601,0.26880658436213994,0.9271279853031231,
by_confidence,0.7310288065843621,0.26897119341563785,0.927172582619339,
by_confidence,0.7308641975308642,0.2691358024691358,0.927217125382263,
by_confidence,0.7306995884773663,0.26930041152263373,0.9272616136919315,
by_confidence,0.7305349794238684,0.2694650205761317,0.9273060476481368,
by_confidence,0.7303703703703703,0.2696296296296296,0.9273504273504274,
by_confidence,0.7302057613168724,0.2697942386831276,0.9273947528981086,
by_confidence,0.7300411522633745,0.26995884773662554,0.927439024390244,
by_confidence,0.7298765432098765,0.27012345679012345,0.9274832419256551,
by_confidence,0.7297119341563786,0.2702880658436214,0.9275274056029232,
by_confidence,0.7295473251028807,0.2704526748971193,0.9275715155203895,
by_confidence,0.7293827160493828,0.2706172839506173,0.9276155717761557,
by_confidence,0.7292181069958847,0.2707818930041152,0.9276595744680851,
by_confidence,0.7290534979423868,0.27094650205761317,0.9277035236938032,
by_confidence,0.7288888888888889,0.27111111111111114,0.9277474195506983,
by_confidence,0.7287242798353909,0.27127572016460905,0.9277912621359223,
by_confidence,0.728559670781893,0.271440329218107,0.9278350515463918,
by_confidence,0.7283950617283951,0.2716049382716049,0.9278787878787879,
by_confidence,0.7282304526748972,0.2717695473251029,0.9279224712295578,
by_confidence,0.7280658436213991,0.2719341563786008,0.9279661016949152,
by_confidence,0.7279012345679012,0.27209876543209877,0.9280096793708409,
by_confidence,0.7277366255144033,0.27226337448559673,0.9280532043530835,
by_confidence,0.7275720164609053,0.27242798353909464,0.9280966767371601,
by_confidence,0.7274074074074074,0.2725925925925926,0.9281400966183575,
by_confidence,0.7272427983539095,0.2727572016460905,0.928183464091732,
by_confidence,0.7270781893004116,0.2729218106995885,0.928226779252111,
by_confidence,0.7269135802469135,0.2730864197530864,0.9282700421940928,
by_confidence,0.7267489711934156,0.27325102880658436,0.9283132530120481,
by_confidence,0.7265843621399177,0.27341563786008233,0.9283564118001204,
by_confidence,0.7264197530864197,0.27358024691358024,0.9283995186522263,
by_confidence,0.7262551440329218,0.2737448559670782,0.9284425736620565,
by_confidence,0.7260905349794239,0.2739094650205761,0.9284855769230769,
by_confidence,0.725925925925926,0.2740740740740741,0.9285285285285285,
by_confidence,0.725761316872428,0.274238683127572,0.9285714285714286,
by_confidence,0.72559670781893,0.27440329218106996,0.9286142771445711,
by_confidence,0.7254320987654321,0.2745679012345679,0.9286570743405276,
by_confidence,0.7252674897119341,0.27473251028806583,0.9281006590772918,
by_confidence,0.7251028806584362,0.2748971193415638,0.9281437125748503,
by_confidence,0.7249382716049383,0.2750617283950617,0.9281867145421903,
by_confidence,0.7247736625514404,0.2752263374485597,0.9282296650717703,
by_confidence,0.7246090534979424,0.2753909465020576,0.9282725642558278,
by_confidence,0.7244444444444444,0.27555555555555555,0.9283154121863799,
by_confidence,0.7242798353909465,0.2757201646090535,0.9283582089552239,
by_confidence,0.7241152263374485,0.27588477366255143,0.9284009546539379,
by_confidence,0.7239506172839506,0.2760493827160494,0.9284436493738819,
by_confidence,0.7237860082304527,0.2762139917695473,0.9284862932061978,
by_confidence,0.7236213991769548,0.2763786008230453,0.9285288862418106,
by_confidence,0.7234567901234568,0.2765432098765432,0.9285714285714286,
by_confidence,0.7232921810699589,0.27670781893004115,0.9286139202855443,
by_confidence,0.7231275720164609,0.2768724279835391,0.9286563614744352,
by_confidence,0.7229629629629629,0.277037037037037,0.928698752228164,
by_confidence,0.722798353909465,0.277201646090535,0.9287410926365796,
by_confidence,0.7226337448559671,0.2773662551440329,0.9287833827893175,
by_confidence,0.7224691358024692,0.27753086419753087,0.9288256227758007,
by_confidence,0.7223045267489712,0.2776954732510288,0.9288678126852401,
by_confidence,0.7221399176954733,0.27786008230452675,0.9289099526066351,
by_confidence,0.7219753086419753,0.2780246913580247,0.9289520426287744,
by_confidence,0.7218106995884773,0.2781893004115226,0.9289940828402367,
by_confidence,0.7216460905349794,0.2783539094650206,0.9290360733293909,
by_confidence,0.7214814814814815,0.2785185185185185,0.9290780141843972,
by_confidence,0.7213168724279836,0.27868312757201646,0.9291199054932073,
by_confidence,0.7211522633744856,0.27884773662551443,0.9291617473435655,
by_confidence,0.7209876543209877,0.27901234567901234,0.9292035398230089,
by_confidence,0.7208230452674897,0.2791769547325103,0.9292452830188679,
by_confidence,0.7206584362139917,0.2793415637860082,0.9292869770182676,
by_confidence,0.7204938271604938,0.2795061728395062,0.9293286219081273,
by_confidence,0.7203292181069959,0.2796707818930041,0.9293702177751618,
by_confidence,0.720164609053498,0.27983539094650206,0.9294117647058824,
by_confidence,0.72,0.28,0.9294532627865961,
by_confidence,0.7198353909465021,0.28016460905349794,0.9294947121034077,
by_confidence,0.7196707818930042,0.2803292181069959,0.9295361127422196,
by_confidence,0.7195061728395061,0.2804938271604938,0.9295774647887324,
by_confidence,0.7193415637860082,0.2806584362139918,0.9296187683284457,
by_confidence,0.7191769547325103,0.2808230452674897,0.9296600234466589,
by_confidence,0.7190123456790124,0.28098765432098766,0.929701230228471,
by_confidence,0.7188477366255144,0.2811522633744856,0.9297423887587822,
by_confidence,0.7186831275720165,0.28131687242798353,0.9297834991222937,
by_confidence,0.7185185185185186,0.2814814814814815,0.9298245614035088,
by_confidence,0.7183539094650205,0.2816460905349794,0.9298655756867329,
by_confidence,0.7181893004115226,0.2818106995884774,0.9299065420560748,
by_confidence,0.7180246913580247,0.2819753086419753,0.9299474605954466,
by_confidence,0.7178600823045268,0.28213991769547325,0.9299883313885647,
by_confidence,0.7176954732510288,0.2823045267489712,0.9300291545189504,
by_confidence,0.7175308641975309,0.28246913580246913,0.9300699300699301,
by_confidence,0.717366255144033,0.2826337448559671,0.930110658124636,
by_confidence,0.7172016460905349,0.282798353909465,0.930151338766007,
by_confidence,0.717037037037037,0.28296296296296297,0.9301919720767888,
by_confidence,0.7168724279835391,0.2831275720164609,0.9302325581395349,
by_confidence,0.7167078189300412,0.28329218106995885,0.9302730970366067,
by_confidence,0.7165432098765432,0.2834567901234568,0.929732868757259,
by_confidence,0.7163786008230453,0.2836213991769547,0.9297736506094022,
by_confidence,0.7162139917695474,0.2837860082304527,0.929814385150812,
by_confidence,0.7160493827160493,0.2839506172839506,0.9298550724637681,
by_confidence,0.7158847736625514,0.28411522633744857,0.9298957126303592,
by_confidence,0.7157201646090535,0.2842798353909465,0.9299363057324841,
by_confidence,0.7155555555555555,0.28444444444444444,0.9299768518518519,
by_confidence,0.7153909465020576,0.2846090534979424,0.9300173510699826,
by_confidence,0.7152263374485597,0.2847736625514403,0.9300578034682081,
by_confidence,0.7150617283950618,0.2849382716049383,0.9300982091276718,
by_confidence,0.7148971193415637,0.2851028806584362,0.9301385681293303,
by_confidence,0.7147325102880658,0.28526748971193416,0.9301788805539527,
by_confidence,0.7145679012345679,0.2854320987654321,0.9302191464821222,
by_confidence,0.7144032921810699,0.28559670781893004,0.9302593659942363,
by_confidence,0.714238683127572,0.285761316872428,0.9302995391705069,
by_confidence,0.7140740740740741,0.2859259259259259,0.9303396660909614,
by_confidence,0.7139094650205762,0.2860905349794239,0.930379746835443,
by_confidence,0.7137448559670782,0.2862551440329218,0.9298447383553766,
by_confidence,0.7135802469135802,0.28641975308641976,0.9298850574712644,
by_confidence,0.7134156378600823,0.28658436213991767,0.9299253302699598,
by_confidence,0.7132510288065843,0.28674897119341564,0.9299655568312285,
by_confidence,0.7130864197530864,0.2869135802469136,0.9300057372346529,
by_confidence,0.7129218106995885,0.2870781893004115,0.930045871559633,
by_confidence,0.7127572016460906,0.2872427983539095,0.929512893982808,
by_confidence,0.7125925925925926,0.2874074074074074,0.929553264604811,
by_confidence,0.7124279835390946,0.28757201646090536,0.929593589009731,
by_confidence,0.7122633744855967,0.28773662551440327,0.9296338672768879,
by_confidence,0.7120987654320987,0.28790123456790123,0.9296740994854202,
by_confidence,0.7119341563786008,0.2880658436213992,0.9297142857142857,
by_confidence,0.7117695473251029,0.2882304526748971,0.9297544260422616,
by_confidence,0.711604938271605,0.2883950617283951,0.9297945205479452,
by_confidence,0.711440329218107,0.288559670781893,0.9298345693097547,
by_confidence,0.711275720164609,0.28872427983539095,0.9298745724059293,
by_confidence,0.7111111111111111,0.28888888888888886,0.9299145299145299,
by_confidence,0.7109465020576131,0.28905349794238683,0.9299544419134397,
by_confidence,0.7107818930041152,0.2892181069958848,0.92942515651679,
by_confidence,0.7106172839506173,0.2893827160493827,0.9294653014789533,
by_confidence,0.7104526748971194,0.28954732510288067,0.9295054007959067,
by_confidence,0.7102880658436214,0.2897119341563786,0.9295454545454546,
by_confidence,0.7101234567901235,0.28987654320987655,0.9290176036342986,
by_confidence,0.7099588477366255,0.2900411522633745,0.9290578887627696,
by_confidence,0.7097942386831275,0.2902057613168724,0.9290981281905842,
by_confidence,0.7096296296296296,0.2903703703703704,0.9291383219954649,
by_confidence,0.7094650205761317,0.2905349794238683,0.9291784702549575,
by_confidence,0.7093004115226338,0.29069958847736627,0.9292185730464326,
by_confidence,0.7091358024691358,0.2908641975308642,0.9292586304470855,
by_confidence,0.7089711934156379,0.29102880658436214,0.9292986425339367,
by_confidence,0.70880658436214,0.2911934156378601,0.9293386093838327,
by_confidence,0.7086419753086419,0.291358024691358,0.9293785310734464,
by_confidence,0.708477366255144,0.291522633744856,0.9294184076792772,
by_confidence,0.7083127572016461,0.2916872427983539,0.9294582392776524,
by_confidence,0.7081481481481482,0.29185185185185186,0.9294980259447264,
by_confidence,0.7079835390946502,0.2920164609053498,0.9295377677564826,
by_confidence,0.7078189300411523,0.29218106995884774,0.9295774647887324,
by_confidence,0.7076543209876544,0.2923456790123457,0.9296171171171171,
by_confidence,0.7074897119341563,0.2925102880658436,0.9296567248171075,
by_confidence,0.7073251028806584,0.2926748971193416,0.9296962879640045,
by_confidence,0.7071604938271605,0.2928395061728395,0.9297358066329399,
by_confidence,0.7069958847736626,0.29300411522633746,0.9297752808988764,
by_confidence,0.7068312757201646,0.29316872427983537,0.9298147108366086,
by_confidence,0.7066666666666667,0.29333333333333333,0.9298540965207632,
by_confidence,0.7065020576131688,0.2934979423868313,0.9298934380257993,
by_confidence,0.7063374485596707,0.2936625514403292,0.929932735426009,
by_confidence,0.7061728395061728,0.2938271604938272,0.9299719887955182,
by_confidence,0.7060082304526749,0.2939917695473251,0.9300111982082867,
by_confidence,0.705843621399177,0.29415637860082305,0.9300503637381086,
by_confidence,0.705679012345679,0.29432098765432096,0.930089485458613,
by_confidence,0.7055144032921811,0.29448559670781893,0.9301285634432644,
by_confidence,0.7053497942386832,0.2946502057613169,0.9301675977653632,
by_confidence,0.7051851851851851,0.2948148148148148,0.9296482412060302,
by_confidence,0.7050205761316872,0.2949794238683128,0.9296875,
by_confidence,0.7048559670781893,0.2951440329218107,0.9297267150027886,
by_confidence,0.7046913580246914,0.29530864197530865,0.9297658862876255,
by_confidence,0.7045267489711934,0.29547325102880656,0.9292479108635098,
by_confidence,0.7043621399176955,0.2956378600823045,0.9292873051224945,
by_confidence,0.7041975308641976,0.2958024691358025,0.9293266555370061,
by_confidence,0.7040329218106995,0.2959670781893004,0.9293659621802002,
by_confidence,0.7038683127572016,0.29613168724279837,0.9294052251250695,
by_confidence,0.7037037037037037,0.2962962962962963,0.9294444444444444,
by_confidence,0.7035390946502058,0.29646090534979425,0.9294836202109938,
by_confidence,0.7033744855967078,0.29662551440329216,0.9295227524972253,
by_confidence,0.7032098765432099,0.2967901234567901,0.9295618413754853,
by_confidence,0.703045267489712,0.2969547325102881,0.9296008869179601,
by_confidence,0.702880658436214,0.297119341563786,0.929639889196676,
by_confidence,0.702716049382716,0.29728395061728397,0.9296788482834994,
by_confidence,0.7025514403292181,0.2974485596707819,0.9297177642501383,
by_confidence,0.7023868312757202,0.29761316872427984,0.9297566371681416,
by_confidence,0.7022222222222222,0.29777777777777775,0.9297954671088999,
by_confidence,0.7020576131687243,0.2979423868312757,0.9298342541436464,
by_confidence,0.7018930041152264,0.2981069958847737,0.9298729983434566,
by_confidence,0.7017283950617283,0.2982716049382716,0.9299116997792495,
by_confidence,0.7015637860082304,0.29843621399176956,0.9299503585217871,
by_confidence,0.7013991769547325,0.29860082304526747,0.9299889746416758,
by_confidence,0.7012345679012346,0.29876543209876544,0.9300275482093664,
by_confidence,0.7010699588477366,0.29893004115226335,0.9300660792951542,
by_confidence,0.7009053497942387,0.2990946502057613,0.93010456796918,
by_confidence,0.7007407407407408,0.2992592592592593,0.9301430143014301,
by_confidence,0.7005761316872428,0.2994238683127572,0.9301814183617372,
by_confidence,0.7004115226337448,0.29958847736625516,0.9302197802197802,
by_confidence,0.7002469135802469,0.29975308641975307,0.9302580999450851,
by_confidence,0.700082304526749,0.29991769547325103,0.9297475301866082,
by_confidence,0.699917695473251,0.30008230452674894,0.929786066922655,
by_confidence,0.6997530864197531,0.3002469135802469,0.9298245614035088,
by_confidence,0.6995884773662552,0.3004115226337449,0.9298630136986301,
by_confidence,0.6994238683127572,0.3005761316872428,0.9299014238773274,
by_confidence,0.6992592592592592,0.30074074074074075,0.9299397920087575,
by_confidence,0.6990946502057613,0.30090534979423866,0.9294310722100656,
by_confidence,0.6989300411522634,0.30106995884773663,0.9294696555494806,
by_confidence,0.6987654320987654,0.3012345679012346,0.9295081967213115,
by_confidence,0.6986008230452675,0.3013991769547325,0.9295466957946478,
by_confidence,0.6984362139917696,0.30156378600823047,0.9295851528384279,
by_confidence,0.6982716049382716,0.3017283950617284,0.9296235679214403,
by_confidence,0.6981069958847737,0.30189300411522635,0.9296619411123228,
by_confidence,0.6979423868312757,0.30205761316872426,0.929700272479564,
by_confidence,0.6977777777777778,0.3022222222222222,0.9297385620915033,
by_confidence,0.6976131687242798,0.3023868312757202,0.929776810016331,
by_confidence,0.6974485596707819,0.3025514403292181,0.9298150163220892,
by_confidence,0.697283950617284,0.30271604938271607,0.9298531810766721,
by_confidence,0.697119341563786,0.302880658436214,0.9298913043478261,
by_confidence,0.696954732510288,0.30304526748971194,0.9299293862031505,
by_confidence,0.6967901234567901,0.30320987654320986,0.9299674267100977,
by_confidence,0.6966255144032922,0.3033744855967078,0.9300054259359739,
by_confidence,0.6964609053497942,0.3035390946502058,0.9300433839479393,
by_confidence,0.6962962962962963,0.3037037037037037,0.9300813008130081,
by_confidence,0.6961316872427984,0.30386831275720166,0.9301191765980499,
by_confidence,0.6959670781893004,0.3040329218106996,0.9301570113697889,
by_confidence,0.6958024691358025,0.30419753086419754,0.9301948051948052,
by_confidence,0.6956378600823045,0.30436213991769545,0.9302325581395349,
by_confidence,0.6954732510288066,0.3045267489711934,0.9302702702702703,
by_confidence,0.6953086419753086,0.3046913580246914,0.9303079416531604,
by_confidence,0.6951440329218107,0.3048559670781893,0.9298056155507559,
by_confidence,0.6949794238683128,0.30502057613168726,0.9298434970318402,
by_confidence,0.6948148148148148,0.30518518518518517,0.9298813376483279,
by_confidence,0.6946502057613169,0.30534979423868314,0.9299191374663073,
by_confidence,0.694485596707819,0.30551440329218105,0.9299568965517241,
by_confidence,0.694320987654321,0.305679012345679,0.9299946149703824,
by_confidence,0.694156378600823,0.305843621399177,0.930032292787944,
by_confidence,0.6939917695473251,0.3060082304526749,0.9300699300699301,
by_confidence,0.6938271604938272,0.30617283950617286,0.9301075268817204,
by_confidence,0.6936625514403292,0.30633744855967077,0.9301450832885545,
by_confidence,0.6934979423868313,0.30650205761316873,0.9301825993555317,
by_confidence,0.6933333333333334,0.30666666666666664,0.9302200751476114,
by_confidence,0.6931687242798353,0.3068312757201646,0.9302575107296137,
by_confidence,0.6930041152263374,0.3069958847736626,0.9302949061662198,
by_confidence,0.6928395061728395,0.3071604938271605,0.9303322615219721,
by_confidence,0.6926748971193416,0.30732510288065845,0.9303695768612747,
by_confidence,0.6925102880658436,0.30748971193415636,0.930406852248394,
by_confidence,0.6923456790123457,0.30765432098765433,0.9304440877474586,
by_confidence,0.6921810699588478,0.30781893004115224,0.93048128342246,
by_confidence,0.6920164609053497,0.3079835390946502,0.9305184393372528,
by_confidence,0.6918518518518518,0.30814814814814817,0.9300213675213675,
by_confidence,0.6916872427983539,0.3083127572016461,0.9300587293112653,
by_confidence,0.691522633744856,0.30847736625514405,0.9300960512273212,
by_confidence,0.691358024691358,0.30864197530864196,0.9301333333333334,
by_confidence,0.6911934156378601,0.3088065843621399,0.9301705756929638,
by_confidence,0.6910288065843622,0.30897119341563783,0.9302077783697389,
by_confidence,0.6908641975308641,0.3091358024691358,0.93024494142705,
by_confidence,0.6906995884773662,0.30930041152263377,0.9302820649281532,
by_confidence,0.6905349794238683,0.3094650205761317,0.9303191489361702,
by_confidence,0.6903703703703704,0.30962962962962964,0.9303561935140883,
by_confidence,0.6902057613168724,0.30979423868312755,0.9303931987247609,
by_confidence,0.6900411522633745,0.3099588477366255,0.9304301646309081,
by_confidence,0.6898765432098766,0.31012345679012343,0.9304670912951167,
by_confidence,0.6897119341563785,0.3102880658436214,0.929973474801061,
by_confidence,0.6895473251028806,0.31045267489711936,0.9300106044538706,
by_confidence,0.6893827160493827,0.3106172839506173,0.9300476947535771,
by_confidence,0.6892181069958848,0.31078189300411524,0.9295550847457628,
by_confidence,0.6890534979423868,0.31094650205761315,0.9295923769190048,
by_confidence,0.6888888888888889,0.3111111111111111,0.9296296296296296,
by_confidence,0.688724279835391,0.311275720164609,0.9296668429402433,
by_confidence,0.688559670781893,0.311440329218107,0.9297040169133193,
by_confidence,0.688395061728395,0.31160493827160496,0.9297411516111992,
by_confidence,0.6882304526748971,0.31176954732510287,0.9297782470960929,
by_confidence,0.6880658436213992,0.31193415637860084,0.9298153034300791,
by_confidence,0.6879012345679012,0.31209876543209875,0.9298523206751055,
by_confidence,0.6877366255144033,0.3122633744855967,0.9298892988929889,
by_confidence,0.6875720164609054,0.3124279835390946,0.9299262381454162,
by_confidence,0.6874074074074074,0.3125925925925926,0.9299631384939442,
by_confidence,0.6872427983539094,0.31275720164609055,0.93,
by_confidence,0.6870781893004115,0.31292181069958847,0.9300368227248816,
by_confidence,0.6869135802469136,0.31308641975308643,0.9300736067297581,
by_confidence,0.6867489711934156,0.31325102880658434,0.9301103520756699,
by_confidence,0.6865843621399177,0.3134156378600823,0.9301470588235294,
by_confidence,0.6864197530864198,0.3135802469135803,0.9301837270341208,
by_confidence,0.6862551440329218,0.3137448559670782,0.9302203567681008,
by_confidence,0.6860905349794238,0.31390946502057615,0.9302569480859989,
by_confidence,0.6859259259259259,0.31407407407407406,0.9302935010482181,
by_confidence,0.685761316872428,0.314238683127572,0.930330015715034,
by_confidence,0.68559670781893,0.31440329218106994,0.9303664921465968,
by_confidence,0.6854320987654321,0.3145679012345679,0.9304029304029304,
by_confidence,0.6852674897119342,0.31473251028806587,0.930439330543933,
by_confidence,0.6851028806584362,0.3148971193415638,0.9304756926293779,
by_confidence,0.6849382716049383,0.31506172839506175,0.9305120167189133,
by_confidence,0.6847736625514403,0.31522633744855966,0.9305483028720627,
by_confidence,0.6846090534979424,0.3153909465020576,0.9305845511482255,
by_confidence,0.6844444444444444,0.31555555555555553,0.9306207616066771,
by_confidence,0.6842798353909465,0.3157201646090535,0.9306569343065694,
by_confidence,0.6841152263374486,0.31588477366255147,0.9301719645648775,
by_confidence,0.6839506172839506,0.3160493827160494,0.9302083333333333,
by_confidence,0.6837860082304527,0.31621399176954734,0.9302446642373764,
by_confidence,0.6836213991769547,0.31637860082304525,0.9302809573361083,
by_confidence,0.6834567901234568,0.3165432098765432,0.9303172126885075,
by_confidence,0.6832921810699588,0.31670781893004113,0.9303534303534303,
by_confidence,0.6831275720164609,0.3168724279835391,0.9303896103896104,
by_confidence,0.682962962962963,0.31703703703703706,0.9304257528556594,
by_confidence,0.682798353909465,0.31720164609053497,0.9304618578100675,
by_confidence,0.6826337448559671,0.31736625514403294,0.9304979253112033,
by_confidence,0.6824691358024692,0.31753086419753085,0.9305339554173147,
by_confidence,0.6823045267489712,0.3176954732510288,0.9305699481865285,
by_confidence,0.6821399176954732,0.3178600823045267,0.9306059036768514,
by_confidence,0.6819753086419753,0.3180246913580247,0.9306418219461697,
by_confidence,0.6818106995884774,0.31818930041152266,0.9306777030522504,
by_confidence,0.6816460905349794,0.31835390946502057,0.9307135470527405,
by_confidence,0.6814814814814815,0.31851851851851853,0.930749354005168,
by_confidence,0.6813168724279836,0.31868312757201644,0.9307851239669421,
by_confidence,0.6811522633744856,0.3188477366255144,0.9308208569953537,
by_confidence,0.6809876543209876,0.3190123456790123,0.9308565531475749,
by_confidence,0.6808230452674897,0.3191769547325103,0.9308922124806601,
by_confidence,0.6806584362139918,0.31934156378600825,0.9309278350515464,
by_confidence,0.6804938271604938,0.31950617283950616,0.9309634209170531,
by_confidence,0.6803292181069959,0.31967078189300413,0.9309989701338826,
by_confidence,0.680164609053498,0.31983539094650204,0.9310344827586207,
by_confidence,0.68,0.32,0.9310699588477366,
by_confidence,0.679835390946502,0.3201646090534979,0.9311053984575836,
by_confidence,0.6796707818930041,0.3203292181069959,0.9311408016443987,
by_confidence,0.6795061728395062,0.32049382716049385,0.9311761684643041,
by_confidence,0.6793415637860082,0.32065843621399176,0.9306981519507187,
by_confidence,0.6791769547325103,0.3208230452674897,0.930733709594664,
by_confidence,0.6790123456790124,0.32098765432098764,0.9307692307692308,
by_confidence,0.6788477366255145,0.3211522633744856,0.9308047155304972,
by_confidence,0.6786831275720164,0.3213168724279835,0.9308401639344263,
by_confidence,0.6785185185185185,0.3214814814814815,0.9308755760368663,
by_confidence,0.6783539094650206,0.32164609053497945,0.9309109518935517,
by_confidence,0.6781893004115226,0.32181069958847736,0.9309462915601023,
by_confidence,0.6780246913580247,0.3219753086419753,0.9309815950920245,
by_confidence,0.6778600823045268,0.32213991769547323,0.9310168625447113,
by_confidence,0.6776954732510289,0.3223045267489712,0.9310520939734422,
by_confidence,0.6775308641975308,0.3224691358024691,0.9310872894333844,
by_confidence,0.6773662551440329,0.3226337448559671,0.9311224489795918,
by_confidence,0.677201646090535,0.32279835390946504,0.9311575726670066,
by_confidence,0.677037037037037,0.32296296296296295,0.9311926605504587,
by_confidence,0.6768724279835391,0.3231275720164609,0.9312277126846663,
by_confidence,0.6767078189300412,0.32329218106995883,0.9312627291242362,
by_confidence,0.6765432098765433,0.3234567901234568,0.9312977099236641,
by_confidence,0.6763786008230452,0.3236213991769547,0.9313326551373347,
by_confidence,0.6762139917695473,0.32378600823045267,0.9313675648195221,
by_confidence,0.6760493827160494,0.32395061728395064,0.9314024390243902,
by_confidence,0.6758847736625514,0.32411522633744855,0.9314372778059928,
by_confidence,0.6757201646090535,0.3242798353909465,0.9314720812182741,
by_confidence,0.6755555555555556,0.3244444444444444,0.9315068493150684,
by_confidence,0.6753909465020577,0.3246090534979424,0.9315415821501014,
by_confidence,0.6752263374485596,0.32477366255144036,0.9315762797769893,
by_confidence,0.6750617283950617,0.32493827160493827,0.9316109422492401,
by_confidence,0.6748971193415638,0.32510288065843623,0.9311392405063291,
by_confidence,0.6747325102880658,0.32526748971193414,0.9311740890688259,
by_confidence,0.6745679012345679,0.3254320987654321,0.9312089023773394,
by_confidence,0.67440329218107,0.32559670781893,0.9312436804853387,
by_confidence,0.6742386831275721,0.325761316872428,0.9312784234461849,
by_confidence,0.674074074074074,0.32592592592592595,0.9313131313131313,
by_confidence,0.6739094650205761,0.32609053497942386,0.9313478041393236,
by_confidence,0.6737448559670782,0.32625514403292183,0.9313824419778002,
by_confidence,0.6735802469135802,0.32641975308641974,0.9309127584467978,
by_confidence,0.6734156378600823,0.3265843621399177,0.9309475806451613,
by_confidence,0.6732510288065844,0.3267489711934156,0.9309823677581864,
by_confidence,0.6730864197530865,0.3269135802469136,0.9310171198388721,
by_confidence,0.6729218106995885,0.32707818930041155,0.9310518369401107,
by_confidence,0.6727572016460905,0.32724279835390946,0.9305835010060363,
by_confidence,0.6725925925925926,0.3274074074074074,0.9306184012066365,
by_confidence,0.6724279835390946,0.32757201646090534,0.9301507537688443,
by_confidence,0.6722633744855967,0.3277366255144033,0.9301858362631843,
by_confidence,0.6720987654320988,0.3279012345679012,0.9302208835341366,
by_confidence,0.6719341563786009,0.3280658436213992,0.9302558956347216,
by_confidence,0.6717695473251029,0.32823045267489714,0.9302908726178536,
by_confidence,0.671604938271605,0.32839506172839505,0.9303258145363409,
by_confidence,0.671440329218107,0.328559670781893,0.9303607214428857,
by_confidence,0.671275720164609,0.32872427983539093,0.9303955933900852,
by_confidence,0.6711111111111111,0.3288888888888889,0.9304304304304304,
by_confidence,0.6709465020576132,0.3290534979423868,0.9299649824912456,
by_confidence,0.6707818930041153,0.3292181069958848,0.93,
by_confidence,0.6706172839506173,0.32938271604938274,0.9300349825087456,
by_confidence,0.6704526748971193,0.32954732510288065,0.9300699300699301,
by_confidence,0.6702880658436214,0.3297119341563786,0.9296055916125812,
by_confidence,0.6701234567901234,0.3298765432098765,0.9291417165668663,
by_confidence,0.6699588477366255,0.3300411522633745,0.9291770573566085,
by_confidence,0.6697942386831276,0.3302057613168724,0.9292123629112662,
by_confidence,0.6696296296296296,0.33037037037037037,0.9292476332835077,
by_confidence,0.6694650205761317,0.33053497942386834,0.9292828685258964,
by_confidence,0.6693004115226338,0.33069958847736625,0.9288203086112494,
by_confidence,0.6691358024691358,0.3308641975308642,0.9288557213930348,
by_confidence,0.6689711934156378,0.3310288065843621,0.9288910989557434,
by_confidence,0.6688065843621399,0.3311934156378601,0.9289264413518886,
by_confidence,0.668641975308642,0.331358024691358,0.9289617486338798,
by_confidence,0.668477366255144,0.33152263374485597,0.9289970208540218,
by_confidence,0.6683127572016461,0.33168724279835393,0.9290322580645162,
by_confidence,0.6681481481481482,0.33185185185185184,0.9290674603174603,
by_confidence,0.6679835390946502,0.3320164609053498,0.9291026276648487,
by_confidence,0.6678189300411522,0.3321810699588477,0.9291377601585729,
by_confidence,0.6676543209876543,0.3323456790123457,0.929172857850421,
by_confidence,0.6674897119341564,0.3325102880658436,0.9292079207920793,
by_confidence,0.6673251028806584,0.33267489711934156,0.9292429490351312,
by_confidence,0.6671604938271605,0.3328395061728395,0.9292779426310583,
by_confidence,0.6669958847736626,0.33300411522633744,0.9293129016312407,
by_confidence,0.6668312757201647,0.3331687242798354,0.9293478260869565,
by_confidence,0.6666666666666666,0.3333333333333333,0.9293827160493827,
by_confidence,0.6665020576131687,0.3334979423868313,0.9294175715695953,
by_confidence,0.6663374485596708,0.3336625514403292,0.9294523926985693,
by_confidence,0.6661728395061728,0.33382716049382716,0.9294871794871795,
by_confidence,0.6660082304526749,0.3339917695473251,0.9295219319862001,
by_confidence,0.665843621399177,0.33415637860082303,0.9295566502463054,
by_confidence,0.665679012345679,0.334320987654321,0.92959133431807,
by_confidence,0.665514403292181,0.3344855967078189,0.9296259842519685,
by_confidence,0.6653497942386831,0.3346502057613169,0.9296606000983768,
by_confidence,0.6651851851851852,0.3348148148148148,0.9296951819075713,
by_confidence,0.6650205761316872,0.33497942386831275,0.9292383292383293,
by_confidence,0.6648559670781893,0.3351440329218107,0.9292730844793713,
by_confidence,0.6646913580246914,0.33530864197530863,0.9293078055964654,
by_confidence,0.6645267489711935,0.3354732510288066,0.929342492639843,
by_confidence,0.6643621399176954,0.3356378600823045,0.929377145659637,
by_confidence,0.6641975308641975,0.3358024691358025,0.9294117647058824,
by_confidence,0.6640329218106996,0.33596707818930044,0.9294463498285155,
by_confidence,0.6638683127572016,0.33613168724279835,0.9294809010773751,
by_confidence,0.6637037037037037,0.3362962962962963,0.9295154185022027,
by_confidence,0.6635390946502058,0.3364609053497942,0.9295499021526419,
by_confidence,0.6633744855967079,0.3366255144032922,0.9295843520782396,
by_confidence,0.6632098765432098,0.3367901234567901,0.9296187683284457,
by_confidence,0.6630452674897119,0.33695473251028807,0.9296531509526136,
by_confidence,0.662880658436214,0.33711934156378603,0.9296875,
by_confidence,0.662716049382716,0.33728395061728395,0.9297218155197657,
by_confidence,0.6625514403292181,0.3374485596707819,0.9297560975609757,
by_confidence,0.6623868312757202,0.3376131687242798,0.9297903461725987,
by_confidence,0.6622222222222223,0.3377777777777778,0.9298245614035088,
by_confidence,0.6620576131687242,0.3379423868312757,0.9298587433024842,
by_confidence,0.6618930041152263,0.33810699588477366,0.9298928919182083,
by_confidence,0.6617283950617284,0.33827160493827163,0.92992700729927,
by_confidence,0.6615637860082304,0.33843621399176954,0.9299610894941635,
by_confidence,0.6613991769547325,0.3386008230452675,0.9299951385512882,
by_confidence,0.6612345679012346,0.3387654320987654,0.9300291545189504,
by_confidence,0.6610699588477367,0.3389300411522634,0.9300631374453618,
by_confidence,0.6609053497942387,0.3390946502057613,0.9300970873786408,
by_confidence,0.6607407407407407,0.33925925925925926,0.9301310043668122,
by_confidence,0.6605761316872428,0.3394238683127572,0.930164888457808,
by_confidence,0.6604115226337448,0.33958847736625514,0.9301987396994668,
by_confidence,0.6602469135802469,0.3397530864197531,0.9302325581395349,
by_confidence,0.660082304526749,0.339917695473251,0.9297820823244553,
by_confidence,0.6599176954732511,0.340082304526749,0.9298160696999032,
by_confidence,0.659753086419753,0.3402469135802469,0.9298500241896468,
by_confidence,0.6595884773662551,0.34041152263374486,0.9298839458413927,
by_confidence,0.6594238683127572,0.3405761316872428,0.9299178347027549,
by_confidence,0.6592592592592592,0.34074074074074073,0.9294685990338164,
by_confidence,0.6590946502057613,0.3409053497942387,0.9295026557218735,
by_confidence,0.6589300411522634,0.3410699588477366,0.9295366795366795,
by_confidence,0.6587654320987655,0.3412345679012346,0.929570670525808,
by_confidence,0.6586008230452675,0.3413991769547325,0.9296046287367405,
by_confidence,0.6584362139917695,0.34156378600823045,0.9296385542168675,
by_confidence,0.6582716049382716,0.3417283950617284,0.9296724470134875,
by_confidence,0.6581069958847736,0.34189300411522633,0.9297063071738084,
by_confidence,0.6579423868312757,0.3420576131687243,0.9297401347449471,
by_confidence,0.6577777777777778,0.3422222222222222,0.9297739297739298,
by_confidence,0.6576131687242799,0.34238683127572017,0.9298076923076923,
by_confidence,0.6574485596707819,0.3425514403292181,0.9298414223930802,
by_confidence,0.657283950617284,0.34271604938271605,0.9298751200768491,
by_confidence,0.657119341563786,0.342880658436214,0.9299087854056649,
by_confidence,0.656954732510288,0.3430452674897119,0.9299424184261037,
by_confidence,0.6567901234567901,0.3432098765432099,0.9299760191846522,
by_confidence,0.6566255144032922,0.3433744855967078,0.9300095877277086,
by_confidence,0.6564609053497943,0.34353909465020577,0.9300431241015812,
by_confidence,0.6562962962962963,0.3437037037037037,0.9300766283524904,
by_confidence,0.6561316872427984,0.34386831275720164,0.9301101005265677,
by_confidence,0.6559670781893004,0.3440329218106996,0.9301435406698565,
by_confidence,0.6558024691358024,0.3441975308641975,0.9301769488283118,
by_confidence,0.6556378600823045,0.3443621399176955,0.9302103250478011,
by_confidence,0.6554732510288066,0.3445267489711934,0.9302436693741042,
by_confidence,0.6553086419753087,0.34469135802469136,0.9302769818529131,
by_confidence,0.6551440329218107,0.3448559670781893,0.930310262529833,
by_confidence,0.6549794238683128,0.34502057613168724,0.9303435114503816,
by_confidence,0.6548148148148148,0.3451851851851852,0.9298998569384835,
by_confidence,0.6546502057613168,0.3453497942386831,0.9299332697807435,
by_confidence,0.6544855967078189,0.3455144032921811,0.9299666507860886,
by_confidence,0.654320987654321,0.345679012345679,0.93,
by_confidence,0.6541563786008231,0.34584362139917696,0.9300333174678724,
by_confidence,0.6539917695473251,0.34600823045267487,0.9300666032350142,
by_confidence,0.6538271604938272,0.34617283950617284,0.9300998573466477,
by_confidence,0.6536625514403293,0.3463374485596708,0.9301330798479087,
by_confidence,0.6534979423868312,0.3465020576131687,0.930166270783848,
by_confidence,0.6533333333333333,0.3466666666666667,0.9301994301994302,
by_confidence,0.6531687242798354,0.3468312757201646,0.9302325581395349,
by_confidence,0.6530041152263375,0.34699588477366256,0.9302656546489564,
by_confidence,0.6528395061728395,0.3471604938271605,0.9298245614035088,
by_confidence,0.6526748971193416,0.34732510288065843,0.9298578199052133,
by_confidence,0.6525102880658437,0.3474897119341564,0.9298910468972051,
by_confidence,0.6523456790123456,0.3476543209876543,0.9299242424242424,
by_confidence,0.6521810699588477,0.3478189300411523,0.9299574065309986,
by_confidence,0.6520164609053498,0.3479835390946502,0.9299905392620624,
by_confidence,0.6518518518518519,0.34814814814814815,0.9300236406619385,
by_confidence,0.6516872427983539,0.3483127572016461,0.9300567107750473,
by_confidence,0.651522633744856,0.348477366255144,0.9300897496457251,
by_confidence,0.6513580246913581,0.348641975308642,0.9301227573182247,
by_confidence,0.65119341563786,0.3488065843621399,0.9301557338367155,
by_confidence,0.6510288065843621,0.34897119341563787,0.930188679245283,
by_confidence,0.6508641975308642,0.3491358024691358,0.9302215935879302,
by_confidence,0.6506995884773663,0.34930041152263375,0.9302544769085768,
by_confidence,0.6505349794238683,0.3494650205761317,0.9302873292510598,
by_confidence,0.6503703703703704,0.3496296296296296,0.9303201506591338,
by_confidence,0.6502057613168725,0.3497942386831276,0.9303529411764706,
by_confidence,0.6500411522633744,0.3499588477366255,0.9303857008466604,
by_confidence,0.6498765432098765,0.35012345679012347,0.9304184297132111,
by_confidence,0.6497119341563786,0.3502880658436214,0.9304511278195489,
by_confidence,0.6495473251028807,0.35045267489711934,0.9300140911225928,
by_confidence,0.6493827160493827,0.3506172839506173,0.9300469483568075,
by_confidence,0.6492181069958848,0.3507818930041152,0.9296105114969498,
by_confidence,0.6490534979423869,0.3509465020576132,0.9296435272045028,
by_confidence,0.6488888888888888,0.3511111111111111,0.929676511954993,
by_confidence,0.6487242798353909,0.35127572016460906,0.92970946579194,
by_confidence,0.648559670781893,0.351440329218107,0.9297423887587822,
by_confidence,0.6483950617283951,0.35160493827160494,0.9297752808988764,
by_confidence,0.6482304526748971,0.3517695473251029,0.9293401965372017,
by_confidence,0.6480658436213992,0.3519341563786008,0.9293732460243218,
by_confidence,0.6479012345679013,0.3520987654320988,0.9294062646096307,
by_confidence,0.6477366255144033,0.3522633744855967,0.9294392523364486,
by_confidence,0.6475720164609053,0.35242798353909466,0.929472209248015,
by_confidence,0.6474074074074074,0.35259259259259257,0.9295051353874884,
by_confidence,0.6472427983539094,0.35275720164609053,0.9295380307979468,
by_confidence,0.6470781893004115,0.3529218106995885,0.929570895522388,
by_confidence,0.6469135802469136,0.3530864197530864,0.9296037296037296,
by_confidence,0.6467489711934157,0.3532510288065844,0.929636533084809,
by_confidence,0.6465843621399177,0.3534156378600823,0.9296693060083838,
by_confidence,0.6464197530864197,0.35358024691358025,0.9297020484171322,
by_confidence,0.6462551440329218,0.35374485596707816,0.9297347603536529,
by_confidence,0.6460905349794238,0.35390946502057613,0.9297674418604651,
by_confidence,0.6459259259259259,0.3540740740740741,0.9298000929800093,
by_confidence,0.645761316872428,0.354238683127572,0.9298327137546468,
by_confidence,0.6455967078189301,0.35440329218107,0.9298653042266605,
by_confidence,0.6454320987654321,0.3545679012345679,0.9298978644382544,
by_confidence,0.6452674897119342,0.35473251028806585,0.9299303944315546,
by_confidence,0.6451028806584362,0.35489711934156376,0.9299628942486086,
by_confidence,0.6449382716049382,0.3550617283950617,0.9299953639313862,
by_confidence,0.6447736625514403,0.3552263374485597,0.9300278035217794,
by_confidence,0.6446090534979424,0.3553909465020576,0.9300602130616026,
by_confidence,0.6444444444444445,0.35555555555555557,0.9300925925925926,
by_confidence,0.6442798353909465,0.3557201646090535,0.9301249421564091,
by_confidence,0.6441152263374486,0.35588477366255145,0.9301572617946346,
by_confidence,0.6439506172839506,0.35604938271604936,0.9301895515487748,
by_confidence,0.6437860082304526,0.3562139917695473,0.9302218114602587,
by_confidence,0.6436213991769547,0.3563786008230453,0.9302540415704388,
by_confidence,0.6434567901234568,0.3565432098765432,0.930286241920591,
by_confidence,0.6432921810699589,0.35670781893004117,0.930318412551915,
by_confidence,0.6431275720164609,0.3568724279835391,0.9303505535055351,
by_confidence,0.642962962962963,0.35703703703703704,0.9303826648224989,
by_confidence,0.642798353909465,0.35720164609053495,0.9304147465437788,
by_confidence,0.642633744855967,0.3573662551440329,0.9304467987102718,
by_confidence,0.6424691358024691,0.3575308641975309,0.9304788213627992,
by_confidence,0.6423045267489712,0.3576954732510288,0.9305108145421077,
by_confidence,0.6421399176954733,0.35786008230452676,0.9305427782888684,
by_confidence,0.6419753086419753,0.35802469135802467,0.9305747126436782,
by_confidence,0.6418106995884774,0.35818930041152264,0.9306066176470589,
by_confidence,0.6416460905349795,0.3583539094650206,0.9306384933394579,
by_confidence,0.6414814814814814,0.3585185185185185,0.9306703397612488,
by_confidence,0.6413168724279835,0.3586831275720165,0.9307021569527306,
by_confidence,0.6411522633744856,0.3588477366255144,0.9302752293577982,
by_confidence,0.6409876543209877,0.35901234567901236,0.9303071985327831,
by_confidence,0.6408230452674897,0.35917695473251027,0.9303391384051329,
by_confidence,0.6406584362139918,0.35934156378600823,0.9303710490151168,
by_confidence,0.6404938271604939,0.3595061728395062,0.9304029304029304,
by_confidence,0.6403292181069958,0.3596707818930041,0.9304347826086956,
by_confidence,0.6401646090534979,0.3598353909465021,0.9304666056724611,
by_confidence,0.64,0.36,0.9304983996342021,
by_confidence,0.6398353909465021,0.36016460905349795,0.9305301645338209,
by_confidence,0.6396707818930041,0.36032921810699586,0.9305619004111466,
by_confidence,0.6395061728395062,0.36049382716049383,0.9305936073059361,
by_confidence,0.6393415637860083,0.3606584362139918,0.9306252852578731,
by_confidence,0.6391769547325102,0.3608230452674897,0.9306569343065694,
by_confidence,0.6390123456790123,0.36098765432098767,0.9306885544915641,
by_confidence,0.6388477366255144,0.3611522633744856,0.9307201458523245,
by_confidence,0.6386831275720165,0.36131687242798355,0.9307517084282461,
by_confidence,0.6385185185185185,0.36148148148148146,0.930783242258652,
by_confidence,0.6383539094650206,0.3616460905349794,0.9303595812471552,
by_confidence,0.6381893004115227,0.3618106995884774,0.9303912647861693,
by_confidence,0.6380246913580246,0.3619753086419753,0.9304229195088677,
by_confidence,0.6378600823045267,0.36213991769547327,0.9304545454545454,
by_confidence,0.6376954732510288,0.3623045267489712,0.9304861426624261,
by_confidence,0.6375308641975309,0.36246913580246914,0.9305177111716622,
by_confidence,0.6373662551440329,0.36263374485596706,0.9305492510213346,
by_confidence,0.637201646090535,0.362798353909465,0.9305807622504537,
by_confidence,0.6370370370370371,0.362962962962963,0.9306122448979591,
by_confidence,0.636872427983539,0.3631275720164609,0.9306436990027198,
by_confidence,0.6367078189300411,0.36329218106995886,0.9306751246035342,
by_confidence,0.6365432098765432,0.3634567901234568,0.9307065217391305,
by_confidence,0.6363786008230453,0.36362139917695474,0.9307378904481666,
by_confidence,0.6362139917695473,0.36378600823045265,0.9307692307692308,
by_confidence,0.6360493827160494,0.3639506172839506,0.9308005427408412,
by_confidence,0.6358847736625515,0.3641152263374486,0.9308318264014467,
by_confidence,0.6357201646090535,0.3642798353909465,0.9308630817894261,
by_confidence,0.6355555555555555,0.36444444444444446,0.9308943089430894,
by_confidence,0.6353909465020576,0.36460905349794237,0.9309255079006772,
by_confidence,0.6352263374485597,0.36477366255144034,0.930956678700361,
by_confidence,0.6350617283950617,0.36493827160493825,0.9309878213802436,
by_confidence,0.6348971193415638,0.3651028806584362,0.9310189359783588,
by_confidence,0.6347325102880659,0.3652674897119342,0.9310500225326723,
by_confidence,0.6345679012345679,0.3654320987654321,0.9310810810810811,
by_confidence,0.6344032921810699,0.36559670781893006,0.9311121116614138,
by_confidence,0.634238683127572,0.36576131687242797,0.9311431143114312,
by_confidence,0.6340740740740741,0.36592592592592593,0.9311740890688259,
by_confidence,0.6339094650205761,0.36609053497942384,0.9312050359712231,
by_confidence,0.6337448559670782,0.3662551440329218,0.9312359550561797,
by_confidence,0.6335802469135803,0.3664197530864198,0.931266846361186,
by_confidence,0.6334156378600823,0.3665843621399177,0.9312977099236641,
by_confidence,0.6332510288065843,0.36674897119341565,0.9313285457809695,
by_confidence,0.6330864197530864,0.36691358024691356,0.9313593539703903,
by_confidence,0.6329218106995885,0.36707818930041153,0.931390134529148,
by_confidence,0.6327572016460905,0.36724279835390944,0.9314208874943971,
by_confidence,0.6325925925925926,0.3674074074074074,0.9314516129032258,
by_confidence,0.6324279835390947,0.36757201646090537,0.9314823107926556,
by_confidence,0.6322633744855967,0.3677366255144033,0.9315129811996419,
by_confidence,0.6320987654320988,0.36790123456790125,0.9310961968680089,
by_confidence,0.6319341563786008,0.36806584362139916,0.9311270125223614,
by_confidence,0.6317695473251029,0.3682304526748971,0.9307107733571748,
by_confidence,0.6316049382716049,0.36839506172839503,0.9307417336907954,
by_confidence,0.631440329218107,0.368559670781893,0.9307726663689146,
by_confidence,0.6312757201646091,0.36872427983539097,0.9303571428571429,
by_confidence,0.6311111111111111,0.3688888888888889,0.9303882195448461,
by_confidence,0.6309465020576132,0.36905349794238684,0.9304192685102587,
by_confidence,0.6307818930041152,0.36921810699588475,0.9304502897904592,
by_confidence,0.6306172839506173,0.3693827160493827,0.93048128342246,
by_confidence,0.6304526748971193,0.3695473251028807,0.9300668151447662,
by_confidence,0.6302880658436214,0.3697119341563786,0.9300979519145147,
by_confidence,0.6301234567901235,0.36987654320987656,0.9301290609701824,
by_confidence,0.6299588477366255,0.3700411522633745,0.9301601423487544,
by_confidence,0.6297942386831276,0.37020576131687244,0.9301911960871498,
by_confidence,0.6296296296296297,0.37037037037037035,0.9302222222222222,
by_confidence,0.6294650205761317,0.3705349794238683,0.9302532207907597,
by_confidence,0.6293004115226337,0.3706995884773663,0.9302841918294849,
by_confidence,0.6291358024691358,0.3708641975308642,0.9303151353750555,
by_confidence,0.6289711934156379,0.37102880658436216,0.9303460514640639,
by_confidence,0.6288065843621399,0.37119341563786007,0.9303769401330377,
by_confidence,0.628641975308642,0.37135802469135804,0.9304078014184397,
by_confidence,0.628477366255144,0.37152263374485595,0.9304386353566682,
by_confidence,0.6283127572016461,0.3716872427983539,0.9304694419840567,
by_confidence,0.6281481481481481,0.3718518518518519,0.9300575475874281,
by_confidence,0.6279835390946502,0.3720164609053498,0.9300884955752212,
by_confidence,0.6278189300411523,0.37218106995884775,0.9301194161875277,
by_confidence,0.6276543209876543,0.37234567901234567,0.9301503094606542,
by_confidence,0.6274897119341564,0.37251028806584363,0.930181175430844,
by_confidence,0.6273251028806585,0.37267489711934154,0.9302120141342756,
by_confidence,0.6271604938271605,0.3728395061728395,0.9302428256070641,
by_confidence,0.6269958847736625,0.3730041152263375,0.9302736098852604,
by_confidence,0.6268312757201646,0.3731687242798354,0.9303043670048522,
by_confidence,0.6266666666666667,0.37333333333333335,0.9303350970017636,
by_confidence,0.6265020576131687,0.37349794238683126,0.9303657999118554,
by_confidence,0.6263374485596708,0.3736625514403292,0.9303964757709251,
by_confidence,0.6261728395061729,0.37382716049382714,0.9304271246147072,
by_confidence,0.626008230452675,0.3739917695473251,0.9304577464788732,
by_confidence,0.6258436213991769,0.37415637860082307,0.9304883413990321,
by_confidence,0.625679012345679,0.374320987654321,0.93051890941073,
by_confidence,0.6255144032921811,0.37448559670781895,0.9305494505494506,
by_confidence,0.6253497942386831,0.37465020576131686,0.9305799648506151,
by_confidence,0.6251851851851852,0.3748148148148148,0.9306104523495828,
by_confidence,0.6250205761316873,0.37497942386831273,0.9306409130816505,
by_confidence,0.6248559670781892,0.3751440329218107,0.9302325581395349,
by_confidence,0.6246913580246913,0.37530864197530867,0.9302631578947368,
by_confidence,0.6245267489711934,0.3754732510288066,0.9298553266111355,
by_confidence,0.6243621399176955,0.37563786008230454,0.92988606485539,
by_confidence,0.6241975308641975,0.37580246913580245,0.9299167761717039,
by_confidence,0.6240329218106996,0.3759670781893004,0.9299474605954466,
by_confidence,0.6238683127572017,0.37613168724279833,0.9299781181619255,
by_confidence,0.6237037037037036,0.3762962962962963,0.9300087489063867,
by_confidence,0.6235390946502057,0.37646090534979426,0.930039352864014,
by_confidence,0.6233744855967078,0.37662551440329217,0.9300699300699301,
by_confidence,0.6232098765432099,0.37679012345679014,0.9301004805591961,
by_confidence,0.6230452674897119,0.37695473251028805,0.9301310043668122,
by_confidence,0.622880658436214,0.377119341563786,0.9297250109122653,
by_confidence,0.6227160493827161,0.3772839506172839,0.9297556719022687,
by_confidence,0.622551440329218,0.3774485596707819,0.9297863061491496,
by_confidence,0.6223868312757201,0.37761316872427986,0.9298169136878814,
by_confidence,0.6222222222222222,0.37777777777777777,0.9298474945533769,
by_confidence,0.6220576131687243,0.37794238683127573,0.9298780487804879,
by_confidence,0.6218930041152263,0.37810699588477364,0.9299085764040053,
by_confidence,0.6217283950617284,0.3782716049382716,0.9299390774586597,
by_confidence,0.6215637860082305,0.3784362139917695,0.9299695519791213,
by_confidence,0.6213991769547325,0.3786008230452675,0.93,
by_confidence,0.6212345679012345,0.37876543209876545,0.9300304215558453,
by_confidence,0.6210699588477366,0.37893004115226336,0.9300608166811468,
by_confidence,0.6209053497942387,0.37909465020576133,0.9300911854103343,
by_confidence,0.6207407407407407,0.37925925925925924,0.9301215277777778,
by_confidence,0.6205761316872428,0.3794238683127572,0.9301518438177874,
by_confidence,0.6204115226337449,0.3795884773662551,0.9297484822202949,
by_confidence,0.6202469135802469,0.3797530864197531,0.929778933680104,
by_confidence,0.620082304526749,0.37991769547325105,0.9293760831889082,
by_confidence,0.619917695473251,0.38008230452674896,0.9289735816370723,
by_confidence,0.6197530864197531,0.3802469135802469,0.929004329004329,
by_confidence,0.6195884773662551,0.38041152263374484,0.9290350497620078,
by_confidence,0.6194238683127572,0.3805761316872428,0.9290657439446367,
by_confidence,0.6192592592592593,0.38074074074074077,0.9286640726329443,
by_confidence,0.6190946502057613,0.3809053497942387,0.9286949006050129,
by_confidence,0.6189300411522634,0.38106995884773665,0.9282937365010799,
by_confidence,0.6187654320987654,0.38123456790123456,0.9283246977547496,
by_confidence,0.6186008230452675,0.3813991769547325,0.9283556322831247,
by_confidence,0.6184362139917695,0.38156378600823043,0.9283865401207938,
by_confidence,0.6182716049382716,0.3817283950617284,0.9284174213022854,
by_confidence,0.6181069958847737,0.38189300411522636,0.928448275862069,
by_confidence,0.6179423868312757,0.3820576131687243,0.9284791038345541,
by_confidence,0.6177777777777778,0.38222222222222224,0.9285099052540913,
by_confidence,0.6176131687242798,0.38238683127572015,0.928540680154972,
by_confidence,0.6174485596707819,0.3825514403292181,0.9285714285714286,
by_confidence,0.6172839506172839,0.38271604938271603,0.9286021505376344,
by_confidence,0.617119341563786,0.382880658436214,0.9286328460877042,
by_confidence,0.6169547325102881,0.38304526748971196,0.928663515255694,
by_confidence,0.6167901234567901,0.38320987654320987,0.9286941580756014,
by_confidence,0.6166255144032922,0.38337448559670784,0.9287247745813654,
by_confidence,0.6164609053497943,0.38353909465020575,0.9287553648068669,
by_confidence,0.6162962962962963,0.3837037037037037,0.9287859287859288,
by_confidence,0.6161316872427983,0.3838683127572016,0.9288164665523156,
by_confidence,0.6159670781893004,0.3840329218106996,0.9288469781397343,
by_confidence,0.6158024691358025,0.38419753086419756,0.9288774635818338,
by_confidence,0.6156378600823045,0.38436213991769547,0.9289079229122056,
by_confidence,0.6154732510288066,0.38452674897119343,0.9289383561643836,
by_confidence,0.6153086419753087,0.38469135802469134,0.9289687633718442,
by_confidence,0.6151440329218107,0.3848559670781893,0.9285714285714286,
by_confidence,0.6149794238683127,0.3850205761316872,0.9286019666524156,
by_confidence,0.6148148148148148,0.3851851851851852,0.9286324786324787,
by_confidence,0.6146502057613169,0.38534979423868315,0.9282357966680905,
by_confidence,0.6144855967078189,0.38551440329218106,0.9278394534585824,
by_confidence,0.614320987654321,0.38567901234567903,0.9278702518139138,
by_confidence,0.6141563786008231,0.38584362139917694,0.927901023890785,
by_confidence,0.6139917695473252,0.3860082304526749,0.9275053304904051,
by_confidence,0.6138271604938271,0.3861728395061728,0.927536231884058,
by_confidence,0.6136625514403292,0.3863374485596708,0.9275671069450362,
by_confidence,0.6134979423868313,0.38650205761316875,0.9275979557069847,
by_confidence,0.6133333333333333,0.38666666666666666,0.9276287782034909,
by_confidence,0.6131687242798354,0.3868312757201646,0.9276595744680851,
by_confidence,0.6130041152263375,0.38699588477366254,0.9276903445342407,
by_confidence,0.6128395061728396,0.3871604938271605,0.9277210884353742,
by_confidence,0.6126748971193415,0.3873251028806584,0.9277518062048449,
by_confidence,0.6125102880658436,0.3874897119341564,0.9277824978759558,
by_confidence,0.6123456790123457,0.38765432098765434,0.9278131634819533,
by_confidence,0.6121810699588477,0.38781893004115225,0.9278438030560272,
by_confidence,0.6120164609053498,0.3879835390946502,0.927874416631311,
by_confidence,0.6118518518518519,0.38814814814814813,0.9274809160305344,
by_confidence,0.611687242798354,0.3883127572016461,0.9275116574819839,
by_confidence,0.6115226337448559,0.388477366255144,0.9275423728813559,
by_confidence,0.611358024691358,0.388641975308642,0.9275730622617535,
by_confidence,0.6111934156378601,0.38880658436213994,0.9276037256562235,
by_confidence,0.6110288065843621,0.38897119341563785,0.927634363097757,
by_confidence,0.6108641975308642,0.3891358024691358,0.9276649746192893,
by_confidence,0.6106995884773663,0.3893004115226337,0.9276955602536998,
by_confidence,0.6105349794238684,0.3894650205761317,0.9277261200338124,
by_confidence,0.6103703703703703,0.3896296296296296,0.9273341782847486,
by_confidence,0.6102057613168724,0.38979423868312757,0.9273648648648649,
by_confidence,0.6100411522633745,0.38995884773662554,0.9269734065006332,
by_confidence,0.6098765432098765,0.39012345679012345,0.9270042194092827,
by_confidence,0.6097119341563786,0.3902880658436214,0.9270350063264445,
by_confidence,0.6095473251028807,0.3904526748971193,0.9270657672849916,
by_confidence,0.6093827160493828,0.3906172839506173,0.9270965023177412,
by_confidence,0.6092181069958847,0.3907818930041152,0.9271272114574558,
by_confidence,0.6090534979423868,0.39094650205761317,0.9271578947368421,
by_confidence,0.6088888888888889,0.39111111111111113,0.9271885521885522,
by_confidence,0.6087242798353909,0.39127572016460904,0.927219183845183,
by_confidence,0.608559670781893,0.391440329218107,0.9272497897392767,
by_confidence,0.6083950617283951,0.3916049382716049,0.9272803699033207,
by_confidence,0.6082304526748972,0.3917695473251029,0.9273109243697479,
by_confidence,0.6080658436213991,0.3919341563786008,0.9273414531709366,
by_confidence,0.6079012345679012,0.39209876543209876,0.9273719563392108,
by_confidence,0.6077366255144033,0.3922633744855967,0.9274024339068401,
by_confidence,0.6075720164609053,0.39242798353909464,0.9274328859060402,
by_confidence,0.6074074074074074,0.3925925925925926,0.9274633123689727,
by_confidence,0.6072427983539095,0.3927572016460905,0.9274937133277452,
by_confidence,0.6070781893004116,0.3929218106995885,0.9275240888144114,
by_confidence,0.6069135802469136,0.39308641975308645,0.9275544388609716,
by_confidence,0.6067489711934156,0.39325102880658436,0.9275847634993721,
by_confidence,0.6065843621399177,0.3934156378600823,0.9276150627615063,
by_confidence,0.6064197530864197,0.39358024691358023,0.9276453366792137,
by_confidence,0.6062551440329218,0.3937448559670782,0.927675585284281,
by_confidence,0.6060905349794239,0.3939094650205761,0.9277058086084413,
by_confidence,0.605925925925926,0.3940740740740741,0.9277360066833751,
by_confidence,0.605761316872428,0.39423868312757204,0.9277661795407098,
by_confidence,0.60559670781893,0.39440329218106995,0.92779632721202,
by_confidence,0.6054320987654321,0.3945679012345679,0.9278264497288277,
by_confidence,0.6052674897119341,0.39473251028806583,0.9278565471226021,
by_confidence,0.6051028806584362,0.3948971193415638,0.9278866194247604,
by_confidence,0.6049382716049383,0.3950617283950617,0.9279166666666666,
by_confidence,0.6047736625514404,0.3952263374485597,0.9279466888796335,
by_confidence,0.6046090534979424,0.39539094650205764,0.9279766860949209,
by_confidence,0.6044444444444445,0.39555555555555555,0.928006658343737,
by_confidence,0.6042798353909465,0.3957201646090535,0.9280366056572379,
by_confidence,0.6041152263374485,0.3958847736625514,0.9280665280665281,
by_confidence,0.6039506172839506,0.3960493827160494,0.92809642560266,
by_confidence,0.6037860082304527,0.3962139917695473,0.9281262982966348,
by_confidence,0.6036213991769548,0.39637860082304527,0.928156146179402,
by_confidence,0.6034567901234568,0.39654320987654323,0.9281859692818597,
by_confidence,0.6032921810699589,0.39670781893004115,0.9282157676348548,
by_confidence,0.6031275720164609,0.3968724279835391,0.9282455412691829,
by_confidence,0.6029629629629629,0.397037037037037,0.9282752902155887,
by_confidence,0.602798353909465,0.397201646090535,0.9283050145047659,
by_confidence,0.6026337448559671,0.3973662551440329,0.9283347141673571,
by_confidence,0.6024691358024692,0.39753086419753086,0.9283643892339545,
by_confidence,0.6023045267489712,0.39769547325102883,0.9283940397350994,
by_confidence,0.6021399176954733,0.39786008230452674,0.9284236657012825,
by_confidence,0.6019753086419753,0.3980246913580247,0.9284532671629446,
by_confidence,0.6018106995884773,0.3981893004115226,0.9284828441504754,
by_confidence,0.6016460905349794,0.3983539094650206,0.9285123966942149,
by_confidence,0.6014814814814815,0.3985185185185185,0.9285419248244527,
by_confidence,0.6013168724279835,0.39868312757201646,0.9285714285714286,
by_confidence,0.6011522633744856,0.3988477366255144,0.9286009079653322,
by_confidence,0.6009876543209877,0.39901234567901234,0.9286303630363036,
by_confidence,0.6008230452674898,0.3991769547325103,0.928659793814433,
by_confidence,0.6006584362139917,0.3993415637860082,0.9286892003297609,
by_confidence,0.6004938271604938,0.3995061728395062,0.9287185826122786,
by_confidence,0.6003292181069959,0.3996707818930041,0.9287479406919276,
by_confidence,0.6001646090534979,0.39983539094650206,0.9287772745986003,
by_confidence,0.6,0.4,0.928395061728395,
by_confidence,0.5998353909465021,0.40016460905349793,0.9284245166598107,
by_confidence,0.5996707818930042,0.4003292181069959,0.928453947368421,
by_confidence,0.5995061728395061,0.4004938271604938,0.9284833538840938,
by_confidence,0.5993415637860082,0.4006584362139918,0.9285127362366475,
by_confidence,0.5991769547325103,0.4008230452674897,0.9285420944558521,
by_confidence,0.5990123456790123,0.40098765432098765,0.9285714285714286,
by_confidence,0.5988477366255144,0.4011522633744856,0.9286007386130488,
by_confidence,0.5986831275720165,0.40131687242798353,0.9286300246103364,
by_confidence,0.5985185185185186,0.4014814814814815,0.9286592865928659,
by_confidence,0.5983539094650205,0.4016460905349794,0.9286885245901639,
by_confidence,0.5981893004115226,0.40181069958847737,0.9287177386317084,
by_confidence,0.5980246913580247,0.4019753086419753,0.9287469287469288,
by_confidence,0.5978600823045267,0.40213991769547325,0.9287760949652067,
by_confidence,0.5976954732510288,0.4023045267489712,0.9288052373158756,
by_confidence,0.5975308641975309,0.4024691358024691,0.9288343558282208,
by_confidence,0.597366255144033,0.4026337448559671,0.92886345053148,
by_confidence,0.5972016460905349,0.402798353909465,0.9284838577850429,
by_confidence,0.597037037037037,0.40296296296296297,0.9285130718954249,
by_confidence,0.5968724279835391,0.4031275720164609,0.9285422621478154,
by_confidence,0.5967078189300411,0.40329218106995884,0.9285714285714286,
by_confidence,0.5965432098765432,0.4034567901234568,0.9286005711954305,
by_confidence,0.5963786008230453,0.4036213991769547,0.9286296900489397,
by_confidence,0.5962139917695474,0.4037860082304527,0.9286587851610273,
by_confidence,0.5960493827160493,0.4039506172839506,0.9286878565607172,
by_confidence,0.5958847736625514,0.40411522633744856,0.9287169042769857,
by_confidence,0.5957201646090535,0.40427983539094653,0.9287459283387622,
by_confidence,0.5955555555555555,0.40444444444444444,0.9287749287749287,
by_confidence,0.5953909465020576,0.4046090534979424,0.9288039056143206,
by_confidence,0.5952263374485597,0.4047736625514403,0.9288328588857259,
by_confidence,0.5950617283950618,0.4049382716049383,0.9288617886178862,
by_confidence,0.5948971193415638,0.4051028806584362,0.9288906948394962,
by_confidence,0.5947325102880658,0.40526748971193416,0.9289195775792038,
by_confidence,0.5945679012345679,0.4054320987654321,0.928948436865611,
by_confidence,0.5944032921810699,0.40559670781893004,0.9289772727272727,
by_confidence,0.594238683127572,0.405761316872428,0.9290060851926978,
by_confidence,0.5940740740740741,0.4059259259259259,0.9290348742903487,
by_confidence,0.5939094650205762,0.4060905349794239,0.9290636400486421,
by_confidence,0.5937448559670782,0.4062551440329218,0.9290923824959482,
by_confidence,0.5935802469135802,0.40641975308641975,0.9291211016605914,
by_confidence,0.5934156378600823,0.4065843621399177,0.9291497975708503,
by_confidence,0.5932510288065843,0.40674897119341563,0.9291784702549575,
by_confidence,0.5930864197530864,0.4069135802469136,0.9292071197411004,
by_confidence,0.5929218106995885,0.4070781893004115,0.9292357460574201,
by_confidence,0.5927572016460906,0.4072427983539095,0.929264349232013,
by_confidence,0.5925925925925926,0.4074074074074074,0.9292929292929293,
by_confidence,0.5924279835390946,0.40757201646090535,0.9293214862681745,
by_confidence,0.5922633744855967,0.4077366255144033,0.9293500201857086,
by_confidence,0.5920987654320987,0.4079012345679012,0.9293785310734464,
by_confidence,0.5919341563786008,0.4080658436213992,0.9290036304961679,
by_confidence,0.5917695473251029,0.4082304526748971,0.9286290322580645,
by_confidence,0.591604938271605,0.40839506172839507,0.9286577992744861,
by_confidence,0.591440329218107,0.408559670781893,0.9286865431103949,
by_confidence,0.591275720164609,0.40872427983539095,0.9287152637937979,
by_confidence,0.5911111111111111,0.4088888888888889,0.928743961352657,
by_confidence,0.5909465020576131,0.4090534979423868,0.9287726358148893,
by_confidence,0.5907818930041152,0.4092181069958848,0.9288012872083669,
by_confidence,0.5906172839506173,0.4093827160493827,0.9288299155609168,
by_confidence,0.5904526748971194,0.40954732510288067,0.9288585209003215,
by_confidence,0.5902880658436214,0.4097119341563786,0.928887103254319,
by_confidence,0.5901234567901235,0.40987654320987654,0.9289156626506024,
by_confidence,0.5899588477366255,0.4100411522633745,0.9289441991168206,
by_confidence,0.5897942386831275,0.4102057613168724,0.9289727126805778,
by_confidence,0.5896296296296296,0.4103703703703704,0.9290012033694344,
by_confidence,0.5894650205761317,0.4105349794238683,0.9290296712109062,
by_confidence,0.5893004115226338,0.41069958847736626,0.9290581162324649,
by_confidence,0.5891358024691358,0.4108641975308642,0.9290865384615384,
by_confidence,0.5889711934156379,0.41102880658436214,0.9291149379255106,
by_confidence,0.58880658436214,0.4111934156378601,0.9291433146517214,
by_confidence,0.5886419753086419,0.411358024691358,0.929171668667467,
by_confidence,0.588477366255144,0.411522633744856,0.9292,
by_confidence,0.5883127572016461,0.4116872427983539,0.9292283086765294,
by_confidence,0.5881481481481482,0.41185185185185186,0.9292565947242206,
by_confidence,0.5879835390946502,0.41201646090534977,0.9288853375948861,
by_confidence,0.5878189300411523,0.41218106995884773,0.9289137380191693,
by_confidence,0.5876543209876544,0.4123456790123457,0.9289421157684631,
by_confidence,0.5874897119341563,0.4125102880658436,0.9289704708699122,
by_confidence,0.5873251028806584,0.4126748971193416,0.9289988033506182,
by_confidence,0.5871604938271605,0.4128395061728395,0.9290271132376395,
by_confidence,0.5869958847736626,0.41300411522633745,0.9290554005579912,
by_confidence,0.5868312757201646,0.41316872427983536,0.9290836653386454,
by_confidence,0.5866666666666667,0.41333333333333333,0.9291119076065313,
by_confidence,0.5865020576131688,0.4134979423868313,0.929140127388535,
by_confidence,0.5863374485596707,0.4136625514403292,0.9291683247115002,
by_confidence,0.5861728395061728,0.4138271604938272,0.9291964996022275,
by_confidence,0.5860082304526749,0.4139917695473251,0.9292246520874752,
by_confidence,0.585843621399177,0.41415637860082305,0.9292527821939587,
by_confidence,0.585679012345679,0.41432098765432096,0.9292808899483512,
by_confidence,0.5855144032921811,0.4144855967078189,0.9293089753772835,
by_confidence,0.5853497942386832,0.4146502057613169,0.9293370385073442,
by_confidence,0.5851851851851851,0.4148148148148148,0.9293650793650794,
by_confidence,0.5850205761316872,0.41497942386831277,0.9293930979769932,
by_confidence,0.5848559670781893,0.4151440329218107,0.929421094369548,
by_confidence,0.5846913580246914,0.41530864197530865,0.9294490685691637,
by_confidence,0.5845267489711934,0.4154732510288066,0.9294770206022187,
by_confidence,0.5843621399176955,0.4156378600823045,0.9295049504950496,
by_confidence,0.5841975308641976,0.4158024691358025,0.9295328582739509,
by_confidence,0.5840329218106995,0.4159670781893004,0.9295607439651761,
by_confidence,0.5838683127572016,0.41613168724279836,0.9295886075949367,
by_confidence,0.5837037037037037,0.4162962962962963,0.9296164491894029,
by_confidence,0.5835390946502058,0.41646090534979424,0.9296442687747035,
by_confidence,0.5833744855967078,0.4166255144032922,0.9296720663769261,
by_confidence,0.5832098765432099,0.4167901234567901,0.9296998420221169,
by_confidence,0.583045267489712,0.4169547325102881,0.929727595736281,
by_confidence,0.582880658436214,0.417119341563786,0.9293606945540647,
by_confidence,0.582716049382716,0.41728395061728396,0.9293885601577909,
by_confidence,0.5825514403292181,0.41744855967078187,0.929416403785489,
by_confidence,0.5823868312757202,0.41761316872427984,0.9290500591249508,
by_confidence,0.5822222222222222,0.4177777777777778,0.9290780141843972,
by_confidence,0.5820576131687243,0.4179423868312757,0.9291059472233163,
by_confidence,0.5818930041152264,0.4181069958847737,0.9291338582677166,
by_confidence,0.5817283950617284,0.4182716049382716,0.9291617473435655,
by_confidence,0.5815637860082304,0.41843621399176956,0.9291896144767899,
by_confidence,0.5813991769547325,0.41860082304526747,0.9292174596932756,
by_confidence,0.5812345679012346,0.41876543209876543,0.9292452830188679,
by_confidence,0.5810699588477366,0.4189300411522634,0.9292730844793713,
by_confidence,0.5809053497942387,0.4190946502057613,0.9293008641005499,
by_confidence,0.5807407407407408,0.4192592592592593,0.9293286219081273,
by_confidence,0.5805761316872428,0.4194238683127572,0.9293563579277865,
by_confidence,0.5804115226337448,0.41958847736625515,0.9293840721851706,
by_confidence,0.5802469135802469,0.41975308641975306,0.9294117647058824,
by_confidence,0.580082304526749,0.41991769547325103,0.9294394355154841,
by_confidence,0.579917695473251,0.420082304526749,0.9294670846394985,
by_confidence,0.5797530864197531,0.4202469135802469,0.9294947121034077,
by_confidence,0.5795884773662552,0.42041152263374487,0.9295223179326546,
by_confidence,0.5794238683127572,0.4205761316872428,0.9295499021526419,
by_confidence,0.5792592592592593,0.42074074074074075,0.9291862284820032,
by_confidence,0.5790946502057613,0.42090534979423866,0.9292139225655065,
by_confidence,0.5789300411522633,0.4210699588477366,0.9292415949960907,
by_confidence,0.5787654320987654,0.4212345679012346,0.9292692457991403,
by_confidence,0.5786008230452675,0.4213991769547325,0.929296875,
by_confidence,0.5784362139917696,0.42156378600823047,0.929324482623975,
by_confidence,0.5782716049382716,0.4217283950617284,0.929352068696331,
by_confidence,0.5781069958847737,0.42189300411522634,0.9293796332422942,
by_confidence,0.5779423868312757,0.42205761316872425,0.9294071762870515,
by_confidence,0.5777777777777777,0.4222222222222222,0.9294346978557505,
by_confidence,0.5776131687242798,0.4223868312757202,0.9294621979734996,
by_confidence,0.5774485596707819,0.4225514403292181,0.9294896766653681,
by_confidence,0.577283950617284,0.42271604938271606,0.9295171339563862,
by_confidence,0.577119341563786,0.422880658436214,0.9295445698715453,
by_confidence,0.5769547325102881,0.42304526748971194,0.9295719844357977,
by_confidence,0.5767901234567901,0.42320987654320985,0.9295993776740568,
by_confidence,0.5766255144032921,0.4233744855967078,0.9296267496111975,
by_confidence,0.5764609053497942,0.4235390946502058,0.929654100272056,
by_confidence,0.5762962962962963,0.4237037037037037,0.9292929292929293,
by_confidence,0.5761316872427984,0.42386831275720166,0.9293203883495146,
by_confidence,0.5759670781893004,0.42403292181069957,0.9293478260869565,
by_confidence,0.5758024691358025,0.42419753086419754,0.9293752425300738,
by_confidence,0.5756378600823046,0.42436213991769545,0.9294026377036463,
by_confidence,0.5754732510288065,0.4245267489711934,0.9294300116324157,
by_confidence,0.5753086419753086,0.4246913580246914,0.9294573643410853,
by_confidence,0.5751440329218107,0.4248559670781893,0.92948469585432,
by_confidence,0.5749794238683128,0.42502057613168726,0.929124709527498,
by_confidence,0.5748148148148148,0.42518518518518517,0.9291521486643438,
by_confidence,0.5746502057613169,0.42534979423868313,0.9291795665634675,
by_confidence,0.574485596707819,0.42551440329218104,0.9292069632495165,
by_confidence,0.5743209876543209,0.425679012345679,0.9292343387470998,
by_confidence,0.574156378600823,0.425843621399177,0.9292616930807885,
by_confidence,0.5739917695473251,0.4260082304526749,0.9292890262751159,
by_confidence,0.5738271604938272,0.42617283950617285,0.929316338354577,
by_confidence,0.5736625514403292,0.42633744855967076,0.9293436293436294,
by_confidence,0.5734979423868313,0.42650205761316873,0.9293708992666924,
by_confidence,0.5733333333333334,0.4266666666666667,0.9293981481481481,
by_confidence,0.5731687242798353,0.4268312757201646,0.9294253760123409,
by_confidence,0.5730041152263374,0.42699588477366257,0.9294525828835775,
by_confidence,0.5728395061728395,0.4271604938271605,0.9294797687861271,
by_confidence,0.5726748971193416,0.42732510288065845,0.9295069337442219,
by_confidence,0.5725102880658436,0.42748971193415636,0.9295340777820562,
by_confidence,0.5723456790123457,0.4276543209876543,0.9295612009237876,
by_confidence,0.5721810699588478,0.4278189300411523,0.929588303193536,
by_confidence,0.5720164609053497,0.4279835390946502,0.9296153846153846,
by_confidence,0.5718518518518518,0.42814814814814817,0.9296424452133795,
by_confidence,0.5716872427983539,0.4283127572016461,0.9296694850115296,
by_confidence,0.571522633744856,0.42847736625514404,0.9296965040338071,
by_confidence,0.571358024691358,0.42864197530864195,0.9297235023041475,
by_confidence,0.5711934156378601,0.4288065843621399,0.9297504798464491,
by_confidence,0.5710288065843622,0.4289711934156379,0.929777436684574,
by_confidence,0.5708641975308641,0.4291358024691358,0.9298043728423475,
by_confidence,0.5706995884773662,0.42930041152263376,0.9298312883435583,
by_confidence,0.5705349794238683,0.4294650205761317,0.9298581832119586,
by_confidence,0.5703703703703704,0.42962962962962964,0.9298850574712644,
by_confidence,0.5702057613168724,0.42979423868312755,0.9299119111451551,
by_confidence,0.5700411522633745,0.4299588477366255,0.9299387442572741,
by_confidence,0.5698765432098766,0.4301234567901235,0.9299655568312285,
by_confidence,0.5697119341563786,0.4302880658436214,0.9299923488905891,
by_confidence,0.5695473251028806,0.43045267489711936,0.930019120458891,
by_confidence,0.5693827160493827,0.43061728395061727,0.930045871559633,
by_confidence,0.5692181069958848,0.43078189300411523,0.9300726022162782,
by_confidence,0.5690534979423868,0.43094650205761315,0.9300993124522536,
by_confidence,0.5688888888888889,0.4311111111111111,0.9301260022909508,
by_confidence,0.568724279835391,0.4312757201646091,0.9301526717557251,
by_confidence,0.568559670781893,0.431440329218107,0.930179320869897,
by_confidence,0.568395061728395,0.43160493827160495,0.9298245614035088,
by_confidence,0.5682304526748971,0.43176954732510286,0.9298513152878384,
by_confidence,0.5680658436213992,0.43193415637860083,0.9298780487804879,
by_confidence,0.5679012345679012,0.43209876543209874,0.9299047619047619,
by_confidence,0.5677366255144033,0.4322633744855967,0.9299314546839299,
by_confidence,0.5675720164609054,0.4324279835390947,0.9299581271412257,
by_confidence,0.5674074074074074,0.4325925925925926,0.9299847792998478,
by_confidence,0.5672427983539094,0.43275720164609055,0.9296310384176493,
by_confidence,0.5670781893004115,0.43292181069958846,0.9296577946768061,
by_confidence,0.5669135802469136,0.4330864197530864,0.9296845305967313,
by_confidence,0.5667489711934156,0.43325102880658434,0.9297112462006079,
by_confidence,0.5665843621399177,0.4334156378600823,0.9297379415115837,
by_confidence,0.5664197530864198,0.43358024691358027,0.9297646165527714,
by_confidence,0.5662551440329218,0.4337448559670782,0.9297912713472486,
by_confidence,0.5660905349794239,0.43390946502057615,0.9298179059180577,
by_confidence,0.5659259259259259,0.43407407407407406,0.9298445202882063,
by_confidence,0.565761316872428,0.434238683127572,0.9298711144806672,
by_confidence,0.56559670781893,0.43440329218106993,0.9298976885183782,
by_confidence,0.5654320987654321,0.4345679012345679,0.9299242424242424,
by_confidence,0.5652674897119342,0.43473251028806587,0.9299507762211283,
by_confidence,0.5651028806584362,0.4348971193415638,0.9299772899318698,
by_confidence,0.5649382716049383,0.43506172839506174,0.9300037835792659,
by_confidence,0.5647736625514403,0.43522633744855965,0.9300302571860817,
by_confidence,0.5646090534979424,0.4353909465020576,0.9300567107750473,
by_confidence,0.5644444444444444,0.43555555555555553,0.9300831443688586,
by_confidence,0.5642798353909465,0.4357201646090535,0.9301095579901776,
by_confidence,0.5641152263374486,0.43588477366255146,0.9301359516616314,
by_confidence,0.5639506172839506,0.43604938271604937,0.9297848244620611,
by_confidence,0.5637860082304527,0.43621399176954734,0.929811320754717,
by_confidence,0.5636213991769548,0.43637860082304525,0.9298377970577141,
by_confidence,0.5634567901234568,0.4365432098765432,0.9298642533936652,
by_confidence,0.5632921810699588,0.4367078189300411,0.9298906897851489,
by_confidence,0.5631275720164609,0.4368724279835391,0.9299171062547099,
by_confidence,0.562962962962963,0.43703703703703706,0.9299435028248587,
by_confidence,0.562798353909465,0.43720164609053497,0.9299698795180723,
by_confidence,0.5626337448559671,0.43736625514403293,0.9299962363567934,
by_confidence,0.5624691358024692,0.43753086419753084,0.9300225733634312,
by_confidence,0.5623045267489712,0.4376954732510288,0.930048890560361,
by_confidence,0.5621399176954732,0.4378600823045268,0.9300751879699248,
by_confidence,0.5619753086419753,0.4380246913580247,0.9301014656144306,
by_confidence,0.5618106995884774,0.43818930041152265,0.9301277235161532,
by_confidence,0.5616460905349794,0.43835390946502056,0.9301539616973339,
by_confidence,0.5614814814814815,0.43851851851851853,0.9301801801801802,
by_confidence,0.5613168724279836,0.43868312757201644,0.9302063789868668,
by_confidence,0.5611522633744856,0.4388477366255144,0.9302325581395349,
by_confidence,0.5609876543209876,0.4390123456790124,0.9302587176602924,
by_confidence,0.5608230452674897,0.4391769547325103,0.9302848575712144,
by_confidence,0.5606584362139918,0.43934156378600825,0.9303109778943425,
by_confidence,0.5604938271604938,0.43950617283950616,0.9303370786516854,
by_confidence,0.5603292181069959,0.4396707818930041,0.930363159865219,
by_confidence,0.560164609053498,0.43983539094650204,0.9303892215568862,
by_confidence,0.56,0.44,0.9304152637485971,
by_confidence,0.559835390946502,0.44016460905349797,0.9304412864622289,
by_confidence,0.5596707818930041,0.4403292181069959,0.9300934579439253,
by_confidence,0.5595061728395062,0.44049382716049384,0.930119581464873,
by_confidence,0.5593415637860082,0.44065843621399176,0.9301456854688084,
by_confidence,0.5591769547325103,0.4408230452674897,0.9301717699775952,
by_confidence,0.5590123456790124,0.44098765432098763,0.9301978350130645,
by_confidence,0.5588477366255145,0.4411522633744856,0.9302238805970149,
by_confidence,0.5586831275720164,0.44131687242798356,0.9298769116001492,
by_confidence,0.5585185185185185,0.4414814814814815,0.9299030574198359,
by_confidence,0.5583539094650206,0.44164609053497944,0.9299291837495341,
by_confidence,0.5581893004115226,0.44181069958847735,0.9299552906110283,
by_confidence,0.5580246913580247,0.4419753086419753,0.9299813780260707,
by_confidence,0.5578600823045268,0.44213991769547323,0.9300074460163812,
by_confidence,0.5576954732510289,0.4423045267489712,0.9300334946036471,
by_confidence,0.5575308641975308,0.44246913580246916,0.9300595238095238,
by_confidence,0.5573662551440329,0.44263374485596707,0.9300855336556341,
by_confidence,0.557201646090535,0.44279835390946504,0.9301115241635688,
by_confidence,0.557037037037037,0.44296296296296295,0.9301374953548867,
by_confidence,0.5568724279835391,0.4431275720164609,0.9301634472511144,
by_confidence,0.5567078189300412,0.4432921810699588,0.9298180467879688,
by_confidence,0.5565432098765432,0.4434567901234568,0.9298440979955457,
by_confidence,0.5563786008230452,0.44362139917695476,0.9298701298701298,
by_confidence,0.5562139917695473,0.44378600823045267,0.9298961424332344,
by_confidence,0.5560493827160494,0.44395061728395063,0.9299221357063404,
by_confidence,0.5558847736625514,0.44411522633744854,0.9299481097108969,
by_confidence,0.5557201646090535,0.4442798353909465,0.9296035568729158,
by_confidence,0.5555555555555556,0.4444444444444444,0.9296296296296296,
by_confidence,0.5553909465020576,0.4446090534979424,0.9296556830803406,
by_confidence,0.5552263374485596,0.44477366255144035,0.9296817172464841,
by_confidence,0.5550617283950617,0.44493827160493826,0.9297077321494636,
by_confidence,0.5548971193415638,0.44510288065843623,0.9297337278106509,
by_confidence,0.5547325102880658,0.44526748971193414,0.9297597042513863,
by_confidence,0.5545679012345679,0.4454320987654321,0.9294161123429416,
by_confidence,0.55440329218107,0.44559670781893,0.9294421869227928,
by_confidence,0.554238683127572,0.445761316872428,0.9294682422451994,
by_confidence,0.554074074074074,0.44592592592592595,0.929125138427464,
by_confidence,0.5539094650205761,0.44609053497942386,0.9291512915129151,
by_confidence,0.5537448559670782,0.4462551440329218,0.9291774253043158,
by_confidence,0.5535802469135802,0.44641975308641973,0.9292035398230089,
by_confidence,0.5534156378600823,0.4465843621399177,0.929229635090306,
by_confidence,0.5532510288065844,0.4467489711934156,0.9292557111274871,
by_confidence,0.5530864197530864,0.4469135802469136,0.9292817679558011,
by_confidence,0.5529218106995885,0.44707818930041154,0.9293078055964654,
by_confidence,0.5527572016460905,0.44724279835390945,0.9293338240706662,
by_confidence,0.5525925925925926,0.4474074074074074,0.9293598233995585,
by_confidence,0.5524279835390946,0.44757201646090533,0.9293858036042663,
by_confidence,0.5522633744855967,0.4477366255144033,0.9294117647058824,
by_confidence,0.5520987654320988,0.4479012345679012,0.9294377067254685,
by_confidence,0.5519341563786008,0.4480658436213992,0.9294636296840558,
by_confidence,0.5517695473251029,0.44823045267489714,0.9294895336026442,
by_confidence,0.551604938271605,0.44839506172839505,0.9295154185022027,
by_confidence,0.551440329218107,0.448559670781893,0.9295412844036697,
by_confidence,0.551275720164609,0.4487242798353909,0.9292002934702861,
by_confidence,0.5511111111111111,0.4488888888888889,0.9292262559589293,
by_confidence,0.5509465020576132,0.44905349794238686,0.9292521994134897,
by_confidence,0.5507818930041152,0.44921810699588477,0.929278123854892,
by_confidence,0.5506172839506173,0.44938271604938274,0.9293040293040293,
by_confidence,0.5504526748971194,0.44954732510288065,0.9293299157817649,
by_confidence,0.5502880658436214,0.4497119341563786,0.9293557833089312,
by_confidence,0.5501234567901234,0.4498765432098765,0.92938163190633,
by_confidence,0.5499588477366255,0.4500411522633745,0.929407461594733,
by_confidence,0.5497942386831276,0.45020576131687245,0.9290676416819013,
by_confidence,0.5496296296296296,0.45037037037037037,0.929093567251462,
by_confidence,0.5494650205761317,0.45053497942386833,0.9291194738765072,
by_confidence,0.5493004115226338,0.45069958847736624,0.929145361577794,
by_confidence,0.5491358024691358,0.4508641975308642,0.9291712303760497,
by_confidence,0.5489711934156378,0.4510288065843621,0.9291970802919708,
by_confidence,0.5488065843621399,0.4511934156378601,0.929222911346224,
by_confidence,0.548641975308642,0.45135802469135805,0.9292487235594457,
by_confidence,0.548477366255144,0.45152263374485596,0.9292745169522421,
by_confidence,0.5483127572016461,0.4516872427983539,0.9293002915451894,
by_confidence,0.5481481481481482,0.45185185185185184,0.9293260473588343,
by_confidence,0.5479835390946503,0.4520164609053498,0.9293517844136926,
by_confidence,0.5478189300411522,0.4521810699588477,0.9293775027302512,
by_confidence,0.5476543209876543,0.4523456790123457,0.9294032023289666,
by_confidence,0.5474897119341564,0.45251028806584365,0.9294288832302655,
by_confidence,0.5473251028806584,0.45267489711934156,0.9294545454545454,
by_confidence,0.5471604938271605,0.4528395061728395,0.9294801890221738,
by_confidence,0.5469958847736626,0.45300411522633743,0.9295058139534884,
by_confidence,0.5468312757201647,0.4531687242798354,0.9295314202687976,
by_confidence,0.5466666666666666,0.4533333333333333,0.9295570079883806,
by_confidence,0.5465020576131687,0.4534979423868313,0.9295825771324864,
by_confidence,0.5463374485596708,0.45366255144032924,0.9296081277213353,
by_confidence,0.5461728395061728,0.45382716049382715,0.9296336597751179,
by_confidence,0.5460082304526749,0.4539917695473251,0.9296591733139956,
by_confidence,0.545843621399177,0.45415637860082303,0.9296846683581007,
by_confidence,0.5456790123456791,0.454320987654321,0.9297101449275362,
by_confidence,0.545514403292181,0.4544855967078189,0.9293734154291923,
by_confidence,0.5453497942386831,0.4546502057613169,0.9293989862418537,
by_confidence,0.5451851851851852,0.45481481481481484,0.9294245385450597,
by_confidence,0.5450205761316872,0.45497942386831275,0.9294500723589001,
by_confidence,0.5448559670781893,0.4551440329218107,0.9294755877034359,
by_confidence,0.5446913580246914,0.4553086419753086,0.9295010845986985,
by_confidence,0.5445267489711935,0.4554732510288066,0.929526563064691,
by_confidence,0.5443621399176954,0.4556378600823045,0.9295520231213873,
by_confidence,0.5441975308641975,0.45580246913580247,0.9295774647887324,
by_confidence,0.5440329218106996,0.45596707818930043,0.9292418772563177,
by_confidence,0.5438683127572016,0.45613168724279834,0.9292674124864669,
by_confidence,0.5437037037037037,0.4562962962962963,0.9292929292929293,
by_confidence,0.5435390946502058,0.4564609053497942,0.9293184276956364,
by_confidence,0.5433744855967079,0.4566255144032922,0.9289834174477289,
by_confidence,0.5432098765432098,0.4567901234567901,0.929009009009009,
by_confidence,0.5430452674897119,0.45695473251028806,0.9290345821325648,
by_confidence,0.542880658436214,0.45711934156378603,0.9290601368383147,
by_confidence,0.542716049382716,0.45728395061728394,0.9290856731461483,
by_confidence,0.5425514403292181,0.4574485596707819,0.9291111910759265,
by_confidence,0.5423868312757202,0.4576131687242798,0.929136690647482,
by_confidence,0.5422222222222223,0.4577777777777778,0.9291621718806184,
by_confidence,0.5420576131687243,0.4579423868312757,0.9291876347951115,
by_confidence,0.5418930041152263,0.45810699588477366,0.9292130794107079,
by_confidence,0.5417283950617284,0.4582716049382716,0.9288793103448276,
by_confidence,0.5415637860082304,0.45843621399176954,0.9289048473967684,
by_confidence,0.5413991769547325,0.4586008230452675,0.9289303661162958,
by_confidence,0.5412345679012346,0.4587654320987654,0.9289558665231432,
by_confidence,0.5410699588477367,0.4589300411522634,0.9289813486370158,
by_confidence,0.5409053497942387,0.4590946502057613,0.9290068124775905,
by_confidence,0.5407407407407407,0.45925925925925926,0.928673835125448,
by_confidence,0.5405761316872428,0.4594238683127572,0.9286993908993192,
by_confidence,0.5404115226337448,0.45958847736625513,0.9287249283667621,
by_confidence,0.5402469135802469,0.4597530864197531,0.9287504475474401,
by_confidence,0.540082304526749,0.459917695473251,0.9287759484609879,
by_confidence,0.5399176954732511,0.460082304526749,0.9284436493738819,
by_confidence,0.5397530864197531,0.46024691358024694,0.9284692417739628,
by_confidence,0.5395884773662551,0.46041152263374485,0.9284948158741508,
by_confidence,0.5394238683127572,0.4605761316872428,0.9285203716940672,
by_confidence,0.5392592592592592,0.46074074074074073,0.9285459092533047,
by_confidence,0.5390946502057613,0.4609053497942387,0.9285714285714286,
by_confidence,0.5389300411522634,0.4610699588477366,0.9285969296679757,
by_confidence,0.5387654320987655,0.46123456790123457,0.9286224125624554,
by_confidence,0.5386008230452675,0.46139917695473254,0.9286478772743489,
by_confidence,0.5384362139917696,0.46156378600823045,0.9286733238231099,
by_confidence,0.5382716049382716,0.4617283950617284,0.928698752228164,
by_confidence,0.5381069958847736,0.4618930041152263,0.9287241625089094,
by_confidence,0.5379423868312757,0.4620576131687243,0.9287495546847168,
by_confidence,0.5377777777777778,0.4622222222222222,0.9287749287749287,
by_confidence,0.5376131687242799,0.46238683127572017,0.9288002847988608,
by_confidence,0.5374485596707819,0.46255144032921813,0.9288256227758007,
by_confidence,0.537283950617284,0.46271604938271604,0.9288509427250089,
by_confidence,0.537119341563786,0.462880658436214,0.9288762446657184,
by_confidence,0.536954732510288,0.4630452674897119,0.9289015286171347,
by_confidence,0.5367901234567901,0.4632098765432099,0.9289267945984364,
by_confidence,0.5366255144032922,0.4633744855967078,0.9289520426287744,
by_confidence,0.5364609053497943,0.46353909465020576,0.9289772727272727,
by_confidence,0.5362962962962963,0.46370370370370373,0.9290024849130281,
by_confidence,0.5361316872427984,0.46386831275720164,0.92902767920511,
by_confidence,0.5359670781893004,0.4640329218106996,0.9290528556225612,
by_confidence,0.5358024691358024,0.4641975308641975,0.9290780141843972,
by_confidence,0.5356378600823045,0.4643621399176955,0.9291031549096065,
by_confidence,0.5354732510288066,0.4645267489711934,0.9291282778171509,
by_confidence,0.5353086419753087,0.46469135802469136,0.9291533829259653,
by_confidence,0.5351440329218107,0.4648559670781893,0.9291784702549575,
by_confidence,0.5349794238683128,0.46502057613168724,0.9292035398230089,
by_confidence,0.5348148148148149,0.4651851851851852,0.9292285916489739,
by_confidence,0.5346502057613168,0.4653497942386831,0.9292536257516802,
by_confidence,0.5344855967078189,0.4655144032921811,0.9289250353606789,
by_confidence,0.534320987654321,0.465679012345679,0.9289501590668081,
by_confidence,0.5341563786008231,0.46584362139917695,0.9289752650176678,
by_confidence,0.5339917695473251,0.4660082304526749,0.9290003532320734,
by_confidence,0.5338271604938272,0.46617283950617283,0.9290254237288136,
by_confidence,0.5336625514403293,0.4663374485596708,0.9290504765266502,
by_confidence,0.5334979423868312,0.4665020576131687,0.929075511644319,
by_confidence,0.5333333333333333,0.4666666666666667,0.9291005291005291,
by_confidence,0.5331687242798354,0.4668312757201646,0.9291255289139634,
by_confidence,0.5330041152263374,0.46699588477366255,0.9291505111032781,
by_confidence,0.5328395061728395,0.4671604938271605,0.9291754756871036,
by_confidence,0.5326748971193416,0.4673251028806584,0.9292004226840437,
by_confidence,0.5325102880658437,0.4674897119341564,0.9292253521126761,
by_confidence,0.5323456790123456,0.4676543209876543,0.9292502639915523,
by_confidence,0.5321810699588477,0.46781893004115227,0.9289232934553132,
by_confidence,0.5320164609053498,0.4679835390946502,0.9289482940555751,
by_confidence,0.5318518518518518,0.46814814814814815,0.9289732770745429,
by_confidence,0.5316872427983539,0.4683127572016461,0.9289982425307557,
by_confidence,0.531522633744856,0.468477366255144,0.9290231904427266,
by_confidence,0.5313580246913581,0.468641975308642,0.9290481208289427,
by_confidence,0.53119341563786,0.4688065843621399,0.9290730337078652,
by_confidence,0.5310288065843621,0.46897119341563787,0.9290979290979291,
by_confidence,0.5308641975308642,0.4691358024691358,0.9287719298245614,
by_confidence,0.5306995884773662,0.46930041152263374,0.928796913363732,
by_confidence,0.5305349794238683,0.4694650205761317,0.9288218793828892,
by_confidence,0.5303703703703704,0.4696296296296296,0.9288468279004557,
by_confidence,0.5302057613168725,0.4697942386831276,0.9288717589348283,
by_confidence,0.5300411522633744,0.4699588477366255,0.9288966725043782,
by_confidence,0.5298765432098765,0.47012345679012346,0.928921568627451,
by_confidence,0.5297119341563786,0.4702880658436214,0.9289464473223661,
by_confidence,0.5295473251028806,0.47045267489711934,0.9289713086074177,
by_confidence,0.5293827160493827,0.4706172839506173,0.9289961525008744,
by_confidence,0.5292181069958848,0.4707818930041152,0.929020979020979,
by_confidence,0.5290534979423869,0.4709465020576132,0.929045788185949,
by_confidence,0.5288888888888889,0.4711111111111111,0.9290705800139762,
by_confidence,0.5287242798353909,0.47127572016460906,0.9290953545232273,
by_confidence,0.528559670781893,0.47144032921810697,0.9291201117318436,
by_confidence,0.528395061728395,0.47160493827160493,0.9291448516579407,
by_confidence,0.5282304526748971,0.4717695473251029,0.9291695743196092,
by_confidence,0.5280658436213992,0.4719341563786008,0.9291942797349145,
by_confidence,0.5279012345679013,0.4720987654320988,0.9292189679218968,
by_confidence,0.5277366255144033,0.4722633744855967,0.929243638898571,
by_confidence,0.5275720164609053,0.47242798353909465,0.9292682926829269,
by_confidence,0.5274074074074074,0.4725925925925926,0.9292929292929293,
by_confidence,0.5272427983539094,0.47275720164609053,0.9293175487465181,
by_confidence,0.5270781893004115,0.4729218106995885,0.9289940828402367,
by_confidence,0.5269135802469136,0.4730864197530864,0.9290187891440501,
by_confidence,0.5267489711934157,0.4732510288065844,0.9290434782608695,
by_confidence,0.5265843621399177,0.4734156378600823,0.9290681502086231,
by_confidence,0.5264197530864198,0.47358024691358025,0.9290928050052137,
by_confidence,0.5262551440329218,0.4737448559670782,0.9287699791521891,
by_confidence,0.5260905349794238,0.4739094650205761,0.9284473775616533,
by_confidence,0.5259259259259259,0.4740740740740741,0.9284722222222223,
by_confidence,0.525761316872428,0.474238683127572,0.9284970496355432,
by_confidence,0.5255967078189301,0.47440329218106997,0.9285218598195697,
by_confidence,0.5254320987654321,0.4745679012345679,0.9285466527922304,
by_confidence,0.5252674897119342,0.47473251028806585,0.9282246879334258,
by_confidence,0.5251028806584362,0.4748971193415638,0.9282495667244367,
by_confidence,0.5249382716049382,0.4750617283950617,0.9282744282744283,
by_confidence,0.5247736625514403,0.4752263374485597,0.9282992726013163,
by_confidence,0.5246090534979424,0.4753909465020576,0.9283240997229917,
by_confidence,0.5244444444444445,0.47555555555555556,0.9283489096573209,
by_confidence,0.5242798353909465,0.4757201646090535,0.9283737024221453,
by_confidence,0.5241152263374486,0.47588477366255144,0.9283984780352819,
by_confidence,0.5239506172839506,0.4760493827160494,0.9280774550484094,
by_confidence,0.5237860082304526,0.4762139917695473,0.9277566539923955,
by_confidence,0.5236213991769547,0.4763786008230453,0.9274360746371804,
by_confidence,0.5234567901234568,0.4765432098765432,0.927461139896373,
by_confidence,0.5232921810699589,0.47670781893004116,0.9274861878453039,
by_confidence,0.5231275720164609,0.47687242798353907,0.9275112185018985,
by_confidence,0.522962962962963,0.47703703703703704,0.927536231884058,
by_confidence,0.522798353909465,0.477201646090535,0.9275612280096585,
by_confidence,0.522633744855967,0.4773662551440329,0.9275862068965517,
by_confidence,0.5224691358024691,0.4775308641975309,0.9276111685625646,
by_confidence,0.5223045267489712,0.4776954732510288,0.9272915230875258,
by_confidence,0.5221399176954733,0.47786008230452676,0.927316569066483,
by_confidence,0.5219753086419753,0.47802469135802467,0.9273415977961432,
by_confidence,0.5218106995884774,0.47818930041152263,0.9273666092943201,
by_confidence,0.5216460905349795,0.4783539094650206,0.9273916035788025,
by_confidence,0.5214814814814814,0.4785185185185185,0.9274165806673547,
by_confidence,0.5213168724279835,0.4786831275720165,0.9274415405777167,
by_confidence,0.5211522633744856,0.4788477366255144,0.927466483327604,
by_confidence,0.5209876543209877,0.47901234567901235,0.9274914089347079,
by_confidence,0.5208230452674897,0.47917695473251026,0.9275163174166953,
by_confidence,0.5206584362139918,0.47934156378600823,0.9275412087912088,
by_confidence,0.5204938271604939,0.4795061728395062,0.9275660830758669,
by_confidence,0.5203292181069958,0.4796707818930041,0.9275909402882636,
by_confidence,0.5201646090534979,0.47983539094650207,0.9276157804459692,
by_confidence,0.52,0.48,0.9276406035665294,
by_confidence,0.5198353909465021,0.48016460905349795,0.9273225917038053,
by_confidence,0.5196707818930041,0.48032921810699586,0.927004797806717,
by_confidence,0.5195061728395062,0.4804938271604938,0.9270298047276464,
by_confidence,0.5193415637860083,0.4806584362139918,0.927054794520548,
by_confidence,0.5191769547325102,0.4808230452674897,0.9270797672030127,
by_confidence,0.5190123456790123,0.48098765432098767,0.9271047227926078,
by_confidence,0.5188477366255144,0.4811522633744856,0.9271296613068765,
by_confidence,0.5186831275720165,0.48131687242798354,0.926812585499316,
by_confidence,0.5185185185185185,0.48148148148148145,0.9268376068376069,
by_confidence,0.5183539094650206,0.4816460905349794,0.9265208475734792,
by_confidence,0.5181893004115227,0.4818106995884774,0.9265459514861633,
by_confidence,0.5180246913580246,0.4819753086419753,0.9265710382513661,
by_confidence,0.5178600823045267,0.48213991769547326,0.9265961078866507,
by_confidence,0.5176954732510288,0.4823045267489712,0.9266211604095563,
by_confidence,0.5175308641975309,0.48246913580246914,0.9266461958375981,
by_confidence,0.5173662551440329,0.48263374485596705,0.9263301500682128,
by_confidence,0.517201646090535,0.482798353909465,0.9263552676440504,
by_confidence,0.5170370370370371,0.482962962962963,0.9263803680981595,
by_confidence,0.516872427983539,0.4831275720164609,0.9264054514480409,
by_confidence,0.5167078189300411,0.48329218106995886,0.9264305177111717,
by_confidence,0.5165432098765432,0.48345679012345677,0.9264555669050051,
by_confidence,0.5163786008230453,0.48362139917695474,0.9261402314499659,
by_confidence,0.5162139917695473,0.4837860082304527,0.9261653623681524,
by_confidence,0.5160493827160494,0.4839506172839506,0.9261904761904762,
by_confidence,0.5158847736625515,0.4841152263374486,0.9262155729343761,
by_confidence,0.5157201646090535,0.4842798353909465,0.9262406526172672,
by_confidence,0.5155555555555555,0.48444444444444446,0.9262657152565409,
by_confidence,0.5153909465020576,0.48460905349794237,0.9262907608695652,
by_confidence,0.5152263374485597,0.48477366255144033,0.9263157894736842,
by_confidence,0.5150617283950617,0.4849382716049383,0.9263408010862186,
by_confidence,0.5148971193415638,0.4851028806584362,0.9263657957244655,
by_confidence,0.5147325102880659,0.4852674897119342,0.9263907734056988,
by_confidence,0.5145679012345679,0.4854320987654321,0.9260766361478467,
by_confidence,0.51440329218107,0.48559670781893005,0.9261016949152543,
by_confidence,0.514238683127572,0.48576131687242796,0.9261267366994239,
by_confidence,0.5140740740740741,0.48592592592592593,0.9261517615176151,
by_confidence,0.5139094650205761,0.4860905349794239,0.926176769387064,
by_confidence,0.5137448559670782,0.4862551440329218,0.926201760324983,
by_confidence,0.5135802469135803,0.48641975308641977,0.9262267343485617,
by_confidence,0.5134156378600823,0.4865843621399177,0.9262516914749662,
by_confidence,0.5132510288065844,0.48674897119341565,0.9262766317213392,
by_confidence,0.5130864197530864,0.48691358024691356,0.9263015551048005,
by_confidence,0.5129218106995885,0.4870781893004115,0.9259885096316323,
by_confidence,0.5127572016460905,0.4872427983539095,0.9260135135135135,
by_confidence,0.5125925925925926,0.4874074074074074,0.9260385005065856,
by_confidence,0.5124279835390947,0.48757201646090537,0.9260634706279541,
by_confidence,0.5122633744855967,0.4877366255144033,0.9260884238947014,
by_confidence,0.5120987654320988,0.48790123456790124,0.9261133603238867,
by_confidence,0.5119341563786008,0.48806584362139915,0.9261382799325464,
by_confidence,0.5117695473251029,0.4882304526748971,0.9261631827376938,
by_confidence,0.5116049382716049,0.4883950617283951,0.9261880687563195,
by_confidence,0.511440329218107,0.488559670781893,0.9262129380053908,
by_confidence,0.5112757201646091,0.48872427983539096,0.9262377905018525,
by_confidence,0.5111111111111111,0.4888888888888889,0.9262626262626262,
by_confidence,0.5109465020576132,0.48905349794238684,0.9262874453046113,
by_confidence,0.5107818930041153,0.48921810699588475,0.9263122476446837,
by_confidence,0.5106172839506172,0.4893827160493827,0.9263370332996973,
by_confidence,0.5104526748971193,0.4895473251028807,0.9263618022864829,
by_confidence,0.5102880658436214,0.4897119341563786,0.9263865546218487,
by_confidence,0.5101234567901235,0.48987654320987656,0.9264112903225806,
by_confidence,0.5099588477366255,0.49004115226337447,0.9264360094054417,
by_confidence,0.5097942386831276,0.49020576131687243,0.9264607118871726,
by_confidence,0.5096296296296297,0.49037037037037035,0.9264853977844915,
by_confidence,0.5094650205761316,0.4905349794238683,0.926510067114094,
by_confidence,0.5093004115226337,0.4906995884773663,0.9265347198926535,
by_confidence,0.5091358024691358,0.4908641975308642,0.9265593561368209,
by_confidence,0.5089711934156379,0.49102880658436215,0.9265839758632249,
by_confidence,0.5088065843621399,0.49119341563786006,0.9266085790884718,
by_confidence,0.508641975308642,0.49135802469135803,0.9266331658291457,
by_confidence,0.5084773662551441,0.49152263374485594,0.9266577361018085,
by_confidence,0.508312757201646,0.4916872427983539,0.9266822899229996,
by_confidence,0.5081481481481481,0.4918518518518519,0.9263721552878179,
by_confidence,0.5079835390946502,0.4920164609053498,0.9263967882234861,
by_confidence,0.5078189300411523,0.49218106995884775,0.9264214046822743,
by_confidence,0.5076543209876543,0.49234567901234566,0.9264460046807088,
by_confidence,0.5074897119341564,0.4925102880658436,0.9264705882352942,
by_confidence,0.5073251028806585,0.49267489711934154,0.9264951553625125,
by_confidence,0.5071604938271604,0.4928395061728395,0.9265197060788243,
by_confidence,0.5069958847736625,0.49300411522633747,0.9262103505843072,
by_confidence,0.5068312757201646,0.4931687242798354,0.9262349799732977,
by_confidence,0.5066666666666667,0.49333333333333335,0.9262595929262596,
by_confidence,0.5065020576131687,0.49349794238683126,0.9262841894596398,
by_confidence,0.5063374485596708,0.4936625514403292,0.9259753251083694,
by_confidence,0.5061728395061729,0.49382716049382713,0.926,
by_confidence,0.5060082304526748,0.4939917695473251,0.9260246584471843,
by_confidence,0.5058436213991769,0.49415637860082307,0.9257161892071952,
by_confidence,0.505679012345679,0.494320987654321,0.9257409257409257,
by_confidence,0.5055144032921811,0.49448559670781894,0.9257656458055925,
by_confidence,0.5053497942386831,0.49465020576131685,0.9257903494176373,
by_confidence,0.5051851851851852,0.4948148148148148,0.9258150365934797,
by_confidence,0.5050205761316873,0.4949794238683128,0.9258397073495178,
by_confidence,0.5048559670781892,0.4951440329218107,0.9258643617021277,
by_confidence,0.5046913580246913,0.49530864197530866,0.9258889996676637,
by_confidence,0.5045267489711934,0.49547325102880657,0.9259136212624585,
by_confidence,0.5043621399176955,0.49563786008230454,0.925938226502823,
by_confidence,0.5041975308641975,0.49580246913580245,0.9256308100929614,
by_confidence,0.5040329218106996,0.4959670781893004,0.9256554928642549,
by_confidence,0.5038683127572017,0.4961316872427984,0.9256801592568016,
by_confidence,0.5037037037037037,0.4962962962962963,0.9257048092868988,
by_confidence,0.5035390946502057,0.49646090534979426,0.9257294429708223,
by_confidence,0.5033744855967078,0.49662551440329217,0.9254226052369904,
by_confidence,0.5032098765432099,0.49679012345679013,0.9254473161033797,
by_confidence,0.5030452674897119,0.49695473251028804,0.9254720105995363,
by_confidence,0.502880658436214,0.497119341563786,0.9254966887417219,
by_confidence,0.5027160493827161,0.497283950617284,0.9255213505461768,
by_confidence,0.5025514403292181,0.4974485596707819,0.9255459960291198,
by_confidence,0.5023868312757201,0.49761316872427985,0.9255706252067483,
by_confidence,0.5022222222222222,0.49777777777777776,0.9255952380952381,
by_confidence,0.5020576131687243,0.49794238683127573,0.9256198347107438,
by_confidence,0.5018930041152263,0.49810699588477364,0.9256444150693985,
by_confidence,0.5017283950617284,0.4982716049382716,0.9256689791873142,
by_confidence,0.5015637860082305,0.49843621399176957,0.9256935270805813,
by_confidence,0.5013991769547325,0.4986008230452675,0.925718058765269,
by_confidence,0.5012345679012346,0.49876543209876545,0.9257425742574258,
by_confidence,0.5010699588477366,0.49893004115226336,0.9257670735730782,
by_confidence,0.5009053497942387,0.4990946502057613,0.9257915567282322,
by_confidence,0.5007407407407407,0.49925925925925924,0.9258160237388724,
by_confidence,0.5005761316872428,0.4994238683127572,0.9258404746209624,
by_confidence,0.5004115226337449,0.49958847736625517,0.9258649093904449,
by_confidence,0.5002469135802469,0.4997530864197531,0.9258893280632411,
by_confidence,0.500082304526749,0.49991769547325104,0.9259137306552518,
by_confidence,0.49991769547325104,0.500082304526749,0.9259381171823569,
by_confidence,0.4997530864197531,0.5002469135802469,0.9259624876604146,
by_confidence,0.49958847736625517,0.5004115226337449,0.9259868421052632,
by_confidence,0.4994238683127572,0.5005761316872428,0.9260111805327195,
by_confidence,0.49925925925925924,0.5007407407407407,0.9260355029585798,
by_confidence,0.4990946502057613,0.5009053497942387,0.9257311863292803,
by_confidence,0.49893004115226336,0.5010699588477366,0.9257555847568988,
by_confidence,0.49876543209876545,0.5012345679012346,0.9257799671592775,
by_confidence,0.4986008230452675,0.5013991769547325,0.9258043335521996,
by_confidence,0.49843621399176957,0.5015637860082305,0.9258286839514276,
by_confidence,0.4982716049382716,0.5017283950617284,0.925524934383202,
by_confidence,0.49810699588477364,0.5018930041152263,0.9255493604460479,
by_confidence,0.49794238683127573,0.5020576131687243,0.9255737704918032,
by_confidence,0.49777777777777776,0.5022222222222222,0.9255981645362177,
by_confidence,0.49761316872427985,0.5023868312757201,0.9256225425950196,
by_confidence,0.4974485596707819,0.5025514403292181,0.9256469046839174,
by_confidence,0.497283950617284,0.5027160493827161,0.925343811394892,
by_confidence,0.497119341563786,0.502880658436214,0.9253682487725041,
by_confidence,0.49695473251028804,0.5030452674897119,0.925392670157068,
by_confidence,0.49679012345679013,0.5032098765432099,0.9254170755642787,
by_confidence,0.49662551440329217,0.5033744855967078,0.9254414650098103,
by_confidence,0.49646090534979426,0.5035390946502057,0.9254658385093167,
by_confidence,0.4962962962962963,0.5037037037037037,0.9251633986928105,
by_confidence,0.4961316872427984,0.5038683127572017,0.925187847108788,
by_confidence,0.4959670781893004,0.5040329218106996,0.9252122795558458,
by_confidence,0.49580246913580245,0.5041975308641975,0.9252366960496246,
by_confidence,0.49563786008230454,0.5043621399176955,0.9252610966057441,
by_confidence,0.49547325102880657,0.5045267489711934,0.9252854812398043,
by_confidence,0.49530864197530866,0.5046913580246913,0.9249836921069797,
by_confidence,0.4951440329218107,0.5048559670781892,0.9250081512879035,
by_confidence,0.4949794238683128,0.5050205761316873,0.9250325945241199,
by_confidence,0.4948148148148148,0.5051851851851852,0.9250570218312154,
by_confidence,0.49465020576131685,0.5053497942386831,0.9250814332247557,
by_confidence,0.49448559670781894,0.5055144032921811,0.9251058287202866,
by_confidence,0.494320987654321,0.505679012345679,0.9248046875,
by_confidence,0.49415637860082307,0.5058436213991769,0.9248291571753986,
by_confidence,0.4939917695473251,0.5060082304526748,0.9248536109303839,
by_confidence,0.49382716049382713,0.5061728395061729,0.9248780487804878,
by_confidence,0.4936625514403292,0.5063374485596708,0.9249024707412223,
by_confidence,0.49349794238683126,0.5065020576131687,0.9246018849528762,
by_confidence,0.49333333333333335,0.5066666666666667,0.9246263807667316,
by_confidence,0.4931687242798354,0.5068312757201646,0.9246508606690484,
by_confidence,0.49300411522633747,0.5069958847736625,0.9246753246753247,
by_confidence,0.4928395061728395,0.5071604938271604,0.9243752028562155,
by_confidence,0.49267489711934154,0.5073251028806585,0.9243997404282933,
by_confidence,0.4925102880658436,0.5074897119341564,0.9244242620823873,
by_confidence,0.49234567901234566,0.5076543209876543,0.9244487678339819,
by_confidence,0.49218106995884775,0.5078189300411523,0.9244732576985414,
by_confidence,0.4920164609053498,0.5079835390946502,0.9241736876215165,
by_confidence,0.4918518518518519,0.5081481481481481,0.9238743116294137,
by_confidence,0.4916872427983539,0.508312757201646,0.9238989637305699,
by_confidence,0.49152263374485594,0.5084773662551441,0.9239235998705082,
by_confidence,0.49135802469135803,0.508641975308642,0.9236245954692557,
by_confidence,0.49119341563786006,0.5088065843621399,0.923325784535749,
by_confidence,0.49102880658436215,0.5089711934156379,0.9233505821474773,
by_confidence,0.4908641975308642,0.5091358024691358,0.923052053022955,
by_confidence,0.4906995884773663,0.5093004115226337,0.9230769230769231,
by_confidence,0.4905349794238683,0.5094650205761316,0.9227786752827141,
by_confidence,0.49037037037037035,0.5096296296296297,0.9228036175710594,
by_confidence,0.49020576131687243,0.5097942386831276,0.9228285437520181,
by_confidence,0.49004115226337447,0.5099588477366255,0.9228534538411879,
by_confidence,0.48987654320987656,0.5101234567901235,0.9228783478541465,
by_confidence,0.4897119341563786,0.5102880658436214,0.9225806451612903,
by_confidence,0.4895473251028807,0.5104526748971193,0.9226056110931957,
by_confidence,0.4893827160493827,0.5106172839506172,0.9223081882656351,
by_confidence,0.48921810699588475,0.5107818930041153,0.9223332259104092,
by_confidence,0.48905349794238684,0.5109465020576132,0.9223582474226805,
by_confidence,0.4888888888888889,0.5111111111111111,0.9223832528180355,
by_confidence,0.48872427983539096,0.5112757201646091,0.9220862846104314,
by_confidence,0.488559670781893,0.511440329218107,0.9217895075635661,
by_confidence,0.4883950617283951,0.5116049382716049,0.9218146718146718,
by_confidence,0.4882304526748971,0.5117695473251029,0.9218398198777742,
by_confidence,0.48806584362139915,0.5119341563786008,0.9215434083601286,
by_confidence,0.48790123456790124,0.5120987654320988,0.9215686274509803,
by_confidence,0.4877366255144033,0.5122633744855967,0.9215938303341902,
by_confidence,0.48757201646090537,0.5124279835390947,0.9216190170253774,
by_confidence,0.4874074074074074,0.5125925925925926,0.9216441875401413,
by_confidence,0.4872427983539095,0.5127572016460905,0.921669341894061,
by_confidence,0.4870781893004115,0.5129218106995885,0.9216944801026957,
by_confidence,0.48691358024691356,0.5130864197530864,0.9217196021815849,
by_confidence,0.48674897119341565,0.5132510288065844,0.9217447081462476,
by_confidence,0.4865843621399177,0.5134156378600823,0.9217697980121834,
by_confidence,0.48641975308641977,0.5135802469135803,0.9217948717948717,
by_confidence,0.4862551440329218,0.5137448559670782,0.9218199295097725,
by_confidence,0.4860905349794239,0.5139094650205761,0.9218449711723254,
by_confidence,0.48592592592592593,0.5140740740740741,0.9218699967979507,
by_confidence,0.48576131687242796,0.514238683127572,0.9218950064020487,
by_confidence,0.48559670781893005,0.51440329218107,0.92192,
by_confidence,0.4854320987654321,0.5145679012345679,0.9219449776071658,
by_confidence,0.4852674897119342,0.5147325102880659,0.9216501439078989,
by_confidence,0.4851028806584362,0.5148971193415638,0.9216751918158568,
by_confidence,0.4849382716049383,0.5150617283950617,0.9213806327900288,
by_confidence,0.48477366255144033,0.5152263374485597,0.921405750798722,
by_confidence,0.48460905349794237,0.5153909465020576,0.9214308527626957,
by_confidence,0.48444444444444446,0.5155555555555555,0.921455938697318,
by_confidence,0.4842798353909465,0.5157201646090535,0.921481008617938,
by_confidence,0.4841152263374486,0.5158847736625515,0.9215060625398851,
by_confidence,0.4839506172839506,0.5160493827160494,0.9215311004784689,
by_confidence,0.4837860082304527,0.5162139917695473,0.9215561224489796,
by_confidence,0.48362139917695474,0.5163786008230453,0.9215811284666879,
by_confidence,0.48345679012345677,0.5165432098765432,0.9216061185468452,
by_confidence,0.48329218106995886,0.5167078189300411,0.921631092704683,
by_confidence,0.4831275720164609,0.516872427983539,0.921656050955414,
by_confidence,0.482962962962963,0.5170370370370371,0.9213626233683541,
by_confidence,0.482798353909465,0.517201646090535,0.9213876511775939,
by_confidence,0.48263374485596705,0.5173662551440329,0.92141266306077,
by_confidence,0.48246913580246914,0.5175308641975309,0.9211195928753181,
by_confidence,0.4823045267489712,0.5176954732510288,0.9208267090620031,
by_confidence,0.48213991769547326,0.5178600823045267,0.9208518753973299,
by_confidence,0.4819753086419753,0.5180246913580246,0.9208770257387988,
by_confidence,0.4818106995884774,0.5181893004115227,0.9209021601016518,
by_confidence,0.4816460905349794,0.5183539094650206,0.9209272785011114,
by_confidence,0.48148148148148145,0.5185185185185185,0.9206349206349206,
by_confidence,0.48131687242798354,0.5186831275720165,0.9206601079022533,
by_confidence,0.4811522633744856,0.5188477366255144,0.9206852791878173,
by_confidence,0.48098765432098767,0.5190123456790123,0.9203932762448461,
by_confidence,0.4808230452674897,0.5191769547325102,0.920418516169943,
by_confidence,0.4806584362139918,0.5193415637860083,0.9204437400950871,
by_confidence,0.4804938271604938,0.5195061728395062,0.9201520912547528,
by_confidence,0.48032921810699586,0.5196707818930041,0.9201773835920177,
by_confidence,0.48016460905349795,0.5198353909465021,0.9202026599113363,
by_confidence,0.48,0.52,0.9202279202279202,
by_confidence,0.47983539094650207,0.5201646090534979,0.920253164556962,
by_confidence,0.4796707818930041,0.5203292181069958,0.9202783929136349,
by_confidence,0.4795061728395062,0.5204938271604939,0.920303605313093,
by_confidence,0.47934156378600823,0.5206584362139918,0.920328801770471,
by_confidence,0.47917695473251026,0.5208230452674897,0.9200379266750948,
by_confidence,0.47901234567901235,0.5209876543209877,0.9200631911532385,
by_confidence,0.4788477366255144,0.5211522633744856,0.9200884396715098,
by_confidence,0.4786831275720165,0.5213168724279835,0.9201136722450268,
by_confidence,0.4785185185185185,0.5214814814814814,0.9201388888888888,
by_confidence,0.4783539094650206,0.5216460905349795,0.9201640896181761,
by_confidence,0.47818930041152263,0.5218106995884774,0.9201892744479495,
by_confidence,0.47802469135802467,0.5219753086419753,0.9202144433932513,
by_confidence,0.47786008230452676,0.5221399176954733,0.9202395964691047,
by_confidence,0.4776954732510288,0.5223045267489712,0.9202647336905138,
by_confidence,0.4775308641975309,0.5224691358024691,0.9199747952110902,
by_confidence,0.4773662551440329,0.522633744855967,0.92,
by_confidence,0.477201646090535,0.522798353909465,0.9200251889168766,
by_confidence,0.47703703703703704,0.522962962962963,0.9200503619767075,
by_confidence,0.47687242798353907,0.5231275720164609,0.920075519194462,
by_confidence,0.47670781893004116,0.5232921810699589,0.9201006605850897,
by_confidence,0.4765432098765432,0.5234567901234568,0.920125786163522,
by_confidence,0.4763786008230453,0.5236213991769547,0.9201508959446715,
by_confidence,0.4762139917695473,0.5237860082304526,0.9201759899434317,
by_confidence,0.4760493827160494,0.5239506172839506,0.920201068174678,
by_confidence,0.47588477366255144,0.5241152263374486,0.9202261306532663,
by_confidence,0.4757201646090535,0.5242798353909465,0.9202511773940345,
by_confidence,0.47555555555555556,0.5244444444444445,0.9202762084118016,
by_confidence,0.4753909465020576,0.5246090534979424,0.920301223721368,
by_confidence,0.4752263374485597,0.5247736625514403,0.9200125470514429,
by_confidence,0.4750617283950617,0.5249382716049382,0.9200376293508937,
by_confidence,0.4748971193415638,0.5251028806584362,0.9200626959247649,
by_confidence,0.47473251028806585,0.5252674897119342,0.9200877467878408,
by_confidence,0.4745679012345679,0.5254320987654321,0.9201127819548872,
by_confidence,0.47440329218106997,0.5255967078189301,0.9201378014406514,
by_confidence,0.474238683127572,0.525761316872428,0.9201628052598623,
by_confidence,0.4740740740740741,0.5259259259259259,0.92018779342723,
by_confidence,0.4739094650205761,0.5260905349794238,0.9202127659574468,
by_confidence,0.4737448559670782,0.5262551440329218,0.9202377228651861,
by_confidence,0.47358024691358025,0.5264197530864198,0.9202626641651032,
by_confidence,0.4734156378600823,0.5265843621399177,0.9202875898718349,
by_confidence,0.4732510288065844,0.5267489711934157,0.9203125,
by_confidence,0.4730864197530864,0.5269135802469136,0.9203373945641987,
by_confidence,0.4729218106995885,0.5270781893004115,0.920049968769519,
by_confidence,0.47275720164609053,0.5272427983539094,0.9200749297533563,
by_confidence,0.4725925925925926,0.5274074074074074,0.920099875156055,
by_confidence,0.47242798353909465,0.5275720164609053,0.9201248049921997,
by_confidence,0.4722633744855967,0.5277366255144033,0.9201497192763568,
by_confidence,0.4720987654320988,0.5279012345679013,0.9201746180230745,
by_confidence,0.4719341563786008,0.5280658436213992,0.9201995012468828,
by_confidence,0.4717695473251029,0.5282304526748971,0.9202243689622935,
by_confidence,0.47160493827160493,0.528395061728395,0.9202492211838006,
by_confidence,0.47144032921810697,0.528559670781893,0.9199626284646527,
by_confidence,0.47127572016460906,0.5287242798353909,0.9199875466998755,
by_confidence,0.4711111111111111,0.5288888888888889,0.9200124494242141,
by_confidence,0.4709465020576132,0.5290534979423869,0.9200373366521468,
by_confidence,0.4707818930041152,0.5292181069958848,0.9200622083981338,
by_confidence,0.4706172839506173,0.5293827160493827,0.9200870646766169,
by_confidence,0.47045267489711934,0.5295473251028806,0.9201119055020205,
by_confidence,0.4702880658436214,0.5297119341563786,0.9198259788688626,
by_confidence,0.47012345679012346,0.5298765432098765,0.9195402298850575,
by_confidence,0.4699588477366255,0.5300411522633744,0.9195652173913044,
by_confidence,0.4697942386831276,0.5302057613168725,0.9195901893821794,
by_confidence,0.4696296296296296,0.5303703703703704,0.9196151458721291,
by_confidence,0.4694650205761317,0.5305349794238683,0.9196400868755817,
by_confidence,0.46930041152263374,0.5306995884773662,0.9196650124069479,
by_confidence,0.4691358024691358,0.5308641975308642,0.9196899224806202,
by_confidence,0.46897119341563787,0.5310288065843621,0.9197148171109734,
by_confidence,0.4688065843621399,0.53119341563786,0.9197396963123644,
by_confidence,0.468641975308642,0.5313580246913581,0.9197645600991325,
by_confidence,0.468477366255144,0.531522633744856,0.9197894084855992,
by_confidence,0.4683127572016461,0.5316872427983539,0.9198142414860682,
by_confidence,0.46814814814814815,0.5318518518518518,0.9195295574125658,
by_confidence,0.4679835390946502,0.5320164609053498,0.9195544554455446,
by_confidence,0.46781893004115227,0.5321810699588477,0.9192700278379214,
by_confidence,0.4676543209876543,0.5323456790123456,0.9192949907235621,
by_confidence,0.4674897119341564,0.5325102880658437,0.9193199381761978,
by_confidence,0.4673251028806584,0.5326748971193416,0.919344870210136,
by_confidence,0.4671604938271605,0.5328395061728395,0.9193697868396663,
by_confidence,0.46699588477366255,0.5330041152263374,0.9190858554663373,
by_confidence,0.4668312757201646,0.5331687242798354,0.919110836677987,
by_confidence,0.4666666666666667,0.5333333333333333,0.9191358024691358,
by_confidence,0.4665020576131687,0.5334979423868312,0.9191607528540574,
by_confidence,0.4663374485596708,0.5336625514403293,0.918877236273905,
by_confidence,0.46617283950617283,0.5338271604938272,0.9189022510021585,
by_confidence,0.4660082304526749,0.5339917695473251,0.9189272503082614,
by_confidence,0.46584362139917695,0.5341563786008231,0.9189522342064715,
by_confidence,0.465679012345679,0.534320987654321,0.918977202711029,
by_confidence,0.4655144032921811,0.5344855967078189,0.9190021558361564,
by_confidence,0.4653497942386831,0.5346502057613168,0.9187192118226601,
by_confidence,0.4651851851851852,0.5348148148148149,0.9187442289935365,
by_confidence,0.46502057613168724,0.5349794238683128,0.9187692307692308,
by_confidence,0.4648559670781893,0.5351440329218107,0.9184866195016917,
by_confidence,0.46469135802469136,0.5353086419753087,0.9185116851168512,
by_confidence,0.4645267489711934,0.5354732510288066,0.9185367353212419,
by_confidence,0.4643621399176955,0.5356378600823045,0.9182544560540873,
by_confidence,0.4641975308641975,0.5358024691358024,0.9182795698924732,
by_confidence,0.4640329218106996,0.5359670781893004,0.9183046683046683,
by_confidence,0.46386831275720164,0.5361316872427984,0.9183297513048818,
by_confidence,0.46370370370370373,0.5362962962962963,0.9183548189073051,
by_confidence,0.46353909465020576,0.5364609053497943,0.9183798711261123,
by_confidence,0.4633744855967078,0.5366255144032922,0.9184049079754601,
by_confidence,0.4632098765432099,0.5367901234567901,0.9184299294694879,
by_confidence,0.4630452674897119,0.536954732510288,0.9184549356223176,
by_confidence,0.462880658436214,0.537119341563786,0.918479926448054,
by_confidence,0.46271604938271604,0.537283950617284,0.9185049019607843,
by_confidence,0.46255144032921813,0.5374485596707819,0.9185298621745789,
by_confidence,0.46238683127572017,0.5376131687242799,0.9185548071034905,
by_confidence,0.4622222222222222,0.5377777777777778,0.9185797367615549,
by_confidence,0.4620576131687243,0.5379423868312757,0.9186046511627907,
by_confidence,0.4618930041152263,0.5381069958847736,0.9186295503211992,
by_confidence,0.4617283950617284,0.5382716049382716,0.918348623853211,
by_confidence,0.46156378600823045,0.5384362139917696,0.9183735860593091,
by_confidence,0.46139917695473254,0.5386008230452675,0.918398533007335,
by_confidence,0.46123456790123457,0.5387654320987655,0.918423464711274,
by_confidence,0.4610699588477366,0.5389300411522634,0.9184483811850946,
by_confidence,0.4609053497942387,0.5390946502057613,0.9184732824427481,
by_confidence,0.46074074074074073,0.5392592592592592,0.9184981684981685,
by_confidence,0.4605761316872428,0.5394238683127572,0.9185230393652731,
by_confidence,0.46041152263374485,0.5395884773662551,0.9185478950579622,
by_confidence,0.46024691358024694,0.5397530864197531,0.9182677645623666,
by_confidence,0.460082304526749,0.5399176954732511,0.9182926829268293,
by_confidence,0.459917695473251,0.540082304526749,0.9183175861017983,
by_confidence,0.4597530864197531,0.5402469135802469,0.9183424741011579,
by_confidence,0.45958847736625513,0.5404115226337448,0.9183673469387755,
by_confidence,0.4594238683127572,0.5405761316872428,0.9180876979293544,
by_confidence,0.45925925925925926,0.5407407407407407,0.9178082191780822,
by_confidence,0.4590946502057613,0.5409053497942387,0.9178332318928789,
by_confidence,0.4589300411522634,0.5410699588477367,0.9178582293885001,
by_confidence,0.4587654320987654,0.5412345679012346,0.9178832116788321,
by_confidence,0.4586008230452675,0.5413991769547325,0.917908178777744,
by_confidence,0.45843621399176954,0.5415637860082304,0.9179331306990881,
by_confidence,0.4582716049382716,0.5417283950617284,0.9179580674567,
by_confidence,0.45810699588477366,0.5418930041152263,0.9179829890643986,
by_confidence,0.4579423868312757,0.5420576131687243,0.9180078955359854,
by_confidence,0.4577777777777778,0.5422222222222223,0.9180327868852459,
by_confidence,0.4576131687242798,0.5423868312757202,0.9180576631259484,
by_confidence,0.4574485596707819,0.5425514403292181,0.9180825242718447,
by_confidence,0.45728395061728394,0.542716049382716,0.9181073703366697,
by_confidence,0.45711934156378603,0.542880658436214,0.9181322013341419,
by_confidence,0.45695473251028806,0.5430452674897119,0.9181570172779631,
by_confidence,0.4567901234567901,0.5432098765432098,0.9181818181818182,
by_confidence,0.4566255144032922,0.5433744855967079,0.9182066040593759,
by_confidence,0.4564609053497942,0.5435390946502058,0.9182313749242883,
by_confidence,0.4562962962962963,0.5437037037037037,0.9182561307901907,
by_confidence,0.45613168724279834,0.5438683127572016,0.9182808716707022,
by_confidence,0.45596707818930043,0.5440329218106996,0.9180030257186081,
by_confidence,0.45580246913580247,0.5441975308641975,0.9180278281911676,
by_confidence,0.4556378600823045,0.5443621399176954,0.9180526156637435,
by_confidence,0.4554732510288066,0.5445267489711935,0.9177750906892382,
by_confidence,0.4553086419753086,0.5446913580246914,0.917799939558779,
by_confidence,0.4551440329218107,0.5448559670781893,0.9178247734138972,
by_confidence,0.45497942386831275,0.5450205761316872,0.917849592268197,
by_confidence,0.45481481481481484,0.5451851851851852,0.9178743961352657,
by_confidence,0.4546502057613169,0.5453497942386831,0.917899185028675,
by_confidence,0.4544855967078189,0.545514403292181,0.9176222088111045,
by_confidence,0.454320987654321,0.5456790123456791,0.9176470588235294,
by_confidence,0.45415637860082303,0.545843621399177,0.9176718938480096,
by_confidence,0.4539917695473251,0.5460082304526749,0.9176967138981007,
by_confidence,0.45382716049382715,0.5461728395061728,0.9177215189873418,
by_confidence,0.45366255144032924,0.5463374485596708,0.9177463091292558,
by_confidence,0.4534979423868313,0.5465020576131687,0.9177710843373494,
by_confidence,0.4533333333333333,0.5466666666666666,0.9177958446251129,
by_confidence,0.4531687242798354,0.5468312757201647,0.9178205900060205,
by_confidence,0.45300411522633743,0.5469958847736626,0.91784532049353,
by_confidence,0.4528395061728395,0.5471604938271605,0.9175691937424789,
by_confidence,0.45267489711934156,0.5473251028806584,0.917593984962406,
by_confidence,0.45251028806584365,0.5474897119341564,0.9173180998196031,
by_confidence,0.4523456790123457,0.5476543209876543,0.9173429516080553,
by_confidence,0.4521810699588477,0.5478189300411522,0.9173677884615384,
by_confidence,0.4520164609053498,0.5479835390946503,0.9173926103935116,
by_confidence,0.45185185185185184,0.5481481481481482,0.9174174174174174,
by_confidence,0.4516872427983539,0.5483127572016461,0.9174422095466827,
by_confidence,0.45152263374485596,0.548477366255144,0.9174669867947179,
by_confidence,0.45135802469135805,0.548641975308642,0.9171917191719172,
by_confidence,0.4511934156378601,0.5488065843621399,0.9172165566886623,
by_confidence,0.4510288065843621,0.5489711934156378,0.9172413793103448,
by_confidence,0.4508641975308642,0.5491358024691358,0.9172661870503597,
by_confidence,0.45069958847736624,0.5493004115226338,0.9172909799220857,
by_confidence,0.45053497942386833,0.5494650205761317,0.9170161773517076,
by_confidence,0.45037037037037037,0.5496296296296296,0.9170410302485774,
by_confidence,0.45020576131687245,0.5497942386831276,0.917065868263473,
by_confidence,0.4500411522633745,0.5499588477366255,0.9170906914097575,
by_confidence,0.4498765432098765,0.5501234567901234,0.917115499700778,
by_confidence,0.4497119341563786,0.5502880658436214,0.9171402931498653,
by_confidence,0.44954732510288065,0.5504526748971194,0.9171650717703349,
by_confidence,0.44938271604938274,0.5506172839506173,0.9171898355754858,
by_confidence,0.44921810699588477,0.5507818930041152,0.9172145845786013,
by_confidence,0.44905349794238686,0.5509465020576132,0.9169405437705408,
by_confidence,0.4488888888888889,0.5511111111111111,0.9166666666666666,
by_confidence,0.4487242798353909,0.551275720164609,0.9166915497163333,
by_confidence,0.448559670781893,0.551440329218107,0.9167164179104478,
by_confidence,0.44839506172839505,0.551604938271605,0.9167412712623098,
by_confidence,0.44823045267489714,0.5517695473251029,0.9167661097852029,
by_confidence,0.4480658436213992,0.5519341563786008,0.9167909334923948,
by_confidence,0.4479012345679012,0.5520987654320988,0.9168157423971377,
by_confidence,0.4477366255144033,0.5522633744855967,0.9168405365126676,
by_confidence,0.44757201646090533,0.5524279835390946,0.916865315852205,
by_confidence,0.4474074074074074,0.5525925925925926,0.9168900804289544,
by_confidence,0.44724279835390945,0.5527572016460905,0.9169148302561049,
by_confidence,0.44707818930041154,0.5529218106995885,0.9169395653468294,
by_confidence,0.4469135802469136,0.5530864197530864,0.9169642857142857,
by_confidence,0.4467489711934156,0.5532510288065844,0.9169889913716156,
by_confidence,0.4465843621399177,0.5534156378600823,0.9170136823319452,
by_confidence,0.44641975308641973,0.5535802469135802,0.9170383586083853,
by_confidence,0.4462551440329218,0.5537448559670782,0.917063020214031,
by_confidence,0.44609053497942386,0.5539094650205761,0.9170876671619613,
by_confidence,0.44592592592592595,0.554074074074074,0.9171122994652406,
by_confidence,0.445761316872428,0.554238683127572,0.9171369171369171,
by_confidence,0.44559670781893,0.55440329218107,0.9171615201900237,
by_confidence,0.4454320987654321,0.5545679012345679,0.9168892846542,
by_confidence,0.44526748971193414,0.5547325102880658,0.9169139465875371,
by_confidence,0.44510288065843623,0.5548971193415638,0.9169385938890537,
by_confidence,0.44493827160493826,0.5550617283950617,0.9169632265717675,
by_confidence,0.44477366255144035,0.5552263374485596,0.9169878446486807,
by_confidence,0.4446090534979424,0.5553909465020576,0.91701244813278,
by_confidence,0.4444444444444444,0.5555555555555556,0.917037037037037,
by_confidence,0.4442798353909465,0.5557201646090535,0.9170616113744076,
by_confidence,0.44411522633744854,0.5558847736625514,0.9170861711578324,
by_confidence,0.44395061728395063,0.5560493827160494,0.9171107164002368,
by_confidence,0.44378600823045267,0.5562139917695473,0.9171352471145309,
by_confidence,0.44362139917695476,0.5563786008230452,0.9171597633136095,
by_confidence,0.4434567901234568,0.5565432098765432,0.917184265010352,
by_confidence,0.4432921810699588,0.5567078189300412,0.9172087522176227,
by_confidence,0.4431275720164609,0.5568724279835391,0.9172332249482708,
by_confidence,0.44296296296296295,0.557037037037037,0.91725768321513,
by_confidence,0.44279835390946504,0.557201646090535,0.9172821270310192,
by_confidence,0.44263374485596707,0.5573662551440329,0.9170112226816303,
by_confidence,0.44246913580246916,0.5575308641975308,0.9170357248302332,
by_confidence,0.4423045267489712,0.5576954732510289,0.9167650531286895,
by_confidence,0.44213991769547323,0.5578600823045268,0.9164945411625849,
by_confidence,0.4419753086419753,0.5580246913580247,0.9165191740412979,
by_confidence,0.44181069958847735,0.5581893004115226,0.9165437923916249,
by_confidence,0.44164609053497944,0.5583539094650206,0.9165683962264151,
by_confidence,0.4414814814814815,0.5585185185185185,0.9162982611258473,
by_confidence,0.44131687242798356,0.5586831275720164,0.9163229228049499,
by_confidence,0.4411522633744856,0.5588477366255145,0.9163475699558173,
by_confidence,0.44098765432098763,0.5590123456790124,0.9163722025912838,
by_confidence,0.4408230452674897,0.5591769547325103,0.9163968207241684,
by_confidence,0.44065843621399176,0.5593415637860082,0.9164214243672749,
by_confidence,0.44049382716049384,0.5595061728395062,0.9164460135333922,
by_confidence,0.4403292181069959,0.5596707818930041,0.9164705882352941,
by_confidence,0.44016460905349797,0.559835390946502,0.9164951484857395,
by_confidence,0.44,0.56,0.916519694297472,
by_confidence,0.43983539094650204,0.560164609053498,0.9162503673229503,
by_confidence,0.4396707818930041,0.5603292181069959,0.9162749706227967,
by_confidence,0.43950617283950616,0.5604938271604938,0.9162995594713657,
by_confidence,0.43934156378600825,0.5606584362139918,0.9163241338813858,
by_confidence,0.4391769547325103,0.5608230452674897,0.9163486938655708,
by_confidence,0.4390123456790124,0.5609876543209876,0.9163732394366197,
by_confidence,0.4388477366255144,0.5611522633744856,0.916104429451452,
by_confidence,0.43868312757201644,0.5613168724279836,0.9161290322580645,
by_confidence,0.43851851851851853,0.5614814814814815,0.9161536206391088,
by_confidence,0.43835390946502056,0.5616460905349794,0.9158851113716295,
by_confidence,0.43818930041152265,0.5618106995884774,0.915616759449165,
by_confidence,0.4380246913580247,0.5619753086419753,0.9153485647334505,
by_confidence,0.4378600823045268,0.5621399176954732,0.9153733528550513,
by_confidence,0.4376954732510288,0.5623045267489712,0.9153981264637002,
by_confidence,0.43753086419753084,0.5624691358024692,0.9154228855721394,
by_confidence,0.43736625514403293,0.5626337448559671,0.9151550614394383,
by_confidence,0.43720164609053497,0.562798353909465,0.9151798771570635,
by_confidence,0.43703703703703706,0.562962962962963,0.9149122807017543,
by_confidence,0.4368724279835391,0.5631275720164609,0.914937152879275,
by_confidence,0.4367078189300411,0.5632921810699588,0.9149620105201637,
by_confidence,0.4365432098765432,0.5634567901234568,0.9149868536371604,
by_confidence,0.43637860082304525,0.5636213991769548,0.9147196261682243,
by_confidence,0.43621399176954734,0.5637860082304527,0.9147445255474452,
by_confidence,0.43604938271604937,0.5639506172839506,0.9147694103911267,
by_confidence,0.43588477366255146,0.5641152263374486,0.914794280711993,
by_confidence,0.4357201646090535,0.5642798353909465,0.9148191365227538,
by_confidence,0.43555555555555553,0.5644444444444444,0.9148439778361038,
by_confidence,0.4353909465020576,0.5646090534979424,0.914868804664723,
by_confidence,0.43522633744855965,0.5647736625514403,0.9148936170212766,
by_confidence,0.43506172839506174,0.5649382716049383,0.914918414918415,
by_confidence,0.4348971193415638,0.5651028806584362,0.9149431983687737,
by_confidence,0.43473251028806587,0.5652674897119342,0.9149679673849738,
by_confidence,0.4345679012345679,0.5654320987654321,0.9147016011644833,
by_confidence,0.43440329218106993,0.56559670781893,0.9147264260768335,
by_confidence,0.434238683127572,0.565761316872428,0.9147512365434972,
by_confidence,0.43407407407407406,0.5659259259259259,0.9147760325770797,
by_confidence,0.43390946502057615,0.5660905349794239,0.9145100319860424,
by_confidence,0.4337448559670782,0.5662551440329218,0.9145348837209303,
by_confidence,0.43358024691358027,0.5664197530864198,0.9145597210113339,
by_confidence,0.4334156378600823,0.5665843621399177,0.9142940151074956,
by_confidence,0.43325102880658434,0.5667489711934156,0.9140284635492303,
by_confidence,0.4330864197530864,0.5669135802469136,0.9140534262485482,
by_confidence,0.43292181069958846,0.5670781893004115,0.9140783744557329,
by_confidence,0.43275720164609055,0.5672427983539094,0.914103308183401,
by_confidence,0.4325925925925926,0.5674074074074074,0.9141282274441543,
by_confidence,0.4324279835390947,0.5675720164609054,0.91415313225058,
by_confidence,0.4322633744855967,0.5677366255144033,0.9141780226152508,
by_confidence,0.43209876543209874,0.5679012345679012,0.9142028985507247,
by_confidence,0.43193415637860083,0.5680658436213992,0.9139379889886989,
by_confidence,0.43176954732510286,0.5682304526748971,0.9139629200463499,
by_confidence,0.43160493827160495,0.568395061728395,0.9139878366637706,
by_confidence,0.431440329218107,0.568559670781893,0.9140127388535032,
by_confidence,0.4312757201646091,0.568724279835391,0.9137481910274964,
by_confidence,0.4311111111111111,0.5688888888888889,0.9137731481481481,
by_confidence,0.43094650205761315,0.5690534979423868,0.9137980908301996,
by_confidence,0.43078189300411523,0.5692181069958848,0.9135338345864662,
by_confidence,0.43061728395061727,0.5693827160493827,0.9135588320323793,
by_confidence,0.43045267489711936,0.5695473251028806,0.9135838150289017,
by_confidence,0.4302880658436214,0.5697119341563786,0.9136087835885582,
by_confidence,0.4301234567901235,0.5698765432098766,0.913633737723859,
by_confidence,0.4299588477366255,0.5700411522633745,0.9136586774473,
by_confidence,0.42979423868312755,0.5702057613168724,0.9136836027713626,
by_confidence,0.42962962962962964,0.5703703703703704,0.9137085137085137,
by_confidence,0.4294650205761317,0.5705349794238683,0.913733410271206,
by_confidence,0.42930041152263376,0.5706995884773662,0.9137582924718777,
by_confidence,0.4291358024691358,0.5708641975308641,0.9137831603229527,
by_confidence,0.4289711934156379,0.5710288065843622,0.9138080138368406,
by_confidence,0.4288065843621399,0.5711934156378601,0.9138328530259366,
by_confidence,0.42864197530864195,0.571358024691358,0.9138576779026217,
by_confidence,0.42847736625514404,0.571522633744856,0.9138824884792627,
by_confidence,0.4283127572016461,0.5716872427983539,0.9139072847682119,
by_confidence,0.42814814814814817,0.5718518518518518,0.9139320667818077,
by_confidence,0.4279835390946502,0.5720164609053497,0.9139568345323741,
by_confidence,0.4278189300411523,0.5721810699588478,0.913981588032221,
by_confidence,0.4276543209876543,0.5723456790123457,0.913718723037101,
by_confidence,0.42748971193415636,0.5725102880658436,0.9137435307648074,
by_confidence,0.42732510288065845,0.5726748971193416,0.9137683242311009,
by_confidence,0.4271604938271605,0.5728395061728395,0.9137931034482759,
by_confidence,0.42699588477366257,0.5730041152263374,0.9138178684286125,
by_confidence,0.4268312757201646,0.5731687242798353,0.9138426191843768,
by_confidence,0.4266666666666667,0.5733333333333334,0.9138673557278209,
by_confidence,0.42650205761316873,0.5734979423868313,0.9136050516647531,
by_confidence,0.42633744855967076,0.5736625514403292,0.9136298421807747,
by_confidence,0.42617283950617285,0.5738271604938272,0.9136546184738956,
by_confidence,0.4260082304526749,0.5739917695473251,0.913392601089762,
by_confidence,0.425843621399177,0.574156378600823,0.9134174311926605,
by_confidence,0.425679012345679,0.5743209876543209,0.9131556319862425,
by_confidence,0.42551440329218104,0.574485596707819,0.9131805157593124,
by_confidence,0.42534979423868313,0.5746502057613169,0.9132053852764251,
by_confidence,0.42518518518518517,0.5748148148148148,0.9129438717067583,
by_confidence,0.42502057613168726,0.5749794238683128,0.9129687947323217,
by_confidence,0.4248559670781893,0.5751440329218107,0.9129937034917001,
by_confidence,0.4246913580246914,0.5753086419753086,0.9130185979971388,
by_confidence,0.4245267489711934,0.5754732510288065,0.9130434782608695,
by_confidence,0.42436213991769545,0.5756378600823046,0.9130683442951101,
by_confidence,0.42419753086419754,0.5758024691358025,0.9130931961120641,
by_confidence,0.42403292181069957,0.5759670781893004,0.9131180337239211,
by_confidence,0.42386831275720166,0.5761316872427984,0.9131428571428571,
by_confidence,0.4237037037037037,0.5762962962962963,0.913167666381034,
by_confidence,0.4235390946502058,0.5764609053497942,0.9129069103369503,
by_confidence,0.4233744855967078,0.5766255144032921,0.9129317727662004,
by_confidence,0.42320987654320985,0.5767901234567901,0.9129566210045662,
by_confidence,0.42304526748971194,0.5769547325102881,0.912981455064194,
by_confidence,0.422880658436214,0.577119341563786,0.9130062749572162,
by_confidence,0.42271604938271606,0.577283950617284,0.9127459366980325,
by_confidence,0.4225514403292181,0.5774485596707819,0.9127708095781072,
by_confidence,0.4223868312757202,0.5776131687242798,0.9125106868053576,
by_confidence,0.4222222222222222,0.5777777777777777,0.9125356125356126,
by_confidence,0.42205761316872425,0.5779423868312757,0.9125605240672173,
by_confidence,0.42189300411522634,0.5781069958847737,0.9125854214123007,
by_confidence,0.4217283950617284,0.5782716049382716,0.9123256475946484,
by_confidence,0.42156378600823047,0.5784362139917696,0.9123505976095617,
by_confidence,0.4213991769547325,0.5786008230452675,0.912375533428165,
by_confidence,0.4212345679012346,0.5787654320987654,0.9124004550625711,
by_confidence,0.4210699588477366,0.5789300411522633,0.9124253625248792,
by_confidence,0.42090534979423866,0.5790946502057613,0.9124502558271745,
by_confidence,0.42074074074074075,0.5792592592592593,0.9124751349815289,
by_confidence,0.4205761316872428,0.5794238683127572,0.9125,
by_confidence,0.42041152263374487,0.5795884773662552,0.9125248508946322,
by_confidence,0.4202469135802469,0.5797530864197531,0.9122657580919932,
by_confidence,0.420082304526749,0.579917695473251,0.9122906613681522,
by_confidence,0.41991769547325103,0.580082304526749,0.9120317820658342,
by_confidence,0.41975308641975306,0.5802469135802469,0.9120567375886525,
by_confidence,0.41958847736625515,0.5804115226337448,0.9117980714690868,
by_confidence,0.4194238683127572,0.5805761316872428,0.9118230791040545,
by_confidence,0.4192592592592593,0.5807407407407408,0.9115646258503401,
by_confidence,0.4190946502057613,0.5809053497942387,0.9115896854633041,
by_confidence,0.4189300411522634,0.5810699588477366,0.9113314447592068,
by_confidence,0.41876543209876543,0.5812345679012346,0.9110733503256868,
by_confidence,0.41860082304526747,0.5813991769547325,0.9110985277463194,
by_confidence,0.41843621399176956,0.5815637860082304,0.9111236909142372,
by_confidence,0.4182716049382716,0.5817283950617284,0.9111488398415394,
by_confidence,0.4181069958847737,0.5818930041152264,0.9111739745403111,
by_confidence,0.4179423868312757,0.5820576131687243,0.9111990950226244,
by_confidence,0.4177777777777778,0.5822222222222222,0.910941475826972,
by_confidence,0.41761316872427984,0.5823868312757202,0.9109666478236291,
by_confidence,0.41744855967078187,0.5825514403292181,0.9109918055948008,
by_confidence,0.41728395061728396,0.582716049382716,0.9110169491525424,
by_confidence,0.417119341563786,0.582880658436214,0.9110420785088958,
by_confidence,0.4169547325102881,0.583045267489712,0.9110671936758893,
by_confidence,0.4167901234567901,0.5832098765432099,0.9110922946655376,
by_confidence,0.4166255144032922,0.5833744855967078,0.911117381489842,
by_confidence,0.41646090534979424,0.5835390946502058,0.9111424541607899,
by_confidence,0.4162962962962963,0.5837037037037037,0.9111675126903553,
by_confidence,0.41613168724279836,0.5838683127572016,0.9111925570904991,
by_confidence,0.4159670781893004,0.5840329218106995,0.9112175873731679,
by_confidence,0.4158024691358025,0.5841975308641976,0.9109608340377571,
by_confidence,0.4156378600823045,0.5843621399176955,0.9109859154929577,
by_confidence,0.4154732510288066,0.5845267489711934,0.9110109828217403,
by_confidence,0.41530864197530865,0.5846913580246914,0.9107545045045045,
by_confidence,0.4151440329218107,0.5848559670781893,0.9104981705600901,
by_confidence,0.41497942386831277,0.5850205761316872,0.9105233539673607,
by_confidence,0.4148148148148148,0.5851851851851851,0.910267229254571,
by_confidence,0.4146502057613169,0.5853497942386832,0.9102924634420697,
by_confidence,0.4144855967078189,0.5855144032921811,0.9103176834411021,
by_confidence,0.41432098765432096,0.585679012345679,0.9103428892636313,
by_confidence,0.41415637860082305,0.585843621399177,0.9103680809216071,
by_confidence,0.4139917695473251,0.5860082304526749,0.9103932584269663,
by_confidence,0.4138271604938272,0.5861728395061728,0.9104184217916316,
by_confidence,0.4136625514403292,0.5863374485596707,0.9104435710275126,
by_confidence,0.4134979423868313,0.5865020576131688,0.9104687061465058,
by_confidence,0.41333333333333333,0.5866666666666667,0.9104938271604939,
by_confidence,0.41316872427983536,0.5868312757201646,0.9102384291725105,
by_confidence,0.41300411522633745,0.5869958847736626,0.9099831744251262,
by_confidence,0.4128395061728395,0.5871604938271605,0.9097280627978693,
by_confidence,0.4126748971193416,0.5873251028806584,0.9097533632286996,
by_confidence,0.4125102880658436,0.5874897119341563,0.9097786494816475,
by_confidence,0.4123456790123457,0.5876543209876544,0.9095238095238095,
by_confidence,0.41218106995884773,0.5878189300411523,0.9095491458975077,
by_confidence,0.41201646090534977,0.5879835390946502,0.9092945128779395,
by_confidence,0.41185185185185186,0.5881481481481482,0.9093198992443325,
by_confidence,0.4116872427983539,0.5883127572016461,0.9093452714045887,
by_confidence,0.411522633744856,0.588477366255144,0.9090909090909091,
by_confidence,0.411358024691358,0.5886419753086419,0.9091163310961968,
by_confidence,0.4111934156378601,0.58880658436214,0.9091417388873357,
by_confidence,0.41102880658436214,0.5889711934156379,0.9091671324762437,
by_confidence,0.4108641975308642,0.5891358024691358,0.9089131042190556,
by_confidence,0.41069958847736626,0.5893004115226338,0.9089385474860335,
by_confidence,0.4105349794238683,0.5894650205761317,0.9089639765428651,
by_confidence,0.4103703703703704,0.5896296296296296,0.9089893914014517,
by_confidence,0.4102057613168724,0.5897942386831275,0.9090147920736813,
by_confidence,0.4100411522633745,0.5899588477366255,0.9090401785714286,
by_confidence,0.40987654320987654,0.5901234567901235,0.909065550906555,
by_confidence,0.4097119341563786,0.5902880658436214,0.9090909090909091,
by_confidence,0.40954732510288067,0.5904526748971194,0.9091162531363256,
by_confidence,0.4093827160493827,0.5906172839506173,0.9091415830546266,
by_confidence,0.4092181069958848,0.5907818930041152,0.9091668988576205,
by_confidence,0.4090534979423868,0.5909465020576131,0.909192200557103,
by_confidence,0.4088888888888889,0.5911111111111111,0.9092174881648566,
by_confidence,0.40872427983539095,0.591275720164609,0.9092427616926503,
by_confidence,0.408559670781893,0.591440329218107,0.9089897021987198,
by_confidence,0.40839506172839507,0.591604938271605,0.9090150250417363,
by_confidence,0.4082304526748971,0.5917695473251029,0.9090403337969402,
by_confidence,0.4080658436213992,0.5919341563786008,0.9090656284760845,
by_confidence,0.4079012345679012,0.5920987654320987,0.9088128996385877,
by_confidence,0.4077366255144033,0.5922633744855967,0.9088382434685937,
by_confidence,0.40757201646090535,0.5924279835390946,0.9088635732147818,
by_confidence,0.4074074074074074,0.5925925925925926,0.9088888888888889,
by_confidence,0.4072427983539095,0.5927572016460906,0.9089141905026381,
by_confidence,0.4070781893004115,0.5929218106995885,0.9086618545252637,
by_confidence,0.4069135802469136,0.5930864197530864,0.9086872051068554,
by_confidence,0.40674897119341563,0.5932510288065843,0.9087125416204217,
by_confidence,0.4065843621399177,0.5934156378600823,0.9087378640776699,
by_confidence,0.40641975308641975,0.5935802469135802,0.9087631724902939,
by_confidence,0.4062551440329218,0.5937448559670782,0.9085112281674522,
by_confidence,0.4060905349794239,0.5939094650205762,0.9085365853658537,
by_confidence,0.4059259259259259,0.5940740740740741,0.9085619285120532,
by_confidence,0.405761316872428,0.594238683127572,0.9085872576177285,
by_confidence,0.40559670781893004,0.5944032921810699,0.9086125726945444,
by_confidence,0.4054320987654321,0.5945679012345679,0.9086378737541528,
by_confidence,0.40526748971193416,0.5947325102880658,0.9086631608081926,
by_confidence,0.4051028806584362,0.5948971193415638,0.90868843386829,
by_confidence,0.4049382716049383,0.5950617283950618,0.9087136929460581,
by_confidence,0.4047736625514403,0.5952263374485597,0.9084623893805309,
by_confidence,0.4046090534979424,0.5953909465020576,0.9084876969864528,
by_confidence,0.40444444444444444,0.5955555555555555,0.908236594803759,
by_confidence,0.40427983539094653,0.5957201646090535,0.9082619508151423,
by_confidence,0.40411522633744856,0.5958847736625514,0.9082872928176795,
by_confidence,0.4039506172839506,0.5960493827160493,0.908036454018227,
by_confidence,0.4037860082304527,0.5962139917695474,0.9080618442849254,
by_confidence,0.4036213991769547,0.5963786008230453,0.9078112061827215,
by_confidence,0.4034567901234568,0.5965432098765432,0.9078366445916115,
by_confidence,0.40329218106995884,0.5967078189300411,0.9078620689655172,
by_confidence,0.4031275720164609,0.5968724279835391,0.9078874793160507,
by_confidence,0.40296296296296297,0.597037037037037,0.9079128756548112,
by_confidence,0.402798353909465,0.5972016460905349,0.9079382579933848,
by_confidence,0.4026337448559671,0.597366255144033,0.9079636263433453,
by_confidence,0.4024691358024691,0.5975308641975309,0.9077134986225895,
by_confidence,0.4023045267489712,0.5976954732510288,0.9077389148994768,
by_confidence,0.40213991769547325,0.5978600823045267,0.9077643171806168,
by_confidence,0.4019753086419753,0.5980246913580247,0.9077897054775668,
by_confidence,0.40181069958847737,0.5981893004115226,0.9075399009356081,
by_confidence,0.4016460905349794,0.5983539094650205,0.9075653370013755,
by_confidence,0.4014814814814815,0.5985185185185186,0.9075907590759076,
by_confidence,0.40131687242798353,0.5986831275720165,0.9073412152873247,
by_confidence,0.4011522633744856,0.5988477366255144,0.9073666849917537,
by_confidence,0.40098765432098765,0.5990123456790123,0.907392140697994,
by_confidence,0.4008230452674897,0.5991769547325103,0.9071428571428571,
by_confidence,0.4006584362139918,0.5993415637860082,0.9071683603405658,
by_confidence,0.4004938271604938,0.5995061728395061,0.9071938495332235,
by_confidence,0.4003292181069959,0.5996707818930042,0.9072193247323634,
by_confidence,0.40016460905349793,0.5998353909465021,0.9072447859495061,
by_confidence,0.4,0.6,0.9072702331961591,
by_confidence,0.39983539094650206,0.6001646090534979,0.9070213933077345,
by_confidence,0.3996707818930041,0.6003292181069959,0.9070468878530299,
by_confidence,0.3995061728395062,0.6004938271604938,0.9070723684210527,
by_confidence,0.3993415637860082,0.6006584362139917,0.9070978350232941,
by_confidence,0.3991769547325103,0.6008230452674898,0.9068493150684932,
by_confidence,0.39901234567901234,0.6009876543209877,0.9068748288140236,
by_confidence,0.3988477366255144,0.6011522633744856,0.9069003285870756,
by_confidence,0.39868312757201646,0.6013168724279835,0.9066520667944156,
by_confidence,0.3985185185185185,0.6014814814814815,0.9066776135741653,
by_confidence,0.3983539094650206,0.6016460905349794,0.906703146374829,
by_confidence,0.3981893004115226,0.6018106995884773,0.9067286652078774,
by_confidence,0.3980246913580247,0.6019753086419753,0.9067541700847689,
by_confidence,0.39786008230452674,0.6021399176954733,0.9067796610169492,
by_confidence,0.39769547325102883,0.6023045267489712,0.9068051380158513,
by_confidence,0.39753086419753086,0.6024691358024692,0.9065573770491804,
by_confidence,0.3973662551440329,0.6026337448559671,0.9065829008467632,
by_confidence,0.397201646090535,0.602798353909465,0.906608410704533,
by_confidence,0.397037037037037,0.6029629629629629,0.9066339066339066,
by_confidence,0.3968724279835391,0.6031275720164609,0.9066593886462883,
by_confidence,0.39670781893004115,0.6032921810699589,0.9066848567530695,
by_confidence,0.39654320987654323,0.6034567901234568,0.9067103109656302,
by_confidence,0.39637860082304527,0.6036213991769548,0.9064630488137442,
by_confidence,0.3962139917695473,0.6037860082304527,0.906215921483097,
by_confidence,0.3960493827160494,0.6039506172839506,0.9062414826928318,
by_confidence,0.3958847736625514,0.6041152263374485,0.9059945504087193,
by_confidence,0.3957201646090535,0.6042798353909465,0.9060201579950967,
by_confidence,0.39555555555555555,0.6044444444444445,0.9060457516339869,
by_confidence,0.39539094650205764,0.6046090534979424,0.906071331336782,
by_confidence,0.3952263374485597,0.6047736625514404,0.9060968971148612,
by_confidence,0.3950617283950617,0.6049382716049383,0.9061224489795918,
by_confidence,0.3948971193415638,0.6051028806584362,0.9061479869423286,
by_confidence,0.39473251028806583,0.6052674897119341,0.9061735110144139,
by_confidence,0.3945679012345679,0.6054320987654321,0.9061990212071778,
by_confidence,0.39440329218106995,0.60559670781893,0.906224517531938,
by_confidence,0.39423868312757204,0.605761316872428,0.9059782608695652,
by_confidence,0.3940740740740741,0.605925925925926,0.9060038033143167,
by_confidence,0.3939094650205761,0.6060905349794239,0.9057577403585008,
by_confidence,0.3937448559670782,0.6062551440329218,0.9057833288080369,
by_confidence,0.39358024691358023,0.6064197530864197,0.9058089033659066,
by_confidence,0.3934156378600823,0.6065843621399177,0.9055630936227951,
by_confidence,0.39325102880658436,0.6067489711934156,0.9055887140531742,
by_confidence,0.39308641975308645,0.6069135802469136,0.9056143205858421,
by_confidence,0.3929218106995885,0.6070781893004116,0.9053687635574837,
by_confidence,0.3927572016460905,0.6072427983539095,0.905123339658444,
by_confidence,0.3925925925925926,0.6074074074074074,0.9051490514905149,
by_confidence,0.39242798353909464,0.6075720164609053,0.9051747493904091,
by_confidence,0.3922633744855967,0.6077366255144033,0.9052004333694474,
by_confidence,0.39209876543209876,0.6079012345679012,0.9052261034389385,
by_confidence,0.3919341563786008,0.6080658436213991,0.9052517596101787,
by_confidence,0.3917695473251029,0.6082304526748972,0.9052774018944519,
by_confidence,0.3916049382716049,0.6083950617283951,0.9053030303030303,
by_confidence,0.391440329218107,0.608559670781893,0.9050581552610224,
by_confidence,0.39127572016460904,0.6087242798353909,0.9050838290968091,
by_confidence,0.39111111111111113,0.6088888888888889,0.9051094890510949,
by_confidence,0.39094650205761317,0.6090534979423868,0.9051351351351351,
by_confidence,0.3907818930041152,0.6092181069958847,0.9051607673601729,
by_confidence,0.3906172839506173,0.6093827160493828,0.9049162614802809,
by_confidence,0.3904526748971193,0.6095473251028807,0.904941938968404,
by_confidence,0.3902880658436214,0.6097119341563786,0.9049676025917927,
by_confidence,0.39012345679012345,0.6098765432098765,0.9049932523616734,
by_confidence,0.38995884773662554,0.6100411522633745,0.904749055585537,
by_confidence,0.38979423868312757,0.6102057613168724,0.9047747504720799,
by_confidence,0.3896296296296296,0.6103703703703703,0.9048004314994607,
by_confidence,0.3894650205761317,0.6105349794238684,0.9048260986788892,
by_confidence,0.3893004115226337,0.6106995884773663,0.9048517520215633,
by_confidence,0.3891358024691358,0.6108641975308642,0.9048773915386689,
by_confidence,0.38897119341563785,0.6110288065843621,0.9046336206896551,
by_confidence,0.38880658436213994,0.6111934156378601,0.9046593051440883,
by_confidence,0.388641975308642,0.611358024691358,0.9046849757673667,
by_confidence,0.388477366255144,0.6115226337448559,0.9047106325706595,
by_confidence,0.3883127572016461,0.611687242798354,0.9047362755651238,
by_confidence,0.38814814814814813,0.6118518518518519,0.9047619047619048,
by_confidence,0.3879835390946502,0.6120164609053498,0.9047875201721356,
by_confidence,0.38781893004115225,0.6121810699588477,0.9045442323205163,
by_confidence,0.38765432098765434,0.6123456790123457,0.9043010752688172,
by_confidence,0.3874897119341564,0.6125102880658436,0.9043267938726149,
by_confidence,0.3873251028806584,0.6126748971193415,0.9043524986566363,
by_confidence,0.3871604938271605,0.6128395061728396,0.9043781896320172,
by_confidence,0.38699588477366254,0.6130041152263375,0.9041353383458647,
by_confidence,0.3868312757201646,0.6131687242798354,0.9041610738255034,
by_confidence,0.38666666666666666,0.6133333333333333,0.9041867954911433,
by_confidence,0.38650205761316875,0.6134979423868313,0.9042125033539039,
by_confidence,0.3863374485596708,0.6136625514403292,0.9042381974248928,
by_confidence,0.3861728395061728,0.6138271604938271,0.9042638777152051,
by_confidence,0.3860082304526749,0.6139917695473252,0.9042895442359249,
by_confidence,0.38584362139917694,0.6141563786008231,0.9043151969981238,
by_confidence,0.38567901234567903,0.614320987654321,0.9043408360128617,
by_confidence,0.38551440329218106,0.6144855967078189,0.9043664612911867,
by_confidence,0.38534979423868315,0.6146502057613169,0.9041242635243707,
by_confidence,0.3851851851851852,0.6148148148148148,0.9041499330655958,
by_confidence,0.3850205761316872,0.6149794238683127,0.9041755888650964,
by_confidence,0.3848559670781893,0.6151440329218107,0.9042012309339043,
by_confidence,0.38469135802469134,0.6153086419753087,0.904226859283039,
by_confidence,0.38452674897119343,0.6154732510288066,0.9039850227333511,
by_confidence,0.38436213991769547,0.6156378600823045,0.9040106951871658,
by_confidence,0.38419753086419756,0.6158024691358025,0.9040363539160652,
by_confidence,0.3840329218106996,0.6159670781893004,0.9040619989310529,
by_confidence,0.3838683127572016,0.6161316872427983,0.9040876302431204,
by_confidence,0.3837037037037037,0.6162962962962963,0.9038461538461539,
by_confidence,0.38353909465020575,0.6164609053497943,0.9038718291054739,
by_confidence,0.38337448559670784,0.6166255144032922,0.903630539241858,
by_confidence,0.38320987654320987,0.6167901234567901,0.9036562583400053,
by_confidence,0.38304526748971196,0.6169547325102881,0.9036819637139808,
by_confidence,0.382880658436214,0.617119341563786,0.9037076553747666,
by_confidence,0.38271604938271603,0.6172839506172839,0.9037333333333334,
by_confidence,0.3825514403292181,0.6174485596707819,0.9037589976006398,
by_confidence,0.38238683127572015,0.6176131687242798,0.9037846481876333,
by_confidence,0.38222222222222224,0.6177777777777778,0.9038102851052492,
by_confidence,0.3820576131687243,0.6179423868312757,0.9038359083644113,
by_confidence,0.38189300411522636,0.6181069958847737,0.903861517976032,
by_confidence,0.3817283950617284,0.6182716049382716,0.9038871139510117,
by_confidence,0.38156378600823043,0.6184362139917695,0.9039126963002395,
by_confidence,0.3813991769547325,0.6186008230452675,0.9039382650345928,
by_confidence,0.38123456790123456,0.6187654320987654,0.9039638201649375,
by_confidence,0.38106995884773665,0.6189300411522634,0.9039893617021276,
by_confidence,0.3809053497942387,0.6190946502057613,0.903749002924754,
by_confidence,0.38074074074074077,0.6192592592592593,0.9037745879851143,
by_confidence,0.3805761316872428,0.6194238683127572,0.9035344140313579,
by_confidence,0.38041152263374484,0.6195884773662551,0.9032943676939427,
by_confidence,0.3802469135802469,0.6197530864197531,0.90332005312085,
by_confidence,0.38008230452674896,0.619917695473251,0.9033457249070632,
by_confidence,0.37991769547325105,0.620082304526749,0.9033713830634457,
by_confidence,0.3797530864197531,0.6202469135802469,0.9033970276008493,
by_confidence,0.3795884773662551,0.6204115226337449,0.903422658530114,
by_confidence,0.3794238683127572,0.6205761316872428,0.903448275862069,
by_confidence,0.37925925925925924,0.6207407407407407,0.9034738796075311,
by_confidence,0.37909465020576133,0.6209053497942387,0.9034994697773064,
by_confidence,0.37893004115226336,0.6210699588477366,0.9035250463821892,
by_confidence,0.37876543209876545,0.6212345679012345,0.9035506094329624,
by_confidence,0.3786008230452675,0.6213991769547325,0.9035761589403973,
by_confidence,0.3784362139917695,0.6215637860082305,0.9036016949152542,
by_confidence,0.3782716049382716,0.6217283950617284,0.9036272173682817,
by_confidence,0.37810699588477364,0.6218930041152263,0.9036527263102171,
by_confidence,0.37794238683127573,0.6220576131687243,0.9036782217517861,
by_confidence,0.37777777777777777,0.6222222222222222,0.9037037037037037,
by_confidence,0.37761316872427986,0.6223868312757201,0.9037291721766728,
by_confidence,0.3774485596707819,0.622551440329218,0.9037546271813856,
by_confidence,0.3772839506172839,0.6227160493827161,0.9037800687285223,
by_confidence,0.377119341563786,0.622880658436214,0.9035412262156448,
by_confidence,0.37695473251028805,0.6230452674897119,0.9033025099075297,
by_confidence,0.37679012345679014,0.6232098765432099,0.9033280507131537,
by_confidence,0.37662551440329217,0.6233744855967078,0.903353578030103,
by_confidence,0.37646090534979426,0.6235390946502057,0.9033790918690602,
by_confidence,0.3762962962962963,0.6237037037037036,0.9034045922406968,
by_confidence,0.37613168724279833,0.6238683127572017,0.9034300791556729,
by_confidence,0.3759670781893004,0.6240329218106996,0.9034555526246373,
by_confidence,0.37580246913580245,0.6241975308641975,0.9032172995780591,
by_confidence,0.37563786008230454,0.6243621399176955,0.9032428157131558,
by_confidence,0.3754732510288066,0.6245267489711934,0.9032683183974697,
by_confidence,0.37530864197530867,0.6246913580246913,0.9032938076416337,
by_confidence,0.3751440329218107,0.6248559670781892,0.9033192834562698,
by_confidence,0.37497942386831273,0.6250205761316873,0.9033447458519884,
by_confidence,0.3748148148148148,0.6251851851851852,0.9033701948393892,
by_confidence,0.37465020576131686,0.6253497942386831,0.9033956304290602,
by_confidence,0.37448559670781895,0.6255144032921811,0.9034210526315789,
by_confidence,0.374320987654321,0.625679012345679,0.9031833727966324,
by_confidence,0.37415637860082307,0.6258436213991769,0.9032088374539716,
by_confidence,0.3739917695473251,0.626008230452675,0.903234288719432,
by_confidence,0.37382716049382714,0.6261728395061729,0.9032597266035752,
by_confidence,0.3736625514403292,0.6263374485596708,0.9032851511169514,
by_confidence,0.37349794238683126,0.6265020576131687,0.9030478192327903,
by_confidence,0.37333333333333335,0.6266666666666667,0.9028106120304702,
by_confidence,0.3731687242798354,0.6268312757201646,0.9025735294117647,
by_confidence,0.3730041152263375,0.6269958847736625,0.9025991073772643,
by_confidence,0.3728395061728395,0.6271604938271605,0.9023622047244094,
by_confidence,0.37267489711934154,0.6273251028806585,0.9023878247179218,
by_confidence,0.37251028806584363,0.6274897119341564,0.9021511017838405,
by_confidence,0.37234567901234567,0.6276543209876543,0.9021767637031209,
by_confidence,0.37218106995884775,0.6278189300411523,0.9022024121657053,
by_confidence,0.3720164609053498,0.6279835390946502,0.9022280471821756,
by_confidence,0.3718518518518519,0.6281481481481481,0.9022536687631028,
by_confidence,0.3716872427983539,0.6283127572016461,0.9022792769190464,
by_confidence,0.37152263374485595,0.628477366255144,0.9020429544264013,
by_confidence,0.37135802469135804,0.628641975308642,0.9020686043466876,
by_confidence,0.37119341563786007,0.6288065843621399,0.9020942408376963,
by_confidence,0.37102880658436216,0.6289711934156379,0.9021198639099712,
by_confidence,0.3708641975308642,0.6291358024691358,0.902145473574045,
by_confidence,0.3706995884773663,0.6293004115226337,0.9021710698404395,
by_confidence,0.3705349794238683,0.6294650205761317,0.9019351464435147,
by_confidence,0.37037037037037035,0.6296296296296297,0.9016993464052288,
by_confidence,0.37020576131687244,0.6297942386831276,0.9014636696288552,
by_confidence,0.3700411522633745,0.6299588477366255,0.9014894172981448,
by_confidence,0.36987654320987656,0.6301234567901235,0.9015151515151515,
by_confidence,0.3697119341563786,0.6302880658436214,0.9015408722904152,
by_confidence,0.3695473251028807,0.6304526748971193,0.9015665796344647,
by_confidence,0.3693827160493827,0.6306172839506173,0.9015922735578178,
by_confidence,0.36921810699588475,0.6307818930041152,0.9016179540709812,
by_confidence,0.36905349794238684,0.6309465020576132,0.9013827289329507,
by_confidence,0.3688888888888889,0.6311111111111111,0.9014084507042254,
by_confidence,0.36872427983539097,0.6312757201646091,0.9014341590612777,
by_confidence,0.368559670781893,0.631440329218107,0.9014598540145985,
by_confidence,0.36839506172839503,0.6316049382716049,0.9014855355746677,
by_confidence,0.3682304526748971,0.6317695473251029,0.9015112037519541,
by_confidence,0.36806584362139916,0.6319341563786008,0.9012763740557437,
by_confidence,0.36790123456790125,0.6320987654320988,0.9013020833333333,
by_confidence,0.3677366255144033,0.6322633744855967,0.9010674303566779,
by_confidence,0.36757201646090537,0.6324279835390947,0.900832899531494,
by_confidence,0.3674074074074074,0.6325925925925926,0.9008587041373927,
by_confidence,0.36724279835390944,0.6327572016460905,0.9008844953173777,
by_confidence,0.36707818930041153,0.6329218106995885,0.9009102730819246,
by_confidence,0.36691358024691356,0.6330864197530864,0.9006760270410816,
by_confidence,0.36674897119341565,0.6332510288065843,0.9007018455939694,
by_confidence,0.3665843621399177,0.6334156378600823,0.9004677754677755,
by_confidence,0.3664197530864198,0.6335802469135803,0.9004936347103144,
by_confidence,0.3662551440329218,0.6337448559670782,0.9002597402597402,
by_confidence,0.36609053497942384,0.6339094650205761,0.9002856400934822,
by_confidence,0.36592592592592593,0.6340740740740741,0.9003115264797508,
by_confidence,0.36576131687242797,0.634238683127572,0.9000778614066961,
by_confidence,0.36559670781893006,0.6344032921810699,0.9001037882719253,
by_confidence,0.3654320987654321,0.6345679012345679,0.9001297016861219,
by_confidence,0.3652674897119342,0.6347325102880659,0.899896265560166,
by_confidence,0.3651028806584362,0.6348971193415638,0.8999222193414571,
by_confidence,0.36493827160493825,0.6350617283950617,0.8999481596682218,
by_confidence,0.36477366255144034,0.6352263374485597,0.8999740865509199,
by_confidence,0.36460905349794237,0.6353909465020576,0.9,
by_confidence,0.36444444444444446,0.6355555555555555,0.9000259000259,
by_confidence,0.3642798353909465,0.6357201646090535,0.9000517866390472,
by_confidence,0.3641152263374486,0.6358847736625515,0.9000776598498577,
by_confidence,0.3639506172839506,0.6360493827160494,0.900103519668737,
by_confidence,0.36378600823045265,0.6362139917695473,0.9001293661060802,
by_confidence,0.36362139917695474,0.6363786008230453,0.900155199172271,
by_confidence,0.3634567901234568,0.6365432098765432,0.900181018877683,
by_confidence,0.36329218106995886,0.6367078189300411,0.9002068252326784,
by_confidence,0.3631275720164609,0.636872427983539,0.9002326182476093,
by_confidence,0.362962962962963,0.6370370370370371,0.9002583979328166,
by_confidence,0.362798353909465,0.637201646090535,0.9002841642986309,
by_confidence,0.36263374485596706,0.6373662551440329,0.9003099173553719,
by_confidence,0.36246913580246914,0.6375308641975309,0.9003356571133488,
by_confidence,0.3623045267489712,0.6376954732510288,0.9001032524522458,
by_confidence,0.36213991769547327,0.6378600823045267,0.9001290322580645,
by_confidence,0.3619753086419753,0.6380246913580246,0.9001547987616099,
by_confidence,0.3618106995884774,0.6381893004115227,0.9001805519731751,
by_confidence,0.3616460905349794,0.6383539094650206,0.9002062919030428,
by_confidence,0.36148148148148146,0.6385185185185185,0.9002320185614849,
by_confidence,0.36131687242798355,0.6386831275720165,0.9002577319587629,
by_confidence,0.3611522633744856,0.6388477366255144,0.9002834321051275,
by_confidence,0.36098765432098767,0.6390123456790123,0.9003091190108191,
by_confidence,0.3608230452674897,0.6391769547325102,0.9003347926860674,
by_confidence,0.3606584362139918,0.6393415637860083,0.9003604531410917,
by_confidence,0.36049382716049383,0.6395061728395062,0.9001287001287002,
by_confidence,0.36032921810699586,0.6396707818930041,0.9001544004117344,
by_confidence,0.36016460905349795,0.6398353909465021,0.8999228196552611,
by_confidence,0.36,0.64,0.8999485596707819,
by_confidence,0.3598353909465021,0.6401646090534979,0.8999742864489586,
by_confidence,0.3596707818930041,0.6403292181069958,0.9,
by_confidence,0.3595061728395062,0.6404938271604939,0.9000257003341043,
by_confidence,0.35934156378600823,0.6406584362139918,0.8997944501541624,
by_confidence,0.35917695473251027,0.6408230452674897,0.8998201900847675,
by_confidence,0.35901234567901236,0.6409876543209877,0.8998459167950693,
by_confidence,0.3588477366255144,0.6411522633744856,0.899614890885751,
by_confidence,0.3586831275720165,0.6413168724279835,0.8993839835728953,
by_confidence,0.3585185185185185,0.6414814814814814,0.8994098024121119,
by_confidence,0.3583539094650206,0.6416460905349795,0.8994356080041047,
by_confidence,0.35818930041152264,0.6418106995884774,0.8992049243395742,
by_confidence,0.35802469135802467,0.6419753086419753,0.8992307692307693,
by_confidence,0.35786008230452676,0.6421399176954733,0.8992566008715714,
by_confidence,0.3576954732510288,0.6423045267489712,0.8992824192721681,
by_confidence,0.3575308641975309,0.6424691358024691,0.8993082244427364,
by_confidence,0.3573662551440329,0.642633744855967,0.8993340163934426,
by_confidence,0.35720164609053495,0.642798353909465,0.899359795134443,
by_confidence,0.35703703703703704,0.642962962962963,0.8991295442908346,
by_confidence,0.3568724279835391,0.6431275720164609,0.8991553621704633,
by_confidence,0.35670781893004117,0.6432921810699589,0.8991811668372569,
by_confidence,0.3565432098765432,0.6434567901234568,0.8992069583013559,
by_confidence,0.3563786008230453,0.6436213991769547,0.89923273657289,
by_confidence,0.3562139917695473,0.6437860082304526,0.8992585016619791,
by_confidence,0.35604938271604936,0.6439506172839506,0.8992842535787321,
by_confidence,0.35588477366255145,0.6441152263374486,0.8990544339381549,
by_confidence,0.3557201646090535,0.6442798353909465,0.8990802248339295,
by_confidence,0.35555555555555557,0.6444444444444445,0.8991060025542784,
by_confidence,0.3553909465020576,0.6446090534979424,0.8991317671092952,
by_confidence,0.3552263374485597,0.6447736625514403,0.8991575185090631,
by_confidence,0.3550617283950617,0.6449382716049382,0.899183256763655,
by_confidence,0.35489711934156376,0.6451028806584362,0.8992089818831335,
by_confidence,0.35473251028806585,0.6452674897119342,0.8989795918367347,
by_confidence,0.3545679012345679,0.6454320987654321,0.8990053557765876,
by_confidence,0.35440329218107,0.6455967078189301,0.8990311065782763,
by_confidence,0.354238683127572,0.645761316872428,0.8990568442518481,
by_confidence,0.3540740740740741,0.6459259259259259,0.8990825688073395,
by_confidence,0.35390946502057613,0.6460905349794238,0.8991082802547771,
by_confidence,0.35374485596707816,0.6462551440329218,0.8991339786041773,
by_confidence,0.35358024691358025,0.6464197530864197,0.8989050165520753,
by_confidence,0.3534156378600823,0.6465843621399177,0.8989307535641547,
by_confidence,0.3532510288065844,0.6467489711934157,0.8989564774751845,
by_confidence,0.3530864197530864,0.6469135802469136,0.8989821882951654,
by_confidence,0.3529218106995885,0.6470781893004115,0.899007886034088,
by_confidence,0.35275720164609053,0.6472427983539094,0.8990335707019329,
by_confidence,0.35259259259259257,0.6474074074074074,0.8990592423086702,
by_confidence,0.35242798353909466,0.6475720164609053,0.8990849008642603,
by_confidence,0.3522633744855967,0.6477366255144033,0.8991105463786531,
by_confidence,0.3520987654320988,0.6479012345679013,0.8991361788617886,
by_confidence,0.3519341563786008,0.6480658436213992,0.8991617983235967,
by_confidence,0.3517695473251029,0.6482304526748971,0.899187404773997,
by_confidence,0.35160493827160494,0.6483950617283951,0.8992129982228992,
by_confidence,0.351440329218107,0.648559670781893,0.8992385786802031,
by_confidence,0.35127572016460906,0.6487242798353909,0.899264146155798,
by_confidence,0.3511111111111111,0.6488888888888888,0.8992897006595637,
by_confidence,0.3509465020576132,0.6490534979423869,0.8990616282018767,
by_confidence,0.3507818930041152,0.6492181069958848,0.8990872210953347,
by_confidence,0.3506172839506173,0.6493827160493827,0.8991128010139418,
by_confidence,0.35045267489711934,0.6495473251028807,0.8991383679675621,
by_confidence,0.3502880658436214,0.6497119341563786,0.8989105649860654,
by_confidence,0.35012345679012347,0.6498765432098765,0.898936170212766,
by_confidence,0.3499588477366255,0.6500411522633744,0.8987085338060269,
by_confidence,0.3497942386831276,0.6502057613168725,0.8987341772151899,
by_confidence,0.3496296296296296,0.6503703703703704,0.8987598076436345,
by_confidence,0.3494650205761317,0.6505349794238683,0.8987854251012146,
by_confidence,0.34930041152263375,0.6506995884773663,0.8985580571717683,
by_confidence,0.3491358024691358,0.6508641975308642,0.898583712696004,
by_confidence,0.34897119341563787,0.6510288065843621,0.8986093552465234,
by_confidence,0.3488065843621399,0.65119341563786,0.8986349848331648,
by_confidence,0.348641975308642,0.6513580246913581,0.8986606014657569,
by_confidence,0.348477366255144,0.651522633744856,0.8986862051541182,
by_confidence,0.3483127572016461,0.6516872427983539,0.8987117959080576,
by_confidence,0.34814814814814815,0.6518518518518519,0.8987373737373737,
by_confidence,0.3479835390946502,0.6520164609053498,0.8987629386518556,
by_confidence,0.3478189300411523,0.6521810699588477,0.8987884906612822,
by_confidence,0.3476543209876543,0.6523456790123456,0.898561695685087,
by_confidence,0.3474897119341564,0.6525102880658437,0.8985872855701312,
by_confidence,0.34732510288065843,0.6526748971193416,0.898360655737705,
by_confidence,0.3471604938271605,0.6528395061728395,0.8983862834089763,
by_confidence,0.34699588477366256,0.6530041152263375,0.8984118981598185,
by_confidence,0.3468312757201646,0.6531687242798354,0.8981854838709677,
by_confidence,0.3466666666666667,0.6533333333333333,0.8982111363063744,
by_confidence,0.3465020576131687,0.6534979423868312,0.8982367758186398,
by_confidence,0.3463374485596708,0.6536625514403293,0.8982624024175271,
by_confidence,0.34617283950617284,0.6538271604938272,0.898036253776435,
by_confidence,0.34600823045267487,0.6539917695473251,0.8980619179461364,
by_confidence,0.34584362139917696,0.6541563786008231,0.8980875691997987,
by_confidence,0.345679012345679,0.654320987654321,0.8981132075471698,
by_confidence,0.3455144032921811,0.6544855967078189,0.897887323943662,
by_confidence,0.3453497942386831,0.6546502057613168,0.8979129997485542,
by_confidence,0.3451851851851852,0.6548148148148148,0.8976872800402212,
by_confidence,0.34502057613168724,0.6549794238683128,0.8974616737873837,
by_confidence,0.3448559670781893,0.6551440329218107,0.8972361809045226,
by_confidence,0.34469135802469136,0.6553086419753087,0.8972619944737503,
by_confidence,0.3445267489711934,0.6554732510288066,0.8970366649924661,
by_confidence,0.3443621399176955,0.6556378600823045,0.8968114486567914,
by_confidence,0.3441975308641975,0.6558024691358024,0.8968373493975904,
by_confidence,0.3440329218106996,0.6559670781893004,0.8968632371392723,
by_confidence,0.34386831275720164,0.6561316872427984,0.8968891118916207,
by_confidence,0.3437037037037037,0.6562962962962963,0.8966641585151743,
by_confidence,0.34353909465020577,0.6564609053497943,0.8964393179538616,
by_confidence,0.3433744855967078,0.6566255144032922,0.8964652795186764,
by_confidence,0.3432098765432099,0.6567901234567901,0.8964912280701754,
by_confidence,0.3430452674897119,0.656954732510288,0.8965171636181408,
by_confidence,0.342880658436214,0.657119341563786,0.8962925851703407,
by_confidence,0.34271604938271605,0.657283950617284,0.8960681192086151,
by_confidence,0.3425514403292181,0.6574485596707819,0.8960941412118177,
by_confidence,0.34238683127572017,0.6576131687242799,0.8958698372966207,
by_confidence,0.3422222222222222,0.6577777777777778,0.8956456456456456,
by_confidence,0.3420576131687243,0.6579423868312757,0.895421566174631,
by_confidence,0.34189300411522633,0.6581069958847736,0.8951975987993998,
by_confidence,0.3417283950617284,0.6582716049382716,0.8952238059514879,
by_confidence,0.34156378600823045,0.6584362139917695,0.89525,
by_confidence,0.3413991769547325,0.6586008230452675,0.8952761809547614,
by_confidence,0.3412345679012346,0.6587654320987655,0.8953023488255872,
by_confidence,0.3410699588477366,0.6589300411522634,0.8953285036222833,
by_confidence,0.3409053497942387,0.6590946502057613,0.8953546453546454,
by_confidence,0.34074074074074073,0.6592592592592592,0.8953807740324594,
by_confidence,0.3405761316872428,0.6594238683127572,0.8951572641038442,
by_confidence,0.34041152263374486,0.6595884773662551,0.8949338657349638,
by_confidence,0.3402469135802469,0.659753086419753,0.8949600798403193,
by_confidence,0.340082304526749,0.6599176954732511,0.8949862808680469,
by_confidence,0.339917695473251,0.660082304526749,0.8947630922693267,
by_confidence,0.3397530864197531,0.6602469135802469,0.8947893293443032,
by_confidence,0.33958847736625514,0.6604115226337448,0.8948155533399801,
by_confidence,0.3394238683127572,0.6605761316872428,0.894841764266135,
by_confidence,0.33925925925925926,0.6607407407407407,0.8946188340807175,
by_confidence,0.3390946502057613,0.6609053497942387,0.8946450809464508,
by_confidence,0.3389300411522634,0.6610699588477367,0.8944223107569721,
by_confidence,0.3387654320987654,0.6612345679012346,0.8944485934777197,
by_confidence,0.3386008230452675,0.6613991769547325,0.8944748631159781,
by_confidence,0.33843621399176954,0.6615637860082304,0.8945011196815128,
by_confidence,0.33827160493827163,0.6617283950617284,0.8945273631840795,
by_confidence,0.33810699588477366,0.6618930041152263,0.8945535936334246,
by_confidence,0.3379423868312757,0.6620576131687242,0.8943311785181501,
by_confidence,0.3377777777777778,0.6622222222222223,0.8943574446930151,
by_confidence,0.3376131687242798,0.6623868312757202,0.8943836978131213,
by_confidence,0.3374485596707819,0.6625514403292181,0.8944099378881988,
by_confidence,0.33728395061728395,0.662716049382716,0.8941877794336811,
by_confidence,0.33711934156378603,0.662880658436214,0.8942140551278868,
by_confidence,0.33695473251028807,0.6630452674897119,0.8939920556107249,
by_confidence,0.3367901234567901,0.6632098765432098,0.8937701662943659,
by_confidence,0.3366255144032922,0.6633744855967079,0.8937965260545906,
by_confidence,0.3364609053497942,0.6635390946502058,0.8938228727362937,
by_confidence,0.3362962962962963,0.6637037037037037,0.8938492063492064,
by_confidence,0.33613168724279835,0.6638683127572016,0.8936275725266551,
by_confidence,0.33596707818930044,0.6640329218106996,0.8936539414972732,
by_confidence,0.3358024691358025,0.6641975308641975,0.8936802973977696,
by_confidence,0.3356378600823045,0.6643621399176954,0.8934588701684837,
by_confidence,0.3354732510288066,0.6645267489711935,0.8932375526380976,
by_confidence,0.33530864197530863,0.6646913580246914,0.8930163447251115,
by_confidence,0.3351440329218107,0.6648559670781893,0.8930428323842535,
by_confidence,0.33497942386831275,0.6650205761316872,0.8928217821782178,
by_confidence,0.3348148148148148,0.6651851851851852,0.892848304875031,
by_confidence,0.3346502057613169,0.6653497942386831,0.892874814448293,
by_confidence,0.3344855967078189,0.665514403292181,0.8929013109077418,
by_confidence,0.334320987654321,0.665679012345679,0.8926805143422354,
by_confidence,0.33415637860082303,0.665843621399177,0.892459826946848,
by_confidence,0.3339917695473251,0.6660082304526749,0.8924864063272367,
by_confidence,0.33382716049382716,0.6661728395061728,0.8925129725722758,
by_confidence,0.3336625514403292,0.6663374485596708,0.892292490118577,
by_confidence,0.3334979423868313,0.6665020576131687,0.8923190911336132,
by_confidence,0.3333333333333333,0.6666666666666666,0.8923456790123456,
by_confidence,0.3331687242798354,0.6668312757201647,0.8921254011355221,
by_confidence,0.33300411522633744,0.6669958847736626,0.892152023692004,
by_confidence,0.3328395061728395,0.6671604938271605,0.8919319022945966,
by_confidence,0.33267489711934156,0.6673251028806584,0.8917118894918599,
by_confidence,0.3325102880658436,0.6674897119341564,0.8917385943279902,
by_confidence,0.3323456790123457,0.6676543209876543,0.8917652859960552,
by_confidence,0.3321810699588477,0.6678189300411522,0.8917919645057925,
by_confidence,0.3320164609053498,0.6679835390946502,0.8918186298669295,
by_confidence,0.33185185185185184,0.6681481481481482,0.8918452820891846,
by_confidence,0.33168724279835393,0.6683127572016461,0.891871921182266,
by_confidence,0.33152263374485597,0.668477366255144,0.8916523023885743,
by_confidence,0.331358024691358,0.668641975308642,0.8916789758739537,
by_confidence,0.3311934156378601,0.6688065843621399,0.8917056362293871,
by_confidence,0.3310288065843621,0.6689711934156378,0.8917322834645669,
by_confidence,0.3308641975308642,0.6691358024691358,0.8917589175891759,
by_confidence,0.33069958847736625,0.6693004115226338,0.8917855386128873,
by_confidence,0.33053497942386834,0.6694650205761317,0.8918121465453651,
by_confidence,0.33037037037037037,0.6696296296296296,0.8918387413962635,
by_confidence,0.3302057613168724,0.6697942386831276,0.8918653231752274,
by_confidence,0.3300411522633745,0.6699588477366255,0.8918918918918919,
by_confidence,0.3298765432098765,0.6701234567901234,0.8919184475558831,
by_confidence,0.3297119341563786,0.6702880658436214,0.8916994106090373,
by_confidence,0.32954732510288065,0.6704526748971193,0.8917260004910386,
by_confidence,0.32938271604938274,0.6706172839506173,0.8917525773195877,
by_confidence,0.3292181069958848,0.6707818930041153,0.8917791411042945,
by_confidence,0.3290534979423868,0.6709465020576132,0.8918056918547596,
by_confidence,0.3288888888888889,0.6711111111111111,0.891832229580574,
by_confidence,0.32872427983539093,0.671275720164609,0.8918587542913192,
by_confidence,0.328559670781893,0.671440329218107,0.8918852659965678,
by_confidence,0.32839506172839505,0.671604938271605,0.8919117647058824,
by_confidence,0.32823045267489714,0.6717695473251029,0.8916932124479294,
by_confidence,0.3280658436213992,0.6719341563786009,0.89171974522293,
by_confidence,0.3279012345679012,0.6720987654320988,0.8917462650012246,
by_confidence,0.3277366255144033,0.6722633744855967,0.8917727717923605,
by_confidence,0.32757201646090534,0.6724279835390946,0.8917992656058752,
by_confidence,0.3274074074074074,0.6725925925925926,0.8915810083210964,
by_confidence,0.32724279835390946,0.6727572016460905,0.8916075360900416,
by_confidence,0.32707818930041155,0.6729218106995885,0.8916340508806262,
by_confidence,0.3269135802469136,0.6730864197530865,0.8916605527023722,
by_confidence,0.3267489711934156,0.6732510288065844,0.8914425427872861,
by_confidence,0.3265843621399177,0.6734156378600823,0.891469078464923,
by_confidence,0.32641975308641974,0.6735802469135802,0.8914956011730205,
by_confidence,0.32625514403292183,0.6737448559670782,0.8912777913510872,
by_confidence,0.32609053497942386,0.6739094650205761,0.8913043478260869,
by_confidence,0.32592592592592595,0.674074074074074,0.8913308913308914,
by_confidence,0.325761316872428,0.6742386831275721,0.891357421875,
by_confidence,0.32559670781893,0.67440329218107,0.8913839394679034,
by_confidence,0.3254320987654321,0.6745679012345679,0.8911664226451927,
by_confidence,0.32526748971193414,0.6747325102880658,0.8911929738960722,
by_confidence,0.32510288065843623,0.6748971193415638,0.891219512195122,
by_confidence,0.32493827160493827,0.6750617283950617,0.8910021945866862,
by_confidence,0.32477366255144036,0.6752263374485596,0.8910287664553876,
by_confidence,0.3246090534979424,0.6753909465020577,0.8910553253716793,
by_confidence,0.3244444444444444,0.6755555555555556,0.8910818713450293,
by_confidence,0.3242798353909465,0.6757201646090535,0.8911084043848965,
by_confidence,0.32411522633744855,0.6758847736625514,0.8908913784705309,
by_confidence,0.32395061728395064,0.6760493827160494,0.890917944971999,
by_confidence,0.32378600823045267,0.6762139917695473,0.8909444985394352,
by_confidence,0.3236213991769547,0.6763786008230452,0.8909710391822828,
by_confidence,0.3234567901234568,0.6765432098765433,0.8907542579075426,
by_confidence,0.32329218106995883,0.6767078189300412,0.8905375820968134,
by_confidence,0.3231275720164609,0.6768724279835391,0.8905642023346303,
by_confidence,0.32296296296296295,0.677037037037037,0.8903476780938487,
by_confidence,0.32279835390946504,0.677201646090535,0.8903743315508021,
by_confidence,0.3226337448559671,0.6773662551440329,0.8901579586877278,
by_confidence,0.3224691358024691,0.6775308641975308,0.8901846452866861,
by_confidence,0.3223045267489712,0.6776954732510289,0.8899684236094243,
by_confidence,0.32213991769547323,0.6778600823045268,0.8899951432734337,
by_confidence,0.3219753086419753,0.6780246913580247,0.8900218499635834,
by_confidence,0.32181069958847736,0.6781893004115226,0.8898058252427185,
by_confidence,0.32164609053497945,0.6783539094650206,0.8898325649114293,
by_confidence,0.3214814814814815,0.6785185185185185,0.8898592916060165,
by_confidence,0.3213168724279835,0.6786831275720164,0.8896434634974533,
by_confidence,0.3211522633744856,0.6788477366255145,0.8896702230843841,
by_confidence,0.32098765432098764,0.6790123456790124,0.8896969696969697,
by_confidence,0.3208230452674897,0.6791769547325103,0.8894813378574891,
by_confidence,0.32065843621399176,0.6793415637860082,0.889508117276472,
by_confidence,0.32049382716049385,0.6795061728395062,0.8895348837209303,
by_confidence,0.3203292181069959,0.6796707818930041,0.8895616372002906,
by_confidence,0.3201646090534979,0.679835390946502,0.8895883777239709,
by_confidence,0.32,0.68,0.8893730331638828,
by_confidence,0.31983539094650204,0.680164609053498,0.8893998063891578,
by_confidence,0.31967078189300413,0.6803292181069959,0.8894265666586015,
by_confidence,0.31950617283950616,0.6804938271604938,0.8892114175133043,
by_confidence,0.31934156378600825,0.6806584362139918,0.8892382103990326,
by_confidence,0.3191769547325103,0.6808230452674897,0.8892649903288201,
by_confidence,0.3190123456790123,0.6809876543209876,0.889050036258158,
by_confidence,0.3188477366255144,0.6811522633744856,0.888835186080232,
by_confidence,0.31868312757201644,0.6813168724279836,0.8888620439719739,
by_confidence,0.31851851851851853,0.6814814814814815,0.8888888888888888,
by_confidence,0.31835390946502057,0.6816460905349794,0.8886742332769862,
by_confidence,0.31818930041152266,0.6818106995884774,0.8887011105746017,
by_confidence,0.3180246913580247,0.6819753086419753,0.8887279748974173,
by_confidence,0.3178600823045267,0.6821399176954732,0.8885135135135135,
by_confidence,0.3176954732510288,0.6823045267489712,0.8882991556091677,
by_confidence,0.31753086419753085,0.6824691358024692,0.8880849011095031,
by_confidence,0.31736625514403294,0.6826337448559671,0.8881118881118881,
by_confidence,0.31720164609053497,0.682798353909465,0.8878977820636451,
by_confidence,0.31703703703703706,0.682962962962963,0.8879248011569053,
by_confidence,0.3168724279835391,0.6831275720164609,0.8877108433734939,
by_confidence,0.31670781893004113,0.6832921810699588,0.887737894483257,
by_confidence,0.3165432098765432,0.6834567901234568,0.8877649325626205,
by_confidence,0.31637860082304525,0.6836213991769547,0.8877919576209968,
by_confidence,0.31621399176954734,0.6837860082304527,0.8878189696677901,
by_confidence,0.3160493827160494,0.6839506172839506,0.8878459687123947,
by_confidence,0.31588477366255147,0.6841152263374486,0.8878729547641964,
by_confidence,0.3157201646090535,0.6842798353909465,0.8878999278325715,
by_confidence,0.31555555555555553,0.6844444444444444,0.8876863876863876,
by_confidence,0.3153909465020576,0.6846090534979424,0.8877133926424622,
by_confidence,0.31522633744855966,0.6847736625514403,0.8877403846153846,
by_confidence,0.31506172839506175,0.6849382716049383,0.8877673636145157,
by_confidence,0.3148971193415638,0.6851028806584362,0.8877943296492071,
by_confidence,0.31473251028806587,0.6852674897119342,0.8875810713427816,
by_confidence,0.3145679012345679,0.6854320987654321,0.8876080691642652,
by_confidence,0.31440329218106994,0.68559670781893,0.8876350540216087,
by_confidence,0.314238683127572,0.685761316872428,0.8874219875180028,
by_confidence,0.31407407407407406,0.6859259259259259,0.8874490040796736,
by_confidence,0.31390946502057615,0.6860905349794238,0.8874760076775432,
by_confidence,0.3137448559670782,0.6862551440329218,0.8875029983209403,
by_confidence,0.3135802469135803,0.6864197530864198,0.8875299760191847,
by_confidence,0.3134156378600823,0.6865843621399177,0.8873171901222728,
by_confidence,0.31325102880658434,0.6867489711934156,0.8873441994247363,
by_confidence,0.31308641975308643,0.6869135802469136,0.8871315600287563,
by_confidence,0.31292181069958847,0.6870781893004115,0.887158600862482,
by_confidence,0.31275720164609055,0.6872427983539094,0.8869461077844312,
by_confidence,0.3125925925925926,0.6874074074074074,0.8867337164750958,
by_confidence,0.3124279835390946,0.6875720164609054,0.8865214268613838,
by_confidence,0.3122633744855967,0.6877366255144033,0.8863092388702729,
by_confidence,0.31209876543209875,0.6879012345679012,0.8863364441253888,
by_confidence,0.31193415637860084,0.6880658436213992,0.8863636363636364,
by_confidence,0.31176954732510287,0.6882304526748971,0.8863908155943554,
by_confidence,0.31160493827160496,0.688395061728395,0.8861788617886179,
by_confidence,0.311440329218107,0.688559670781893,0.8859670093234521,
by_confidence,0.311275720164609,0.688724279835391,0.8859942638623327,
by_confidence,0.3111111111111111,0.6888888888888889,0.886021505376344,
by_confidence,0.31094650205761315,0.6890534979423868,0.8860487338748209,
by_confidence,0.31078189300411524,0.6892181069958848,0.8860759493670886,
by_confidence,0.3106172839506173,0.6893827160493827,0.8861031518624641,
by_confidence,0.31045267489711936,0.6895473251028806,0.8861303413702555,
by_confidence,0.3102880658436214,0.6897119341563785,0.8859188544152745,
by_confidence,0.31012345679012343,0.6898765432098766,0.8859460749224529,
by_confidence,0.3099588477366255,0.6900411522633745,0.8857347328244275,
by_confidence,0.30979423868312755,0.6902057613168724,0.88576198425948,
by_confidence,0.30962962962962964,0.6903703703703704,0.8855507868383404,
by_confidence,0.3094650205761317,0.6905349794238683,0.8855780691299165,
by_confidence,0.30930041152263377,0.6906995884773662,0.8856053384175405,
by_confidence,0.3091358024691358,0.6908641975308641,0.885394329282821,
by_confidence,0.30897119341563783,0.6910288065843622,0.8851834206765127,
by_confidence,0.3088065843621399,0.6911934156378601,0.8852107644677304,
by_confidence,0.30864197530864196,0.691358024691358,0.8852380952380953,
by_confidence,0.30847736625514405,0.691522633744856,0.8852654129969055,
by_confidence,0.3083127572016461,0.6916872427983539,0.8852927177534508,
by_confidence,0.30814814814814817,0.6918518518518518,0.8853200095170116,
by_confidence,0.3079835390946502,0.6920164609053497,0.8853472882968602,
by_confidence,0.30781893004115224,0.6921810699588478,0.8853745541022592,
by_confidence,0.30765432098765433,0.6923456790123457,0.8854018069424632,
by_confidence,0.30748971193415636,0.6925102880658436,0.8851913477537438,
by_confidence,0.30732510288065845,0.6926748971193416,0.8852186311787072,
by_confidence,0.3071604938271605,0.6928395061728395,0.8852459016393442,
by_confidence,0.3069958847736626,0.6930041152263374,0.8850356294536817,
by_confidence,0.3068312757201646,0.6931687242798353,0.8850629304203277,
by_confidence,0.30666666666666664,0.6933333333333334,0.8850902184235517,
by_confidence,0.30650205761316873,0.6934979423868313,0.8848801329219084,
by_confidence,0.30633744855967077,0.6936625514403292,0.884907451352634,
by_confidence,0.30617283950617286,0.6938271604938272,0.8849347568208779,
by_confidence,0.3060082304526749,0.6939917695473251,0.8847248576850095,
by_confidence,0.305843621399177,0.694156378600823,0.8847521935024899,
by_confidence,0.305679012345679,0.694320987654321,0.8847795163584637,
by_confidence,0.30551440329218105,0.694485596707819,0.8848068262621475,
by_confidence,0.30534979423868314,0.6946502057613169,0.8845971563981042,
by_confidence,0.30518518518518517,0.6948148148148148,0.8843875858801232,
by_confidence,0.30502057613168726,0.6949794238683128,0.8844149692089057,
by_confidence,0.3048559670781893,0.6951440329218107,0.8844423395690267,
by_confidence,0.3046913580246914,0.6953086419753086,0.8842329545454546,
by_confidence,0.3045267489711934,0.6954732510288066,0.8842603550295858,
by_confidence,0.30436213991769545,0.6956378600823045,0.884287742546143,
by_confidence,0.30419753086419754,0.6958024691358025,0.8843151171043293,
by_confidence,0.3040329218106996,0.6959670781893004,0.8843424787133396,
by_confidence,0.30386831275720166,0.6961316872427984,0.8843698273823599,
by_confidence,0.3037037037037037,0.6962962962962963,0.8841607565011821,
by_confidence,0.3035390946502058,0.6964609053497942,0.8841881351926258,
by_confidence,0.3033744855967078,0.6966255144032922,0.8842155009451795,
by_confidence,0.30320987654320986,0.6967901234567901,0.8840066146940704,
by_confidence,0.30304526748971194,0.696954732510288,0.8840340103920642,
by_confidence,0.302880658436214,0.697119341563786,0.8838252656434474,
by_confidence,0.30271604938271607,0.697283950617284,0.8838526912181303,
by_confidence,0.3025514403292181,0.6974485596707819,0.8838801038470616,
by_confidence,0.3023868312757202,0.6976131687242798,0.8839075035394054,
by_confidence,0.3022222222222222,0.6977777777777778,0.883934890304317,
by_confidence,0.30205761316872426,0.6979423868312757,0.8839622641509434,
by_confidence,0.30189300411522635,0.6981069958847737,0.8837538316434803,
by_confidence,0.3017283950617284,0.6982716049382716,0.8835454974068836,
by_confidence,0.30156378600823047,0.6984362139917696,0.8835729436719303,
by_confidence,0.3013991769547325,0.6986008230452675,0.8836003770028276,
by_confidence,0.3012345679012346,0.6987654320987654,0.8836277974087161,
by_confidence,0.30106995884773663,0.6989300411522634,0.8836552048987282,
by_confidence,0.30090534979423866,0.6990946502057613,0.8836825994819872,
by_confidence,0.30074074074074075,0.6992592592592592,0.8837099811676082,
by_confidence,0.3005761316872428,0.6994238683127572,0.8837373499646975,
by_confidence,0.3004115226337449,0.6995884773662552,0.8837647058823529,
by_confidence,0.3002469135802469,0.6997530864197531,0.8837920489296636,
by_confidence,0.30008230452674894,0.699917695473251,0.8838193791157103,
by_confidence,0.29991769547325103,0.700082304526749,0.883846696449565,
by_confidence,0.29975308641975307,0.7002469135802469,0.883638928067701,
by_confidence,0.29958847736625516,0.7004115226337448,0.8836662749706228,
by_confidence,0.2994238683127572,0.7005761316872428,0.8836936090225563,
by_confidence,0.2992592592592593,0.7007407407407408,0.8837209302325582,
by_confidence,0.2990946502057613,0.7009053497942387,0.8837482386096759,
by_confidence,0.29893004115226335,0.7010699588477366,0.8835407372622681,
by_confidence,0.29876543209876544,0.7012345679012346,0.8835680751173709,
by_confidence,0.29860082304526747,0.7013991769547325,0.8833607134475475,
by_confidence,0.29843621399176956,0.7015637860082304,0.8833880807132801,
by_confidence,0.2982716049382716,0.7017283950617283,0.8834154351395731,
by_confidence,0.2981069958847737,0.7018930041152264,0.8834427767354597,
by_confidence,0.2979423868312757,0.7020576131687243,0.8832356389214537,
by_confidence,0.29777777777777775,0.7022222222222222,0.8832630098452883,
by_confidence,0.29761316872427984,0.7023868312757202,0.8832903679400047,
by_confidence,0.2974485596707819,0.7025514403292181,0.8833177132146204,
by_confidence,0.29728395061728397,0.702716049382716,0.8833450456781448,
by_confidence,0.297119341563786,0.702880658436214,0.8833723653395784,
by_confidence,0.2969547325102881,0.703045267489712,0.8833996722079138,
by_confidence,0.2967901234567901,0.7032098765432099,0.8834269662921348,
by_confidence,0.29662551440329216,0.7033744855967078,0.8834542476012169,
by_confidence,0.29646090534979425,0.7035390946502058,0.8834815161441273,
by_confidence,0.2962962962962963,0.7037037037037037,0.8832748538011695,
by_confidence,0.29613168724279837,0.7038683127572016,0.883068288119738,
by_confidence,0.2959670781893004,0.7040329218106995,0.8830956277764789,
by_confidence,0.2958024691358025,0.7041975308641976,0.8831229546517064,
by_confidence,0.2956378600823045,0.7043621399176955,0.8831502687543819,
by_confidence,0.29547325102880656,0.7045267489711934,0.883177570093458,
by_confidence,0.29530864197530865,0.7046913580246914,0.8829712683952348,
by_confidence,0.2951440329218107,0.7048559670781893,0.8829985987856142,
by_confidence,0.2949794238683128,0.7050205761316872,0.8827924352089657,
by_confidence,0.2948148148148148,0.7051851851851851,0.8828197945845004,
by_confidence,0.2946502057613169,0.7053497942386832,0.8826137689614936,
by_confidence,0.29448559670781893,0.7055144032921811,0.882641157256183,
by_confidence,0.29432098765432096,0.705679012345679,0.8826685327735013,
by_confidence,0.29415637860082305,0.705843621399177,0.8824626865671642,
by_confidence,0.2939917695473251,0.7060082304526749,0.8822569363487992,
by_confidence,0.2938271604938272,0.7061728395061728,0.882051282051282,
by_confidence,0.2936625514403292,0.7063374485596707,0.8818457236075506,
by_confidence,0.2934979423868313,0.7065020576131688,0.8818732525629077,
by_confidence,0.29333333333333333,0.7066666666666667,0.8816678313533659,
by_confidence,0.29316872427983537,0.7068312757201646,0.8816953889147647,
by_confidence,0.29300411522633746,0.7069958847736626,0.8817229336437719,
by_confidence,0.2928395061728395,0.7071604938271605,0.8817504655493482,
by_confidence,0.2926748971193416,0.7073251028806584,0.8815452641377706,
by_confidence,0.2925102880658436,0.7074897119341563,0.8815728245695672,
by_confidence,0.2923456790123457,0.7076543209876544,0.881367759944173,
by_confidence,0.29218106995884774,0.7078189300411523,0.8813953488372093,
by_confidence,0.2920164609053498,0.7079835390946502,0.8814229249011858,
by_confidence,0.29185185185185186,0.7081481481481482,0.8812180381218038,
by_confidence,0.2916872427983539,0.7083127572016461,0.8812456425749478,
by_confidence,0.291522633744856,0.708477366255144,0.8812732342007435,
by_confidence,0.291358024691358,0.7086419753086419,0.8813008130081301,
by_confidence,0.2911934156378601,0.70880658436214,0.8813283790060381,
by_confidence,0.29102880658436214,0.7089711934156379,0.8813559322033898,
by_confidence,0.2908641975308642,0.7091358024691358,0.8813834726090993,
by_confidence,0.29069958847736627,0.7093004115226338,0.8811789278254816,
by_confidence,0.2905349794238683,0.7094650205761317,0.8812064965197216,
by_confidence,0.2903703703703704,0.7096296296296296,0.8812340524240315,
by_confidence,0.2902057613168724,0.7097942386831275,0.8810296846011132,
by_confidence,0.2900411522633745,0.7099588477366255,0.8810572687224669,
by_confidence,0.28987654320987655,0.7101234567901235,0.8808530366249421,
by_confidence,0.2897119341563786,0.7102880658436214,0.8808806488991888,
by_confidence,0.28954732510288067,0.7104526748971194,0.8806765523632993,
by_confidence,0.2893827160493827,0.7106172839506173,0.8807041927264304,
by_confidence,0.2892181069958848,0.7107818930041152,0.88073182028717,
by_confidence,0.28905349794238683,0.7109465020576131,0.8807594350544108,
by_confidence,0.28888888888888886,0.7111111111111111,0.8805555555555555,
by_confidence,0.28872427983539095,0.711275720164609,0.880583198333719,
by_confidence,0.288559670781893,0.711440329218107,0.8803794539565016,
by_confidence,0.2883950617283951,0.711604938271605,0.8804071246819338,
by_confidence,0.2882304526748971,0.7117695473251029,0.8804347826086957,
by_confidence,0.2880658436213992,0.7119341563786008,0.8804624277456647,
by_confidence,0.28790123456790123,0.7120987654320987,0.8802588996763754,
by_confidence,0.28773662551440327,0.7122633744855967,0.8802865726831522,
by_confidence,0.28757201646090536,0.7124279835390946,0.880083179297597,
by_confidence,0.2874074074074074,0.7125925925925926,0.8798798798798799,
by_confidence,0.2872427983539095,0.7127572016460906,0.8799076212471132,
by_confidence,0.2870781893004115,0.7129218106995885,0.8797044562456707,
by_confidence,0.2869135802469136,0.7130864197530864,0.8797322253000923,
by_confidence,0.28674897119341564,0.7132510288065843,0.8797599815370413,
by_confidence,0.28658436213991767,0.7134156378600823,0.8797877249653899,
by_confidence,0.28641975308641976,0.7135802469135802,0.8795847750865052,
by_confidence,0.2862551440329218,0.7137448559670782,0.8796125461254612,
by_confidence,0.2860905349794239,0.7139094650205762,0.8794097302282684,
by_confidence,0.2859259259259259,0.7140740740740741,0.8792070078377132,
by_confidence,0.285761316872428,0.714238683127572,0.879004378889145,
by_confidence,0.28559670781893004,0.7144032921810699,0.8790322580645161,
by_confidence,0.2854320987654321,0.7145679012345679,0.8790601243953006,
by_confidence,0.28526748971193416,0.7147325102880658,0.878857669276831,
by_confidence,0.2851028806584362,0.7148971193415637,0.8788855629749022,
by_confidence,0.2849382716049383,0.7150617283950618,0.878683241252302,
by_confidence,0.2847736625514403,0.7152263374485597,0.8787111622554661,
by_confidence,0.2846090534979424,0.7153909465020576,0.878739070409572,
by_confidence,0.28444444444444444,0.7155555555555555,0.8787669657234874,
by_confidence,0.2842798353909465,0.7157201646090535,0.8785648574057038,
by_confidence,0.28411522633744857,0.7158847736625514,0.8785927799494136,
by_confidence,0.2839506172839506,0.7160493827160493,0.8786206896551724,
by_confidence,0.2837860082304527,0.7162139917695474,0.8786485865318318,
by_confidence,0.2836213991769547,0.7163786008230453,0.8786764705882353,
by_confidence,0.2834567901234568,0.7165432098765432,0.8787043418332184,
by_confidence,0.28329218106995885,0.7167078189300412,0.8785025264124943,
by_confidence,0.2831275720164609,0.7168724279835391,0.8785304247990815,
by_confidence,0.28296296296296297,0.717037037037037,0.8785583103764922,
by_confidence,0.282798353909465,0.7172016460905349,0.878586183153546,
by_confidence,0.2826337448559671,0.717366255144033,0.8783845800826067,
by_confidence,0.28246913580246913,0.7175308641975309,0.8781830695113558,
by_confidence,0.2823045267489712,0.7176954732510288,0.8782110091743119,
by_confidence,0.28213991769547325,0.7178600823045268,0.8782389360238477,
by_confidence,0.2819753086419753,0.7180246913580247,0.8782668500687758,
by_confidence,0.2818106995884774,0.7181893004115226,0.8782947513179006,
by_confidence,0.2816460905349794,0.7183539094650205,0.8780934922089826,
by_confidence,0.2814814814814815,0.7185185185185186,0.8778923253150057,
by_confidence,0.28131687242798353,0.7186831275720165,0.8779202931745305,
by_confidence,0.2811522633744856,0.7188477366255144,0.8779482482253264,
by_confidence,0.28098765432098766,0.7190123456790124,0.8779761904761905,
by_confidence,0.2808230452674897,0.7191769547325103,0.8780041199359121,
by_confidence,0.2806584362139918,0.7193415637860082,0.8778032036613272,
by_confidence,0.2804938271604938,0.7195061728395061,0.8778311599176389,
by_confidence,0.2803292181069959,0.7196707818930042,0.8776303751143641,
by_confidence,0.28016460905349794,0.7198353909465021,0.877658358106563,
by_confidence,0.28,0.72,0.8774577046181985,
by_confidence,0.27983539094650206,0.720164609053498,0.8774857142857143,
by_confidence,0.2796707818930041,0.7203292181069959,0.8775137111517367,
by_confidence,0.2795061728395062,0.7204938271604938,0.87754169522504,
by_confidence,0.2793415637860082,0.7206584362139917,0.8775696665143902,
by_confidence,0.2791769547325103,0.7208230452674897,0.8773692623886732,
by_confidence,0.27901234567901234,0.7209876543209877,0.8771689497716895,
by_confidence,0.27884773662551443,0.7211522633744856,0.8771969869892718,
by_confidence,0.27868312757201646,0.7213168724279836,0.8769968051118211,
by_confidence,0.2785185185185185,0.7214814814814815,0.8767967145790554,
by_confidence,0.2783539094650206,0.7216460905349794,0.8765967153284672,
by_confidence,0.2781893004115226,0.7218106995884773,0.8763968072976055,
by_confidence,0.2780246913580247,0.7219753086419753,0.8764249886000912,
by_confidence,0.27786008230452675,0.7221399176954733,0.8762252108502393,
by_confidence,0.2776954732510288,0.7223045267489712,0.876253418413856,
by_confidence,0.27753086419753087,0.7224691358024692,0.8760537707906129,
by_confidence,0.2773662551440329,0.7226337448559671,0.8758542141230068,
by_confidence,0.277201646090535,0.722798353909465,0.875882486905033,
by_confidence,0.277037037037037,0.7229629629629629,0.8759107468123861,
by_confidence,0.2768724279835391,0.7231275720164609,0.8759389938538584,
by_confidence,0.27670781893004115,0.7232921810699589,0.8759672280382339,
by_confidence,0.2765432098765432,0.7234567901234568,0.875995449374289,
by_confidence,0.2763786008230453,0.7236213991769548,0.8760236578707916,
by_confidence,0.2762139917695473,0.7237860082304527,0.8760518535365022,
by_confidence,0.2760493827160494,0.7239506172839506,0.8760800363801728,
by_confidence,0.27588477366255143,0.7241152263374485,0.8761082064105479,
by_confidence,0.2757201646090535,0.7242798353909465,0.8761363636363636,
by_confidence,0.27555555555555555,0.7244444444444444,0.8761645080663486,
by_confidence,0.2753909465020576,0.7246090534979424,0.8761926397092231,
by_confidence,0.2752263374485597,0.7247736625514404,0.8762207585736997,
by_confidence,0.2750617283950617,0.7249382716049383,0.8760217983651226,
by_confidence,0.2748971193415638,0.7251028806584362,0.876049943246311,
by_confidence,0.27473251028806583,0.7252674897119341,0.876078075351793,
by_confidence,0.2745679012345679,0.7254320987654321,0.8761061946902655,
by_confidence,0.27440329218106996,0.72559670781893,0.8761343012704175,
by_confidence,0.274238683127572,0.725761316872428,0.87616239510093,
by_confidence,0.2740740740740741,0.725925925925926,0.8761904761904762,
by_confidence,0.2739094650205761,0.7260905349794239,0.8759918385853548,
by_confidence,0.2737448559670782,0.7262551440329218,0.8757932910244787,
by_confidence,0.27358024691358024,0.7264197530864197,0.8758214366644006,
by_confidence,0.27341563786008233,0.7265843621399177,0.8758495695514272,
by_confidence,0.27325102880658436,0.7267489711934156,0.8758776896942242,
by_confidence,0.2730864197530864,0.7269135802469135,0.8756793478260869,
by_confidence,0.2729218106995885,0.7270781893004116,0.8754810957663572,
by_confidence,0.2727572016460905,0.7272427983539095,0.8755092802172929,
by_confidence,0.2725925925925926,0.7274074074074074,0.8753111563702195,
by_confidence,0.27242798353909464,0.7275720164609053,0.8751131221719457,
by_confidence,0.27226337448559673,0.7277366255144033,0.8749151775616376,
by_confidence,0.27209876543209877,0.7279012345679012,0.8749434644957033,
by_confidence,0.2719341563786008,0.7280658436213991,0.8749717386389328,
by_confidence,0.2717695473251029,0.7282304526748972,0.875,
by_confidence,0.2716049382716049,0.7283950617283951,0.8750282485875707,
by_confidence,0.271440329218107,0.728559670781893,0.8750564844103027,
by_confidence,0.27127572016460905,0.7287242798353909,0.8750847074768466,
by_confidence,0.27111111111111114,0.7288888888888889,0.8748870822041553,
by_confidence,0.27094650205761317,0.7290534979423868,0.8749153307744412,
by_confidence,0.2707818930041152,0.7292181069958847,0.8749435665914221,
by_confidence,0.2706172839506173,0.7293827160493828,0.8749717896637328,
by_confidence,0.2704526748971193,0.7295473251028807,0.8747743682310469,
by_confidence,0.2702880658436214,0.7297119341563786,0.8745770358673585,
by_confidence,0.27012345679012345,0.7298765432098765,0.8743797925124042,
by_confidence,0.26995884773662554,0.7300411522633745,0.8741826381059752,
by_confidence,0.2697942386831276,0.7302057613168724,0.8742110009017132,
by_confidence,0.2696296296296296,0.7303703703703703,0.8742393509127789,
by_confidence,0.2694650205761317,0.7305349794238684,0.8740423614240649,
by_confidence,0.26930041152263373,0.7306995884773663,0.8738454606893444,
by_confidence,0.2691358024691358,0.7308641975308642,0.8738738738738738,
by_confidence,0.26897119341563785,0.7310288065843621,0.8739022742625535,
by_confidence,0.26880658436213994,0.7311934156378601,0.8739306618640252,
by_confidence,0.268641975308642,0.731358024691358,0.8739590366869232,
by_confidence,0.268477366255144,0.7315226337448559,0.873987398739874,
by_confidence,0.2683127572016461,0.731687242798354,0.8740157480314961,
by_confidence,0.26814814814814814,0.7318518518518519,0.8738191632928475,
by_confidence,0.2679835390946502,0.7320164609053498,0.8738475376658421,
by_confidence,0.26781893004115226,0.7321810699588477,0.8736510791366906,
by_confidence,0.26765432098765435,0.7323456790123457,0.8736794785345021,
by_confidence,0.2674897119341564,0.7325102880658436,0.8737078651685394,
by_confidence,0.2673251028806584,0.7326748971193415,0.873736239047405,
by_confidence,0.2671604938271605,0.7328395061728395,0.8737646001796945,
by_confidence,0.26699588477366254,0.7330041152263375,0.873792948573995,
by_confidence,0.26683127572016463,0.7331687242798354,0.8738212842388864,
by_confidence,0.26666666666666666,0.7333333333333333,0.8738496071829405,
by_confidence,0.2665020576131687,0.7334979423868313,0.8738779174147218,
by_confidence,0.2663374485596708,0.7336625514403292,0.8739062149427866,
by_confidence,0.2661728395061728,0.7338271604938271,0.8739344997756842,
by_confidence,0.2660082304526749,0.7339917695473251,0.8739627719219556,
by_confidence,0.26584362139917694,0.7341563786008231,0.8739910313901346,
by_confidence,0.26567901234567903,0.734320987654321,0.8740192781887469,
by_confidence,0.26551440329218107,0.7344855967078189,0.8738233975795607,
by_confidence,0.2653497942386831,0.7346502057613169,0.8736276047501681,
by_confidence,0.2651851851851852,0.7348148148148148,0.8736559139784946,
by_confidence,0.2650205761316872,0.7349794238683127,0.8734602463605823,
by_confidence,0.2648559670781893,0.7351440329218107,0.8732646663681146,
by_confidence,0.26469135802469135,0.7353086419753087,0.8732930378329975,
by_confidence,0.26452674897119344,0.7354732510288066,0.8733213965980304,
by_confidence,0.26436213991769547,0.7356378600823045,0.8733497426717386,
by_confidence,0.2641975308641975,0.7358024691358025,0.8731543624161073,
by_confidence,0.2640329218106996,0.7359670781893004,0.8729590695593827,
by_confidence,0.26386831275720163,0.7361316872427983,0.8729874776386404,
by_confidence,0.2637037037037037,0.7362962962962963,0.8727923094120277,
by_confidence,0.26353909465020575,0.7364609053497942,0.8728207420652659,
by_confidence,0.26337448559670784,0.7366255144032922,0.8726256983240224,
by_confidence,0.2632098765432099,0.7367901234567901,0.8726541554959786,
by_confidence,0.2630452674897119,0.7369547325102881,0.8724592360955997,
by_confidence,0.262880658436214,0.737119341563786,0.87248771773113,
by_confidence,0.26271604938271603,0.7372839506172839,0.8722929225273498,
by_confidence,0.2625514403292181,0.7374485596707819,0.8723214285714286,
by_confidence,0.26238683127572016,0.7376131687242798,0.8723499218924348,
by_confidence,0.26222222222222225,0.7377777777777778,0.8721552878179384,
by_confidence,0.2620576131687243,0.7379423868312757,0.8721838054873968,
by_confidence,0.2618930041152263,0.7381069958847737,0.8722123104371097,
by_confidence,0.2617283950617284,0.7382716049382716,0.8722408026755852,
by_confidence,0.26156378600823044,0.7384362139917695,0.872046366473473,
by_confidence,0.2613991769547325,0.7386008230452675,0.8720748829953198,
by_confidence,0.26123456790123456,0.7387654320987654,0.8721033868092691,
by_confidence,0.26106995884773665,0.7389300411522634,0.8719091111606149,
by_confidence,0.2609053497942387,0.7390946502057614,0.8717149220489978,
by_confidence,0.2607407407407407,0.7392592592592593,0.8717434869739479,
by_confidence,0.2605761316872428,0.7394238683127572,0.8717720391807658,
by_confidence,0.26041152263374484,0.7395884773662551,0.8715780102381482,
by_confidence,0.26024691358024693,0.7397530864197531,0.8716065865598576,
by_confidence,0.26008230452674896,0.739917695473251,0.8716351501668521,
by_confidence,0.25991769547325105,0.740082304526749,0.8716637010676157,
by_confidence,0.2597530864197531,0.740246913580247,0.8716922392706249,
by_confidence,0.2595884773662551,0.7404115226337449,0.8717207647843486,
by_confidence,0.2594238683127572,0.7405761316872428,0.8717492776172483,
by_confidence,0.25925925925925924,0.7407407407407407,0.8715555555555555,
by_confidence,0.25909465020576133,0.7409053497942387,0.8715840924239058,
by_confidence,0.25893004115226337,0.7410699588477366,0.8716126166148378,
by_confidence,0.25876543209876546,0.7412345679012345,0.8716411281367977,
by_confidence,0.2586008230452675,0.7413991769547326,0.8716696269982238,
by_confidence,0.2584362139917695,0.7415637860082305,0.8716981132075472,
by_confidence,0.2582716049382716,0.7417283950617284,0.8717265867731913,
by_confidence,0.25810699588477365,0.7418930041152263,0.8715331706234746,
by_confidence,0.25794238683127574,0.7420576131687243,0.871561668145519,
by_confidence,0.2577777777777778,0.7422222222222222,0.8713683743623863,
by_confidence,0.25761316872427986,0.7423868312757201,0.8713968957871396,
by_confidence,0.2574485596707819,0.7425514403292182,0.8712037242296609,
by_confidence,0.25728395061728393,0.7427160493827161,0.8712322695035462,
by_confidence,0.257119341563786,0.742880658436214,0.8710392200310215,
by_confidence,0.25695473251028805,0.7430452674897119,0.871067789100576,
by_confidence,0.25679012345679014,0.7432098765432099,0.870874861572536,
by_confidence,0.2566255144032922,0.7433744855967078,0.870682019486271,
by_confidence,0.25646090534979427,0.7435390946502057,0.8707106486606154,
by_confidence,0.2562962962962963,0.7437037037037038,0.870739265161576,
by_confidence,0.25613168724279833,0.7438683127572017,0.8705465811020138,
by_confidence,0.2559670781893004,0.7440329218106996,0.870353982300885,
by_confidence,0.25580246913580246,0.7441975308641975,0.8703826587038266,
by_confidence,0.25563786008230455,0.7443621399176955,0.8701901813356921,
by_confidence,0.2554732510288066,0.7445267489711934,0.870218881273491,
by_confidence,0.2553086419753086,0.7446913580246913,0.8702475685234305,
by_confidence,0.2551440329218107,0.7448559670781894,0.8702762430939226,
by_confidence,0.25497942386831274,0.7450205761316873,0.8703049049933717,
by_confidence,0.2548148148148148,0.7451851851851852,0.8701126573889993,
by_confidence,0.25465020576131686,0.7453497942386831,0.8699204946996466,
by_confidence,0.25448559670781895,0.7455144032921811,0.869728416869066,
by_confidence,0.254320987654321,0.745679012345679,0.8695364238410596,
by_confidence,0.254156378600823,0.7458436213991769,0.8695652173913043,
by_confidence,0.2539917695473251,0.746008230452675,0.8695939982347749,
by_confidence,0.25382716049382714,0.7461728395061729,0.8694021619236708,
by_confidence,0.25366255144032923,0.7463374485596708,0.8692104102337892,
by_confidence,0.25349794238683127,0.7465020576131687,0.8690187431091511,
by_confidence,0.25333333333333335,0.7466666666666667,0.8690476190476191,
by_confidence,0.2531687242798354,0.7468312757201646,0.869076482256998,
by_confidence,0.2530041152263374,0.7469958847736625,0.869105332745703,
by_confidence,0.2528395061728395,0.7471604938271605,0.8689138576779026,
by_confidence,0.25267489711934155,0.7473251028806585,0.8687224669603524,
by_confidence,0.25251028806584364,0.7474897119341564,0.8685311605373266,
by_confidence,0.25234567901234567,0.7476543209876543,0.8683399383531484,
by_confidence,0.25218106995884776,0.7478189300411523,0.8683689192163768,
by_confidence,0.2520164609053498,0.7479835390946502,0.8683978873239436,
by_confidence,0.2518518518518518,0.7481481481481481,0.8684268426842684,
by_confidence,0.2516872427983539,0.7483127572016461,0.8682358117025957,
by_confidence,0.25152263374485595,0.748477366255144,0.8682647899714098,
by_confidence,0.25135802469135804,0.748641975308642,0.8682937554969217,
by_confidence,0.2511934156378601,0.7488065843621399,0.8681028797537921,
by_confidence,0.25102880658436216,0.7489711934156379,0.867912087912088,
by_confidence,0.2508641975308642,0.7491358024691358,0.8677213799165019,
by_confidence,0.25069958847736623,0.7493004115226337,0.8677504393673111,
by_confidence,0.2505349794238683,0.7494650205761317,0.8677794860531518,
by_confidence,0.25037037037037035,0.7496296296296296,0.8675889328063241,
by_confidence,0.25020576131687244,0.7497942386831276,0.8676180021953896,
by_confidence,0.2500411522633745,0.7499588477366255,0.8676470588235294,
by_confidence,0.24987654320987654,0.7501234567901235,0.8676761026991442,
by_confidence,0.2497119341563786,0.7502880658436214,0.8674857393593681,
by_confidence,0.24954732510288066,0.7504526748971193,0.8675148058784822,
by_confidence,0.24938271604938272,0.7506172839506173,0.8673245614035088,
by_confidence,0.24921810699588479,0.7507818930041152,0.8673536505152379,
by_confidence,0.24905349794238682,0.7509465020576132,0.867382726874178,
by_confidence,0.24888888888888888,0.7511111111111111,0.8674117904887135,
by_confidence,0.24872427983539094,0.7512757201646091,0.8672217353198949,
by_confidence,0.248559670781893,0.751440329218107,0.867250821467689,
by_confidence,0.24839506172839507,0.7516049382716049,0.8670608848007009,
by_confidence,0.24823045267489713,0.7517695473251029,0.8670899934311365,
by_confidence,0.2480658436213992,0.7519341563786008,0.8669001751313485,
by_confidence,0.24790123456790122,0.7520987654320987,0.8667104399212081,
by_confidence,0.24773662551440329,0.7522633744855967,0.8667396061269147,
by_confidence,0.24757201646090535,0.7524279835390947,0.8665499890614745,
by_confidence,0.2474074074074074,0.7525925925925926,0.8665791776027997,
by_confidence,0.24724279835390947,0.7527572016460905,0.8663896785479991,
by_confidence,0.24707818930041153,0.7529218106995885,0.8662002623524268,
by_confidence,0.24691358024691357,0.7530864197530864,0.8662295081967213,
by_confidence,0.24674897119341563,0.7532510288065843,0.8660402097902098,
by_confidence,0.2465843621399177,0.7534156378600823,0.8660694778239021,
by_confidence,0.24641975308641975,0.7535802469135803,0.8658802970729577,
by_confidence,0.2462551440329218,0.7537448559670782,0.8659095872461237,
by_confidence,0.24609053497942388,0.7539094650205761,0.865938864628821,
by_confidence,0.24592592592592594,0.7540740740740741,0.8657498362802881,
by_confidence,0.24576131687242797,0.754238683127572,0.8655608904408555,
by_confidence,0.24559670781893003,0.7544032921810699,0.8653720270565132,
by_confidence,0.2454320987654321,0.7545679012345679,0.8654013961605584,
by_confidence,0.24526748971193416,0.7547325102880659,0.8652126499454744,
by_confidence,0.24510288065843622,0.7548971193415638,0.8652420409943306,
by_confidence,0.24493827160493828,0.7550617283950617,0.8652714192282538,
by_confidence,0.24477366255144034,0.7552263374485597,0.8653007846556233,
by_confidence,0.24460905349794237,0.7553909465020576,0.8653301372848115,
by_confidence,0.24444444444444444,0.7555555555555555,0.8651416122004357,
by_confidence,0.2442798353909465,0.7557201646090534,0.8649531692441734,
by_confidence,0.24411522633744856,0.7558847736625515,0.8647648083623694,
by_confidence,0.24395061728395062,0.7560493827160494,0.8645765295014152,
by_confidence,0.24378600823045268,0.7562139917695473,0.8646060078363083,
by_confidence,0.24362139917695474,0.7563786008230453,0.8646354733405875,
by_confidence,0.24345679012345678,0.7565432098765432,0.8646649260226283,
by_confidence,0.24329218106995884,0.7567078189300411,0.8644768327169894,
by_confidence,0.2431275720164609,0.756872427983539,0.8645063070900392,
by_confidence,0.24296296296296296,0.7570370370370371,0.8643183300717547,
by_confidence,0.24279835390946503,0.757201646090535,0.8643478260869565,
by_confidence,0.2426337448559671,0.7573662551440329,0.8643773092805912,
by_confidence,0.24246913580246915,0.7575308641975309,0.8641894828335507,
by_confidence,0.24230452674897118,0.7576954732510288,0.8642189876167716,
by_confidence,0.24213991769547324,0.7578600823045267,0.8642484795829714,
by_confidence,0.2419753086419753,0.7580246913580246,0.8640608034744842,
by_confidence,0.24181069958847737,0.7581893004115227,0.8638732088580113,
by_confidence,0.24164609053497943,0.7583539094650206,0.8639027566746256,
by_confidence,0.2414814814814815,0.7585185185185185,0.8639322916666666,
by_confidence,0.24131687242798353,0.7586831275720165,0.863961813842482,
by_confidence,0.2411522633744856,0.7588477366255144,0.8639913232104122,
by_confidence,0.24098765432098765,0.7590123456790123,0.8640208197787899,
by_confidence,0.2408230452674897,0.7591769547325102,0.8638334778837814,
by_confidence,0.24065843621399177,0.7593415637860083,0.8638629958812053,
by_confidence,0.24049382716049383,0.7595061728395062,0.8638925010836584,
by_confidence,0.2403292181069959,0.7596707818930041,0.8639219934994583,
by_confidence,0.24016460905349793,0.7598353909465021,0.863734835355286,
by_confidence,0.24,0.76,0.8637643491444661,
by_confidence,0.23983539094650205,0.7601646090534979,0.8635773061931572,
by_confidence,0.23967078189300411,0.7603292181069958,0.8633903442303529,
by_confidence,0.23950617283950618,0.7604938271604939,0.8632034632034632,
by_confidence,0.23934156378600824,0.7606584362139918,0.8630166630599437,
by_confidence,0.2391769547325103,0.7608230452674897,0.8630463003028992,
by_confidence,0.23901234567901233,0.7609876543209877,0.8628596149686351,
by_confidence,0.2388477366255144,0.7611522633744856,0.8626730103806228,
by_confidence,0.23868312757201646,0.7613168724279835,0.8624864864864865,
by_confidence,0.23851851851851852,0.7614814814814815,0.8625162127107653,
by_confidence,0.23835390946502058,0.7616460905349794,0.8625459260860169,
by_confidence,0.23818930041152264,0.7618106995884774,0.8625756266205704,
by_confidence,0.2380246913580247,0.7619753086419753,0.8623892849427522,
by_confidence,0.23786008230452674,0.7621399176954733,0.8624190064794817,
by_confidence,0.2376954732510288,0.7623045267489712,0.8624487151803066,
by_confidence,0.23753086419753086,0.7624691358024691,0.8622625215889465,
by_confidence,0.23736625514403292,0.7626337448559671,0.8622922512410964,
by_confidence,0.23720164609053498,0.762798353909465,0.8623219680621493,
by_confidence,0.23703703703703705,0.762962962962963,0.8621359223300971,
by_confidence,0.2368724279835391,0.7631275720164609,0.8619499568593615,
by_confidence,0.23670781893004114,0.7632921810699589,0.8619797282725901,
by_confidence,0.2365432098765432,0.7634567901234568,0.8620094868477792,
by_confidence,0.23637860082304527,0.7636213991769547,0.8620392325932313,
by_confidence,0.23621399176954733,0.7637860082304527,0.8620689655172413,
by_confidence,0.2360493827160494,0.7639506172839506,0.8620986856280974,
by_confidence,0.23588477366255145,0.7641152263374485,0.8621283929340802,
by_confidence,0.23572016460905348,0.7642798353909465,0.8621580874434632,
by_confidence,0.23555555555555555,0.7644444444444445,0.8621877691645133,
by_confidence,0.2353909465020576,0.7646090534979424,0.8622174381054898,
by_confidence,0.23522633744855967,0.7647736625514403,0.8622470942746449,
by_confidence,0.23506172839506173,0.7649382716049383,0.8620615450828492,
by_confidence,0.2348971193415638,0.7651028806584362,0.8618760757314974,
by_confidence,0.23473251028806585,0.7652674897119341,0.8619057861905787,
by_confidence,0.2345679012345679,0.7654320987654321,0.8619354838709677,
by_confidence,0.23440329218106995,0.7655967078189301,0.8619651687809073,
by_confidence,0.234238683127572,0.765761316872428,0.8619948409286329,
by_confidence,0.23407407407407407,0.7659259259259259,0.8620245003223727,
by_confidence,0.23390946502057613,0.7660905349794239,0.8618392780403954,
by_confidence,0.2337448559670782,0.7662551440329218,0.8618689581095597,
by_confidence,0.23358024691358026,0.7664197530864197,0.8618986254295533,
by_confidence,0.2334156378600823,0.7665843621399177,0.8619282800085892,
by_confidence,0.23325102880658435,0.7667489711934157,0.8617432374409618,
by_confidence,0.23308641975308642,0.7669135802469136,0.8617729126421979,
by_confidence,0.23292181069958848,0.7670781893004115,0.8618025751072962,
by_confidence,0.23275720164609054,0.7672427983539095,0.861832224844454,
by_confidence,0.2325925925925926,0.7674074074074074,0.8616473616473617,
by_confidence,0.23242798353909466,0.7675720164609053,0.8616770319536778,
by_confidence,0.2322633744855967,0.7677366255144032,0.861492281303602,
by_confidence,0.23209876543209876,0.7679012345679013,0.8615219721329046,
by_confidence,0.23193415637860082,0.7680658436213992,0.861551650235748,
by_confidence,0.23176954732510288,0.7682304526748971,0.8615813156203128,
by_confidence,0.23160493827160494,0.7683950617283951,0.8613967437874893,
by_confidence,0.231440329218107,0.768559670781893,0.8612122510173484,
by_confidence,0.23127572016460907,0.7687242798353909,0.8612419700214132,
by_confidence,0.2311111111111111,0.7688888888888888,0.8610575893812888,
by_confidence,0.23094650205761316,0.7690534979423869,0.8610873287671232,
by_confidence,0.23078189300411522,0.7692181069958848,0.8611170554247807,
by_confidence,0.23061728395061729,0.7693827160493827,0.8611467693624305,
by_confidence,0.23045267489711935,0.7695473251028807,0.8611764705882353,
by_confidence,0.2302880658436214,0.7697119341563786,0.8609923011120616,
by_confidence,0.23012345679012347,0.7698765432098765,0.8610220226641009,
by_confidence,0.2299588477366255,0.7700411522633744,0.861051731509192,
by_confidence,0.22979423868312757,0.7702057613168725,0.8610814276554819,
by_confidence,0.22962962962962963,0.7703703703703704,0.8611111111111112,
by_confidence,0.2294650205761317,0.7705349794238683,0.8609271523178808,
by_confidence,0.22930041152263375,0.7706995884773663,0.8609568560444255,
by_confidence,0.2291358024691358,0.7708641975308642,0.8609865470852018,
by_confidence,0.22897119341563785,0.7710288065843621,0.8610162254483348,
by_confidence,0.2288065843621399,0.77119341563786,0.8610458911419424,
by_confidence,0.22864197530864197,0.7713580246913581,0.8608621425522834,
by_confidence,0.22847736625514403,0.771522633744856,0.8608918284617025,
by_confidence,0.2283127572016461,0.7716872427983539,0.8607081911262798,
by_confidence,0.22814814814814816,0.7718518518518519,0.8607378972062273,
by_confidence,0.22798353909465022,0.7720164609053498,0.8605543710021322,
by_confidence,0.22781893004115225,0.7721810699588477,0.8605840972074185,
by_confidence,0.2276543209876543,0.7723456790123456,0.860613810741688,
by_confidence,0.22748971193415637,0.7725102880658437,0.8606435116130406,
by_confidence,0.22732510288065844,0.7726748971193416,0.8606731998295697,
by_confidence,0.2271604938271605,0.7728395061728395,0.860702875399361,
by_confidence,0.22699588477366256,0.7730041152263375,0.860732538330494,
by_confidence,0.22683127572016462,0.7731687242798354,0.8605492867787949,
by_confidence,0.22666666666666666,0.7733333333333333,0.8603661132396765,
by_confidence,0.22650205761316872,0.7734979423868312,0.860395828899766,
by_confidence,0.22633744855967078,0.7736625514403292,0.8604255319148936,
by_confidence,0.22617283950617284,0.7738271604938272,0.8602425015954053,
by_confidence,0.2260082304526749,0.7739917695473251,0.8602722245852829,
by_confidence,0.22584362139917696,0.7741563786008231,0.8603019349351477,
by_confidence,0.22567901234567903,0.774320987654321,0.8603316326530612,
by_confidence,0.22551440329218106,0.7744855967078189,0.8601487778958554,
by_confidence,0.22534979423868312,0.7746502057613168,0.8601784955376116,
by_confidence,0.22518518518518518,0.7748148148148148,0.8602082005523688,
by_confidence,0.22502057613168724,0.7749794238683128,0.8600254885301615,
by_confidence,0.2248559670781893,0.7751440329218107,0.8600552134211085,
by_confidence,0.22469135802469137,0.7753086419753087,0.8600849256900213,
by_confidence,0.22452674897119343,0.7754732510288066,0.859902356187646,
by_confidence,0.22436213991769546,0.7756378600823045,0.8599320882852292,
by_confidence,0.22419753086419753,0.7758024691358024,0.8597496286866115,
by_confidence,0.2240329218106996,0.7759670781893004,0.8597793805685193,
by_confidence,0.22386831275720165,0.7761316872427984,0.8598091198303287,
by_confidence,0.2237037037037037,0.7762962962962963,0.8598388464800678,
by_confidence,0.22353909465020577,0.7764609053497943,0.8596565613737545,
by_confidence,0.2233744855967078,0.7766255144032922,0.8594743535396354,
by_confidence,0.22320987654320987,0.7767901234567901,0.859504132231405,
by_confidence,0.22304526748971193,0.776954732510288,0.8595338983050848,
by_confidence,0.222880658436214,0.777119341563786,0.8595636517686931,
by_confidence,0.22271604938271605,0.777283950617284,0.8595933926302414,
by_confidence,0.22255144032921811,0.7774485596707819,0.8596231208977345,
by_confidence,0.22238683127572018,0.7776131687242799,0.8596528365791702,
by_confidence,0.2222222222222222,0.7777777777777778,0.8594708994708995,
by_confidence,0.22205761316872427,0.7779423868312757,0.8592890393567499,
by_confidence,0.22189300411522633,0.7781069958847736,0.8593188068542416,
by_confidence,0.2217283950617284,0.7782716049382716,0.8593485617597293,
by_confidence,0.22156378600823046,0.7784362139917695,0.8593783040812011,
by_confidence,0.22139917695473252,0.7786008230452675,0.8594080338266384,
by_confidence,0.22123456790123458,0.7787654320987655,0.8592263792010146,
by_confidence,0.22106995884773661,0.7789300411522634,0.8590448013524936,
by_confidence,0.22090534979423868,0.7790946502057613,0.8590745827170928,
by_confidence,0.22074074074074074,0.7792592592592592,0.8591043514997888,
by_confidence,0.2205761316872428,0.7794238683127572,0.8589229144667371,
by_confidence,0.22041152263374486,0.7795884773662551,0.8589527027027027,
by_confidence,0.22024691358024692,0.779753086419753,0.8589824783618324,
by_confidence,0.22008230452674898,0.7799176954732511,0.8590122414520895,
by_confidence,0.21991769547325102,0.780082304526749,0.858830976999367,
by_confidence,0.21975308641975308,0.7802469135802469,0.8586497890295358,
by_confidence,0.21958847736625514,0.7804115226337448,0.8584686774941995,
by_confidence,0.2194238683127572,0.7805761316872428,0.8582876423450021,
by_confidence,0.21925925925925926,0.7807407407407407,0.8581066835336285,
by_confidence,0.21909465020576133,0.7809053497942386,0.8581365935919055,
by_confidence,0.2189300411522634,0.7810699588477367,0.8581664910432034,
by_confidence,0.21876543209876542,0.7812345679012346,0.8581963758954909,
by_confidence,0.21860082304526748,0.7813991769547325,0.8582262481567305,
by_confidence,0.21843621399176955,0.7815637860082304,0.8582561078348778,
by_confidence,0.2182716049382716,0.7817283950617284,0.8580753842914298,
by_confidence,0.21810699588477367,0.7818930041152263,0.8578947368421053,
by_confidence,0.21794238683127573,0.7820576131687242,0.8579246474426436,
by_confidence,0.21777777777777776,0.7822222222222223,0.8579545454545454,
by_confidence,0.21761316872427983,0.7823868312757202,0.8579844308857564,
by_confidence,0.2174485596707819,0.7825514403292181,0.8580143037442154,
by_confidence,0.21728395061728395,0.782716049382716,0.8580441640378549,
by_confidence,0.217119341563786,0.782880658436214,0.8578637510513036,
by_confidence,0.21695473251028807,0.7830452674897119,0.8576834139163338,
by_confidence,0.21679012345679013,0.7832098765432098,0.8577133249264397,
by_confidence,0.21662551440329217,0.7833744855967079,0.8577432233662534,
by_confidence,0.21646090534979423,0.7835390946502058,0.8577731092436974,
by_confidence,0.2162962962962963,0.7837037037037037,0.8578029825666876,
by_confidence,0.21613168724279835,0.7838683127572016,0.8576228475430492,
by_confidence,0.21596707818930042,0.7840329218106996,0.8576527398698299,
by_confidence,0.21580246913580248,0.7841975308641975,0.8576826196473551,
by_confidence,0.21563786008230454,0.7843621399176954,0.8575026232948584,
by_confidence,0.21547325102880657,0.7845267489711935,0.8575325220310533,
by_confidence,0.21530864197530863,0.7846913580246914,0.8573526326830292,
by_confidence,0.2151440329218107,0.7848559670781893,0.8573825503355704,
by_confidence,0.21497942386831276,0.7850205761316873,0.8572027678758649,
by_confidence,0.21481481481481482,0.7851851851851852,0.8570230607966457,
by_confidence,0.21465020576131688,0.7853497942386831,0.8570530287151541,
by_confidence,0.21448559670781894,0.785514403292181,0.8570829840737636,
by_confidence,0.21432098765432098,0.785679012345679,0.8571129268803688,
by_confidence,0.21415637860082304,0.785843621399177,0.8569333891914537,
by_confidence,0.2139917695473251,0.7860082304526749,0.8567539267015707,
by_confidence,0.21382716049382716,0.7861728395061729,0.8567839195979899,
by_confidence,0.21366255144032922,0.7863374485596708,0.8566045635335985,
by_confidence,0.21349794238683129,0.7865020576131687,0.8566345751360401,
by_confidence,0.21333333333333335,0.7866666666666666,0.8566645741786985,
by_confidence,0.21316872427983538,0.7868312757201646,0.856694560669456,
by_confidence,0.21300411522633744,0.7869958847736626,0.8567245346161891,
by_confidence,0.2128395061728395,0.7871604938271605,0.856754496026767,
by_confidence,0.21267489711934157,0.7873251028806585,0.8567844449090529,
by_confidence,0.21251028806584363,0.7874897119341564,0.8566053511705686,
by_confidence,0.2123456790123457,0.7876543209876543,0.8566353187042842,
by_confidence,0.21218106995884772,0.7878189300411522,0.8566652737150021,
by_confidence,0.21201646090534979,0.7879835390946502,0.8564863171088364,
by_confidence,0.21185185185185185,0.7881481481481482,0.856516290726817,
by_confidence,0.2116872427983539,0.7883127572016461,0.8565462518271038,
by_confidence,0.21152263374485597,0.7884773662551441,0.8563674321503132,
by_confidence,0.21135802469135803,0.788641975308642,0.8561886871216865,
by_confidence,0.2111934156378601,0.7888065843621399,0.8560100166944908,
by_confidence,0.21102880658436213,0.7889711934156378,0.8558314208220321,
by_confidence,0.2108641975308642,0.7891358024691358,0.8558614935335837,
by_confidence,0.21069958847736625,0.7893004115226337,0.8556830031282586,
by_confidence,0.2105349794238683,0.7894650205761317,0.8555045871559633,
by_confidence,0.21037037037037037,0.7896296296296297,0.8555347091932458,
by_confidence,0.21020576131687244,0.7897942386831276,0.8555648186744477,
by_confidence,0.2100411522633745,0.7899588477366255,0.855386538862263,
by_confidence,0.20987654320987653,0.7901234567901234,0.8554166666666667,
by_confidence,0.2097119341563786,0.7902880658436214,0.8554467819204332,
by_confidence,0.20954732510288065,0.7904526748971193,0.8552686380674719,
by_confidence,0.20938271604938272,0.7906172839506173,0.8552987716010827,
by_confidence,0.20921810699588478,0.7907818930041153,0.855120732722731,
by_confidence,0.20905349794238684,0.7909465020576132,0.8551508844953174,
by_confidence,0.2088888888888889,0.7911111111111111,0.8551810237203495,
by_confidence,0.20872427983539094,0.791275720164609,0.8550031204493447,
by_confidence,0.208559670781893,0.791440329218107,0.8548252911813644,
by_confidence,0.20839506172839506,0.7916049382716049,0.8546475358702433,
by_confidence,0.20823045267489712,0.7917695473251029,0.8546777546777546,
by_confidence,0.20806584362139918,0.7919341563786009,0.8545001039284972,
by_confidence,0.20790123456790124,0.7920987654320988,0.8543225270157938,
by_confidence,0.2077366255144033,0.7922633744855967,0.8543527945148556,
by_confidence,0.20757201646090534,0.7924279835390946,0.8543830494391359,
by_confidence,0.2074074074074074,0.7925925925925926,0.8542056074766355,
by_confidence,0.20724279835390946,0.7927572016460905,0.8540282392026578,
by_confidence,0.20707818930041152,0.7929218106995884,0.8540585426614075,
by_confidence,0.2069135802469136,0.7930864197530865,0.8538812785388128,
by_confidence,0.20674897119341565,0.7932510288065844,0.8537040879850591,
by_confidence,0.20658436213991768,0.7934156378600823,0.8537344398340249,
by_confidence,0.20641975308641974,0.7935802469135802,0.8537647790914747,
by_confidence,0.2062551440329218,0.7937448559670782,0.8537951057652426,
by_confidence,0.20609053497942387,0.7939094650205761,0.8538254198631557,
by_confidence,0.20592592592592593,0.794074074074074,0.8538557213930348,
by_confidence,0.205761316872428,0.7942386831275721,0.8536787564766839,
by_confidence,0.20559670781893005,0.79440329218107,0.8537090758392043,
by_confidence,0.2054320987654321,0.7945679012345679,0.8535322146260618,
by_confidence,0.20526748971193415,0.7947325102880658,0.8535625517812759,
by_confidence,0.2051028806584362,0.7948971193415638,0.8535928763719196,
by_confidence,0.20493827160493827,0.7950617283950617,0.8536231884057971,
by_confidence,0.20477366255144033,0.7952263374485596,0.8536534878907058,
by_confidence,0.2046090534979424,0.7953909465020577,0.8534768211920529,
by_confidence,0.20444444444444446,0.7955555555555556,0.8535071384233396,
by_confidence,0.2042798353909465,0.7957201646090535,0.853537443111295,
by_confidence,0.20411522633744855,0.7958847736625514,0.8535677352637022,
by_confidence,0.2039506172839506,0.7960493827160494,0.8535980148883374,
by_confidence,0.20378600823045268,0.7962139917695473,0.8534215422782716,
by_confidence,0.20362139917695474,0.7963786008230452,0.8532451426209178,
by_confidence,0.2034567901234568,0.7965432098765433,0.8532754701384584,
by_confidence,0.20329218106995886,0.7967078189300412,0.8533057851239669,
by_confidence,0.2031275720164609,0.7968724279835391,0.8531295186944846,
by_confidence,0.20296296296296296,0.797037037037037,0.8531598513011153,
by_confidence,0.20279835390946502,0.797201646090535,0.8531901713813752,
by_confidence,0.20263374485596708,0.7973662551440329,0.8532204789430223,
by_confidence,0.20246913580246914,0.7975308641975308,0.8530443756449948,
by_confidence,0.2023045267489712,0.7976954732510289,0.8530747007841519,
by_confidence,0.20213991769547326,0.7978600823045268,0.8528987002269445,
by_confidence,0.2019753086419753,0.7980246913580247,0.8529290429042904,
by_confidence,0.20181069958847736,0.7981893004115226,0.8529593730666116,
by_confidence,0.20164609053497942,0.7983539094650206,0.8529896907216494,
by_confidence,0.20148148148148148,0.7985185185185185,0.8530199958771387,
by_confidence,0.20131687242798355,0.7986831275720164,0.8528441879637263,
by_confidence,0.2011522633744856,0.7988477366255144,0.8528745106119926,
by_confidence,0.20098765432098764,0.7990123456790124,0.8526988051091883,
by_confidence,0.2008230452674897,0.7991769547325103,0.8527291452111225,
by_confidence,0.20065843621399176,0.7993415637860082,0.8525535420098846,
by_confidence,0.20049382716049383,0.7995061728395062,0.8525838995264566,
by_confidence,0.2003292181069959,0.7996707818930041,0.8524083985179086,
by_confidence,0.20016460905349795,0.799835390946502,0.8522329697468615,
by_confidence,0.2,0.8,0.8522633744855967,
by_confidence,0.19983539094650205,0.800164609053498,0.8522937667146677,
by_confidence,0.1996707818930041,0.8003292181069959,0.8523241464417936,
by_confidence,0.19950617283950617,0.8004938271604938,0.8523545136746864,
by_confidence,0.19934156378600823,0.8006584362139918,0.8521792763157895,
by_confidence,0.1991769547325103,0.8008230452674897,0.8522096608427544,
by_confidence,0.19901234567901235,0.8009876543209876,0.8520345252774353,
by_confidence,0.19884773662551442,0.8011522633744856,0.8520649270597904,
by_confidence,0.19868312757201645,0.8013168724279836,0.8520953163516845,
by_confidence,0.1985185185185185,0.8014814814814815,0.8519203121790923,
by_confidence,0.19835390946502057,0.8016460905349794,0.8519507186858316,
by_confidence,0.19818930041152263,0.8018106995884774,0.8519811127078628,
by_confidence,0.1980246913580247,0.8019753086419753,0.8518062397372742,
by_confidence,0.19786008230452676,0.8021399176954732,0.8518366509337164,
by_confidence,0.19769547325102882,0.8023045267489712,0.8518670496512105,
by_confidence,0.19753086419753085,0.8024691358024691,0.8518974358974359,
by_confidence,0.19736625514403291,0.8026337448559671,0.8519278096800657,
by_confidence,0.19720164609053498,0.802798353909465,0.8517531269222883,
by_confidence,0.19703703703703704,0.802962962962963,0.8515785157851579,
by_confidence,0.1968724279835391,0.8031275720164609,0.8516089362574298,
by_confidence,0.19670781893004116,0.8032921810699588,0.8514344262295082,
by_confidence,0.19654320987654322,0.8034567901234568,0.851259987707437,
by_confidence,0.19637860082304526,0.8036213991769547,0.8512904547316673,
by_confidence,0.19621399176954732,0.8037860082304527,0.8513209092770838,
by_confidence,0.19604938271604938,0.8039506172839506,0.8513513513513513,
by_confidence,0.19588477366255144,0.8041152263374486,0.851381780962129,
by_confidence,0.1957201646090535,0.8042798353909465,0.8514121981170691,
by_confidence,0.19555555555555557,0.8044444444444444,0.8514426028238183,
by_confidence,0.1953909465020576,0.8046090534979424,0.8512684124386252,
by_confidence,0.19522633744855966,0.8047736625514403,0.8512988341174065,
by_confidence,0.19506172839506172,0.8049382716049382,0.8513292433537832,
by_confidence,0.19489711934156378,0.8051028806584362,0.8511551829891638,
by_confidence,0.19473251028806585,0.8052674897119342,0.8511856091578087,
by_confidence,0.1945679012345679,0.8054320987654321,0.8510116492949111,
by_confidence,0.19440329218106997,0.80559670781893,0.8508377605230895,
by_confidence,0.194238683127572,0.805761316872428,0.8506639427987742,
by_confidence,0.19407407407407407,0.8059259259259259,0.8504901960784313,
by_confidence,0.19390946502057613,0.8060905349794238,0.8503165203185624,
by_confidence,0.1937448559670782,0.8062551440329218,0.8501429154757044,
by_confidence,0.19358024691358025,0.8064197530864198,0.8499693815064299,
by_confidence,0.1934156378600823,0.8065843621399177,0.85,
by_confidence,0.19325102880658437,0.8067489711934156,0.8500306059987758,
by_confidence,0.1930864197530864,0.8069135802469136,0.8498572011423908,
by_confidence,0.19292181069958847,0.8070781893004115,0.8498878237813583,
by_confidence,0.19275720164609053,0.8072427983539094,0.8499184339314845,
by_confidence,0.1925925925925926,0.8074074074074075,0.8499490316004078,
by_confidence,0.19242798353909465,0.8075720164609054,0.8497757847533632,
by_confidence,0.19226337448559672,0.8077366255144033,0.849602608518443,
by_confidence,0.19209876543209878,0.8079012345679012,0.8494295028524858,
by_confidence,0.1919341563786008,0.8080658436213992,0.8494601751884294,
by_confidence,0.19176954732510287,0.8082304526748971,0.8494908350305499,
by_confidence,0.19160493827160494,0.808395061728395,0.8495214823864793,
by_confidence,0.191440329218107,0.8085596707818931,0.8493485342019544,
by_confidence,0.19127572016460906,0.808724279835391,0.8491756564217382,
by_confidence,0.19111111111111112,0.8088888888888889,0.8490028490028491,
by_confidence,0.19094650205761318,0.8090534979423868,0.8490335707019329,
by_confidence,0.19078189300411522,0.8092181069958848,0.8488608624898292,
by_confidence,0.19061728395061728,0.8093827160493827,0.8488916005694529,
by_confidence,0.19045267489711934,0.8095473251028806,0.8487189914599431,
by_confidence,0.1902880658436214,0.8097119341563787,0.8485464525310022,
by_confidence,0.19012345679012346,0.8098765432098766,0.8485772357723578,
by_confidence,0.18995884773662552,0.8100411522633745,0.8486080065027434,
by_confidence,0.18979423868312756,0.8102057613168724,0.8486387647297846,
by_confidence,0.18962962962962962,0.8103703703703704,0.8484663822872233,
by_confidence,0.18946502057613168,0.8105349794238683,0.8484971567831032,
by_confidence,0.18930041152263374,0.8106995884773662,0.8485279187817258,
by_confidence,0.1891358024691358,0.8108641975308643,0.8483556638246041,
by_confidence,0.18897119341563787,0.8110288065843622,0.848183478790339,
by_confidence,0.18880658436213993,0.8111934156378601,0.8482142857142857,
by_confidence,0.18864197530864196,0.811358024691358,0.8482450801379591,
by_confidence,0.18847736625514402,0.811522633744856,0.8482758620689655,
by_confidence,0.18831275720164609,0.8116872427983539,0.8481038328939363,
by_confidence,0.18814814814814815,0.8118518518518518,0.8481346309813463,
by_confidence,0.1879835390946502,0.8120164609053498,0.8481654165822015,
by_confidence,0.18781893004115227,0.8121810699588478,0.8479935143899473,
by_confidence,0.18765432098765433,0.8123456790123457,0.8480243161094225,
by_confidence,0.18748971193415637,0.8125102880658436,0.8478525121555915,
by_confidence,0.18732510288065843,0.8126748971193416,0.8476807778002836,
by_confidence,0.1871604938271605,0.8128395061728395,0.8477116241393277,
by_confidence,0.18699588477366255,0.8130041152263374,0.8477424579874469,
by_confidence,0.1868312757201646,0.8131687242798354,0.8477732793522267,
by_confidence,0.18666666666666668,0.8133333333333334,0.8478040882412468,
by_confidence,0.18650205761316874,0.8134979423868313,0.8478348846620801,
by_confidence,0.18633744855967077,0.8136625514403292,0.8476633623305685,
by_confidence,0.18617283950617283,0.8138271604938272,0.8474919093851133,
by_confidence,0.1860082304526749,0.8139917695473251,0.8473205257836198,
by_confidence,0.18584362139917696,0.814156378600823,0.8473513950667206,
by_confidence,0.18567901234567902,0.814320987654321,0.8473822518698201,
by_confidence,0.18551440329218108,0.814485596707819,0.847413096200485,
by_confidence,0.18534979423868314,0.8146502057613169,0.8472418670438473,
by_confidence,0.18518518518518517,0.8148148148148148,0.8472727272727273,
by_confidence,0.18502057613168724,0.8149794238683128,0.847101595637245,
by_confidence,0.1848559670781893,0.8151440329218107,0.8471324717285945,
by_confidence,0.18469135802469136,0.8153086419753086,0.8469614375126187,
by_confidence,0.18452674897119342,0.8154732510288066,0.846992329430763,
by_confidence,0.18436213991769548,0.8156378600823045,0.8470232088799192,
by_confidence,0.18419753086419752,0.8158024691358025,0.8470540758676351,
by_confidence,0.18403292181069958,0.8159670781893004,0.8470849304014525,
by_confidence,0.18386831275720164,0.8161316872427984,0.8469140782573619,
by_confidence,0.1837037037037037,0.8162962962962963,0.8469449485783425,
by_confidence,0.18353909465020576,0.8164609053497942,0.8467741935483871,
by_confidence,0.18337448559670783,0.8166255144032922,0.8466035073573877,
by_confidence,0.1832098765432099,0.8167901234567901,0.8466344216041919,
by_confidence,0.18304526748971192,0.816954732510288,0.84646383235946,
by_confidence,0.18288065843621398,0.817119341563786,0.8464947622884771,
by_confidence,0.18271604938271604,0.817283950617284,0.8463242698892246,
by_confidence,0.1825514403292181,0.8174485596707819,0.8461538461538461,
by_confidence,0.18238683127572017,0.8176131687242798,0.8459834910408698,
by_confidence,0.18222222222222223,0.8177777777777778,0.8460144927536232,
by_confidence,0.1820576131687243,0.8179423868312757,0.8460454819883276,
by_confidence,0.18189300411522633,0.8181069958847736,0.8458752515090543,
by_confidence,0.1817283950617284,0.8182716049382716,0.8457050895192114,
by_confidence,0.18156378600823045,0.8184362139917696,0.8457361222847949,
by_confidence,0.1813991769547325,0.8186008230452675,0.8457671425698773,
by_confidence,0.18123456790123457,0.8187654320987654,0.8455971049457177,
by_confidence,0.18106995884773663,0.8189300411522634,0.8456281407035176,
by_confidence,0.1809053497942387,0.8190946502057613,0.8454581993569131,
by_confidence,0.18074074074074073,0.8192592592592592,0.8452883263009845,
by_confidence,0.1805761316872428,0.8194238683127572,0.8451185214945761,
by_confidence,0.18041152263374485,0.8195884773662552,0.8449487848965656,
by_confidence,0.18024691358024691,0.8197530864197531,0.8449799196787149,
by_confidence,0.18008230452674898,0.819917695473251,0.8450110419594459,
by_confidence,0.17991769547325104,0.820082304526749,0.8448414291449217,
by_confidence,0.1797530864197531,0.8202469135802469,0.8446718844069837,
by_confidence,0.17958847736625513,0.8204115226337448,0.8447030497592295,
by_confidence,0.1794238683127572,0.8205761316872427,0.8447342026078235,
by_confidence,0.17925925925925926,0.8207407407407408,0.8447653429602888,
by_confidence,0.17909465020576132,0.8209053497942387,0.8445959494686184,
by_confidence,0.17893004115226338,0.8210699588477366,0.8446271050521251,
by_confidence,0.17876543209876544,0.8212345679012346,0.844658248145921,
by_confidence,0.17860082304526748,0.8213991769547325,0.844689378757515,
by_confidence,0.17843621399176954,0.8215637860082304,0.84472049689441,
by_confidence,0.1782716049382716,0.8217283950617283,0.844551282051282,
by_confidence,0.17810699588477366,0.8218930041152264,0.8445824153815341,
by_confidence,0.17794238683127572,0.8220576131687243,0.8446135362434922,
by_confidence,0.17777777777777778,0.8222222222222222,0.8446446446446446,
by_confidence,0.17761316872427985,0.8223868312757202,0.844675740592474,
by_confidence,0.17744855967078188,0.8225514403292181,0.8445067040224135,
by_confidence,0.17728395061728394,0.822716049382716,0.8445378151260504,
by_confidence,0.177119341563786,0.8228806584362139,0.844368873774755,
by_confidence,0.17695473251028807,0.823045267489712,0.8444,
by_confidence,0.17679012345679013,0.8232098765432099,0.8444311137772446,
by_confidence,0.1766255144032922,0.8233744855967078,0.8444622151139545,
by_confidence,0.17646090534979425,0.8235390946502058,0.8444933040175895,
by_confidence,0.17629629629629628,0.8237037037037037,0.8445243804956035,
by_confidence,0.17613168724279835,0.8238683127572016,0.8445554445554445,
by_confidence,0.1759670781893004,0.8240329218106995,0.8445864962045545,
by_confidence,0.17580246913580247,0.8241975308641976,0.8444178150589176,
by_confidence,0.17563786008230453,0.8243621399176955,0.8444488817891374,
by_confidence,0.1754732510288066,0.8245267489711934,0.8444799361149931,
by_confidence,0.17530864197530865,0.8246913580246914,0.8445109780439122,
by_confidence,0.1751440329218107,0.8248559670781893,0.8445420075833167,
by_confidence,0.17497942386831275,0.8250205761316872,0.8443735035913806,
by_confidence,0.1748148148148148,0.8251851851851851,0.8444045481747456,
by_confidence,0.17465020576131687,0.8253497942386832,0.8444355803749501,
by_confidence,0.17448559670781894,0.8255144032921811,0.8444666001994018,
by_confidence,0.174320987654321,0.825679012345679,0.8444976076555024,
by_confidence,0.17415637860082306,0.825843621399177,0.8445286027506478,
by_confidence,0.1739917695473251,0.8260082304526749,0.8443603029095257,
by_confidence,0.17382716049382715,0.8261728395061728,0.8441920701334927,
by_confidence,0.17366255144032922,0.8263374485596707,0.8442231075697211,
by_confidence,0.17349794238683128,0.8265020576131688,0.8440549691296555,
by_confidence,0.17333333333333334,0.8266666666666667,0.8438868976503385,
by_confidence,0.1731687242798354,0.8268312757201646,0.8439179773043998,
by_confidence,0.17300411522633743,0.8269958847736626,0.84375,
by_confidence,0.1728395061728395,0.8271604938271605,0.8435820895522388,
by_confidence,0.17267489711934156,0.8273251028806584,0.8436132113012336,
by_confidence,0.17251028806584362,0.8274897119341563,0.8436443206683907,
by_confidence,0.17234567901234568,0.8276543209876543,0.8436754176610979,
by_confidence,0.17218106995884774,0.8278189300411523,0.8435076555975343,
by_confidence,0.1720164609053498,0.8279835390946502,0.8435387673956263,
by_confidence,0.17185185185185184,0.8281481481481482,0.8435698668256808,
by_confidence,0.1716872427983539,0.8283127572016461,0.8436009538950715,
by_confidence,0.17152263374485596,0.828477366255144,0.8436320286111663,
by_confidence,0.17135802469135802,0.8286419753086419,0.8434644417957886,
by_confidence,0.17119341563786009,0.8288065843621399,0.8434955312810327,
by_confidence,0.17102880658436215,0.8289711934156379,0.8433280381254964,
by_confidence,0.1708641975308642,0.8291358024691358,0.8433591423466349,
by_confidence,0.17069958847736624,0.8293004115226338,0.8433902342199285,
by_confidence,0.1705349794238683,0.8294650205761317,0.8434213137527287,
by_confidence,0.17037037037037037,0.8296296296296296,0.8432539682539683,
by_confidence,0.17020576131687243,0.8297942386831276,0.8430866891489783,
by_confidence,0.1700411522633745,0.8299588477366255,0.8429194763982547,
by_confidence,0.16987654320987655,0.8301234567901234,0.842752329962324,
by_confidence,0.1697119341563786,0.8302880658436214,0.8425852498017447,
by_confidence,0.16954732510288065,0.8304526748971194,0.8424182358771061,
by_confidence,0.1693827160493827,0.8306172839506173,0.8422512881490289,
by_confidence,0.16921810699588477,0.8307818930041152,0.8420844065781653,
by_confidence,0.16905349794238683,0.8309465020576132,0.8421156893819335,
by_confidence,0.1688888888888889,0.8311111111111111,0.8419489007724302,
by_confidence,0.16872427983539096,0.831275720164609,0.841980198019802,
by_confidence,0.16855967078189302,0.831440329218107,0.8420114828746783,
by_confidence,0.16839506172839505,0.831604938271605,0.8420427553444181,
by_confidence,0.1682304526748971,0.8317695473251029,0.8418761132000792,
by_confidence,0.16806584362139917,0.8319341563786008,0.8417095370003957,
by_confidence,0.16790123456790124,0.8320987654320988,0.8417408506429278,
by_confidence,0.1677366255144033,0.8322633744855967,0.8415743670886076,
by_confidence,0.16757201646090536,0.8324279835390946,0.8416056950761321,
by_confidence,0.1674074074074074,0.8325925925925926,0.841439304072756,
by_confidence,0.16724279835390946,0.8327572016460906,0.841272978849575,
by_confidence,0.16707818930041152,0.8329218106995885,0.841106719367589,
by_confidence,0.16691358024691358,0.8330864197530864,0.8411381149970362,
by_confidence,0.16674897119341564,0.8332510288065844,0.8409719478467009,
by_confidence,0.1665843621399177,0.8334156378600823,0.8410033576930673,
by_confidence,0.16641975308641976,0.8335802469135802,0.8410347551342812,
by_confidence,0.1662551440329218,0.8337448559670781,0.8408687068114511,
by_confidence,0.16609053497942386,0.8339094650205762,0.8407027240426372,
by_confidence,0.16592592592592592,0.8340740740740741,0.8405368067890271,
by_confidence,0.16576131687242798,0.834238683127572,0.840370955011839,
by_confidence,0.16559670781893004,0.83440329218107,0.8404024462418623,
by_confidence,0.1654320987654321,0.8345679012345679,0.8402366863905325,
by_confidence,0.16526748971193417,0.8347325102880658,0.84026819167817,
by_confidence,0.1651028806584362,0.8348971193415637,0.8402996845425867,
by_confidence,0.16493827160493826,0.8350617283950618,0.8403311649911295,
by_confidence,0.16477366255144033,0.8352263374485597,0.8401655498620417,
by_confidence,0.1646090534979424,0.8353909465020576,0.8401970443349753,
by_confidence,0.16444444444444445,0.8355555555555556,0.8402285263987391,
by_confidence,0.1642798353909465,0.8357201646090535,0.8402599960606657,
by_confidence,0.16411522633744857,0.8358847736625514,0.840291453328082,
by_confidence,0.1639506172839506,0.8360493827160493,0.8403228982083087,
by_confidence,0.16378600823045267,0.8362139917695474,0.8403543307086614,
by_confidence,0.16362139917695473,0.8363786008230453,0.8403857508364495,
by_confidence,0.1634567901234568,0.8365432098765432,0.8402203856749312,
by_confidence,0.16329218106995885,0.8367078189300412,0.8402518197914617,
by_confidence,0.16312757201646091,0.8368724279835391,0.8400865460267506,
by_confidence,0.16296296296296298,0.837037037037037,0.840117994100295,
by_confidence,0.162798353909465,0.8372016460905349,0.8401494298073142,
by_confidence,0.16263374485596707,0.837366255144033,0.8399842736386869,
by_confidence,0.16246913580246913,0.8375308641975309,0.8400157232704403,
by_confidence,0.1623045267489712,0.8376954732510288,0.8398506582825702,
by_confidence,0.16213991769547326,0.8378600823045268,0.8396856581532417,
by_confidence,0.16197530864197532,0.8380246913580247,0.8397171479080731,
by_confidence,0.16181069958847735,0.8381893004115226,0.8397486252945797,
by_confidence,0.16164609053497941,0.8383539094650205,0.8395837423915178,
by_confidence,0.16148148148148148,0.8385185185185186,0.839418924224578,
by_confidence,0.16131687242798354,0.8386831275720165,0.8392541707556428,
by_confidence,0.1611522633744856,0.8388477366255144,0.8390894819466248,
by_confidence,0.16098765432098766,0.8390123456790124,0.8391210515989798,
by_confidence,0.16082304526748972,0.8391769547325103,0.839152608866222,
by_confidence,0.16065843621399176,0.8393415637860082,0.8391841537556384,
by_confidence,0.16049382716049382,0.8395061728395061,0.8390196078431372,
by_confidence,0.16032921810699588,0.8396707818930041,0.8390511664379533,
by_confidence,0.16016460905349794,0.8398353909465021,0.8388867110936887,
by_confidence,0.16,0.84,0.8389182833627278,
by_confidence,0.15983539094650207,0.840164609053498,0.8387539184952978,
by_confidence,0.15967078189300413,0.8403292181069959,0.8387855044074437,
by_confidence,0.15950617283950616,0.8404938271604938,0.8386212299255777,
by_confidence,0.15934156378600822,0.8406584362139917,0.838457019776777,
by_confidence,0.15917695473251028,0.8408230452674897,0.8382928739232577,
by_confidence,0.15901234567901235,0.8409876543209877,0.8381287923272656,
by_confidence,0.1588477366255144,0.8411522633744856,0.8381604696673189,
by_confidence,0.15868312757201647,0.8413168724279836,0.8379964781843083,
by_confidence,0.15851851851851853,0.8414814814814815,0.8380281690140845,
by_confidence,0.15835390946502056,0.8416460905349794,0.8378642675532956,
by_confidence,0.15818930041152263,0.8418106995884773,0.8378959718420024,
by_confidence,0.1580246913580247,0.8419753086419753,0.8379276637341153,
by_confidence,0.15786008230452675,0.8421399176954733,0.8379593432369038,
by_confidence,0.1576954732510288,0.8423045267489712,0.8379910103576315,
by_confidence,0.15753086419753087,0.8424691358024692,0.838022665103556,
by_confidence,0.15736625514403293,0.8426337448559671,0.8380543074819301,
by_confidence,0.15720164609053497,0.842798353909465,0.8380859375,
by_confidence,0.15703703703703703,0.8429629629629629,0.8379222808045304,
by_confidence,0.1568724279835391,0.8431275720164609,0.8379539242483405,
by_confidence,0.15670781893004115,0.8432921810699588,0.8377903572125708,
by_confidence,0.15654320987654322,0.8434567901234568,0.8376268540202967,
by_confidence,0.15637860082304528,0.8436213991769548,0.8376585365853658,
by_confidence,0.1562139917695473,0.8437860082304527,0.8376902067889193,
by_confidence,0.15604938271604937,0.8439506172839506,0.83772186463819,
by_confidence,0.15588477366255143,0.8441152263374485,0.8377535101404057,
by_confidence,0.1557201646090535,0.8442798353909465,0.8375901735231039,
by_confidence,0.15555555555555556,0.8444444444444444,0.8376218323586745,
by_confidence,0.15539094650205762,0.8446090534979424,0.8374585850711362,
by_confidence,0.15522633744855968,0.8447736625514404,0.8372954014029618,
by_confidence,0.15506172839506172,0.8449382716049383,0.8373270991622833,
by_confidence,0.15489711934156378,0.8451028806584362,0.8371640046747175,
by_confidence,0.15473251028806584,0.8452674897119341,0.8371957156767283,
by_confidence,0.1545679012345679,0.8454320987654321,0.8370327102803738,
by_confidence,0.15440329218106996,0.84559670781893,0.8368697683472844,
by_confidence,0.15423868312757202,0.845761316872428,0.8369015181004282,
by_confidence,0.15407407407407409,0.845925925925926,0.8369332554971785,
by_confidence,0.15390946502057612,0.8460905349794239,0.8369649805447471,
by_confidence,0.15374485596707818,0.8462551440329218,0.8368021785644816,
by_confidence,0.15358024691358024,0.8464197530864197,0.8368339167639051,
by_confidence,0.1534156378600823,0.8465843621399177,0.8368656426210384,
by_confidence,0.15325102880658437,0.8467489711934156,0.8368973561430794,
by_confidence,0.15308641975308643,0.8469135802469135,0.8369290573372206,
by_confidence,0.1529218106995885,0.8470781893004116,0.8369607462106491,
by_confidence,0.15275720164609052,0.8472427983539095,0.836992422770546,
by_confidence,0.15259259259259259,0.8474074074074074,0.837024087024087,
by_confidence,0.15242798353909465,0.8475720164609053,0.8370557389784424,
by_confidence,0.1522633744855967,0.8477366255144033,0.8368932038834952,
by_confidence,0.15209876543209877,0.8479012345679012,0.8367307318967191,
by_confidence,0.15193415637860083,0.8480658436213991,0.8367624223602484,
by_confidence,0.1517695473251029,0.8482304526748972,0.8366000388123424,
by_confidence,0.15160493827160493,0.8483950617283951,0.8366317423360496,
by_confidence,0.151440329218107,0.848559670781893,0.8364694471387003,
by_confidence,0.15127572016460905,0.8487242798353909,0.8365011636927852,
by_confidence,0.1511111111111111,0.8488888888888889,0.8365328679464805,
by_confidence,0.15094650205761317,0.8490534979423868,0.8363706863125242,
by_confidence,0.15078189300411524,0.8492181069958847,0.8364024035665827,
by_confidence,0.1506172839506173,0.8493827160493828,0.8364341085271317,
by_confidence,0.15045267489711933,0.8495473251028807,0.836272040302267,
by_confidence,0.1502880658436214,0.8497119341563786,0.8361100348702053,
by_confidence,0.15012345679012346,0.8498765432098765,0.8361417780360255,
by_confidence,0.14995884773662552,0.8500411522633745,0.8361735089078234,
by_confidence,0.14979423868312758,0.8502057613168724,0.8362052274927396,
by_confidence,0.14962962962962964,0.8503703703703703,0.8362369337979094,
by_confidence,0.14946502057613167,0.8505349794238684,0.836075091929553,
by_confidence,0.14930041152263374,0.8506995884773663,0.8359133126934984,
by_confidence,0.1491358024691358,0.8508641975308642,0.8359450570710002,
by_confidence,0.14897119341563786,0.8510288065843621,0.8357833655705996,
by_confidence,0.14880658436213992,0.8511934156378601,0.8358151228002321,
by_confidence,0.14864197530864198,0.851358024691358,0.8356535189481825,
by_confidence,0.14847736625514404,0.8515226337448559,0.8356852890005799,
by_confidence,0.14831275720164608,0.851687242798354,0.8355237727097024,
by_confidence,0.14814814814814814,0.8518518518518519,0.8355555555555556,
by_confidence,0.1479835390946502,0.8520164609053498,0.8353941267387944,
by_confidence,0.14781893004115226,0.8521810699588477,0.8354259223488507,
by_confidence,0.14765432098765433,0.8523456790123457,0.8352645809192738,
by_confidence,0.1474897119341564,0.8525102880658436,0.8351033017957135,
by_confidence,0.14732510288065845,0.8526748971193415,0.8351351351351352,
by_confidence,0.14716049382716048,0.8528395061728395,0.834973943254198,
by_confidence,0.14699588477366254,0.8530041152263375,0.8348128135854882,
by_confidence,0.1468312757201646,0.8531687242798354,0.8346517460929963,
by_confidence,0.14666666666666667,0.8533333333333334,0.8344907407407407,
by_confidence,0.14650205761316873,0.8534979423868313,0.8345226615236259,
by_confidence,0.1463374485596708,0.8536625514403292,0.8343617431546472,
by_confidence,0.14617283950617285,0.8538271604938271,0.8342008868324657,
by_confidence,0.1460082304526749,0.8539917695473251,0.8342328450269854,
by_confidence,0.14584362139917695,0.854156378600823,0.8340720755444209,
by_confidence,0.145679012345679,0.854320987654321,0.8341040462427746,
by_confidence,0.14551440329218107,0.854485596707819,0.8339433635137738,
by_confidence,0.14534979423868313,0.8546502057613169,0.8337827426810478,
by_confidence,0.1451851851851852,0.8548148148148148,0.8336221837088388,
by_confidence,0.14502057613168726,0.8549794238683127,0.8334616865614171,
by_confidence,0.1448559670781893,0.8551440329218107,0.8334937439846006,
by_confidence,0.14469135802469135,0.8553086419753086,0.8333333333333334,
by_confidence,0.14452674897119341,0.8554732510288066,0.833365403117183,
by_confidence,0.14436213991769548,0.8556378600823046,0.833205078876491,
by_confidence,0.14419753086419754,0.8558024691358025,0.833044816310829,
by_confidence,0.1440329218106996,0.8559670781893004,0.8328846153846153,
by_confidence,0.14386831275720163,0.8561316872427983,0.8329167467794655,
by_confidence,0.1437037037037037,0.8562962962962963,0.8329488658208382,
by_confidence,0.14353909465020576,0.8564609053497942,0.8329809725158562,
by_confidence,0.14337448559670782,0.8566255144032922,0.8330130668716372,
by_confidence,0.14320987654320988,0.8567901234567902,0.833045148895293,
by_confidence,0.14304526748971194,0.8569547325102881,0.8330772185939301,
by_confidence,0.142880658436214,0.857119341563786,0.8331092759746496,
by_confidence,0.14271604938271604,0.8572839506172839,0.8331413210445469,
by_confidence,0.1425514403292181,0.8574485596707819,0.8331733538107122,
by_confidence,0.14238683127572016,0.8576131687242798,0.8332053742802303,
by_confidence,0.14222222222222222,0.8577777777777778,0.8332373824601804,
by_confidence,0.14205761316872428,0.8579423868312758,0.8330775134305449,
by_confidence,0.14189300411522635,0.8581069958847737,0.8329177057356608,
by_confidence,0.1417283950617284,0.8582716049382716,0.8329497506712696,
by_confidence,0.14156378600823044,0.8584362139917695,0.8329817833173538,
by_confidence,0.1413991769547325,0.8586008230452675,0.8328220858895705,
by_confidence,0.14123456790123456,0.8587654320987654,0.8326624496837263,
by_confidence,0.14106995884773663,0.8589300411522633,0.8325028746646225,
by_confidence,0.1409053497942387,0.8590946502057614,0.832534968384748,
by_confidence,0.14074074074074075,0.8592592592592593,0.8323754789272031,
by_confidence,0.1405761316872428,0.8594238683127572,0.8322160505650259,
by_confidence,0.14041152263374485,0.8595884773662551,0.8322481807736499,
by_confidence,0.1402469135802469,0.8597530864197531,0.8320888378326632,
by_confidence,0.14008230452674897,0.859917695473251,0.8319295558958653,
by_confidence,0.13991769547325103,0.8600823045267489,0.8319617224880382,
by_confidence,0.1397530864197531,0.860246913580247,0.8318025258323766,
by_confidence,0.13958847736625515,0.8604115226337449,0.8316433900899177,
by_confidence,0.13942386831275722,0.8605761316872428,0.8314843152257078,
by_confidence,0.13925925925925925,0.8607407407407407,0.8313253012048193,
by_confidence,0.1390946502057613,0.8609053497942387,0.8311663479923518,
by_confidence,0.13893004115226337,0.8610699588477366,0.8310074555534315,
by_confidence,0.13876543209876543,0.8612345679012345,0.830848623853211,
by_confidence,0.1386008230452675,0.8613991769547326,0.830880947831072,
by_confidence,0.13843621399176956,0.8615637860082305,0.830722200993504,
by_confidence,0.1382716049382716,0.8617283950617284,0.8305635148042024,
by_confidence,0.13810699588477365,0.8618930041152263,0.8304048892284186,
by_confidence,0.13794238683127572,0.8620576131687243,0.8302463242314302,
by_confidence,0.13777777777777778,0.8622222222222222,0.8300878197785414,
by_confidence,0.13761316872427984,0.8623868312757201,0.8301202519564802,
by_confidence,0.1374485596707819,0.8625514403292182,0.8299618320610687,
by_confidence,0.13728395061728396,0.8627160493827161,0.8299942759015455,
by_confidence,0.137119341563786,0.862880658436214,0.8300267073636016,
by_confidence,0.13695473251028806,0.8630452674897119,0.8298683959565134,
by_confidence,0.13679012345679012,0.8632098765432099,0.8299008390541571,
by_confidence,0.13662551440329218,0.8633744855967078,0.8299332697807436,
by_confidence,0.13646090534979424,0.8635390946502057,0.829775066717499,
by_confidence,0.1362962962962963,0.8637037037037038,0.8296169239565466,
by_confidence,0.13613168724279837,0.8638683127572017,0.8296493902439024,
by_confidence,0.1359670781893004,0.8640329218106996,0.8296818441607925,
by_confidence,0.13580246913580246,0.8641975308641975,0.8297142857142857,
by_confidence,0.13563786008230452,0.8643621399176955,0.829556274995239,
by_confidence,0.13547325102880658,0.8645267489711934,0.8295887281035796,
by_confidence,0.13530864197530865,0.8646913580246913,0.8294308014467923,
by_confidence,0.1351440329218107,0.8648559670781893,0.8294632660829844,
by_confidence,0.13497942386831277,0.8650205761316873,0.8294957183634634,
by_confidence,0.1348148148148148,0.8651851851851852,0.8295281582952816,
by_confidence,0.13465020576131687,0.8653497942386831,0.829560585885486,
by_confidence,0.13448559670781893,0.8655144032921811,0.8295930011411183,
by_confidence,0.134320987654321,0.865679012345679,0.829435253850542,
by_confidence,0.13415637860082305,0.8658436213991769,0.8292775665399239,
by_confidence,0.1339917695473251,0.8660082304526749,0.8293100171070139,
by_confidence,0.13382716049382717,0.8661728395061729,0.8291524135309768,
by_confidence,0.1336625514403292,0.8663374485596708,0.8291848755462664,
by_confidence,0.13349794238683127,0.8665020576131687,0.8290273556231003,
by_confidence,0.13333333333333333,0.8666666666666667,0.8290598290598291,
by_confidence,0.1331687242798354,0.8668312757201646,0.8290922901633118,
by_confidence,0.13300411522633745,0.8669958847736625,0.8289348775393962,
by_confidence,0.13283950617283952,0.8671604938271605,0.8289673500379651,
by_confidence,0.13267489711934155,0.8673251028806584,0.8288100208768268,
by_confidence,0.1325102880658436,0.8674897119341564,0.828842504743833,
by_confidence,0.13234567901234567,0.8676543209876543,0.8288749762853348,
by_confidence,0.13218106995884774,0.8678189300411523,0.8287177541729894,
by_confidence,0.1320164609053498,0.8679835390946502,0.8285605916935331,
by_confidence,0.13185185185185186,0.8681481481481481,0.8284034888130452,
by_confidence,0.13168724279835392,0.8683127572016461,0.828436018957346,
by_confidence,0.13152263374485595,0.868477366255144,0.8282789992418499,
by_confidence,0.13135802469135802,0.868641975308642,0.8283115406480955,
by_confidence,0.13119341563786008,0.8688065843621399,0.82834406972338,
by_confidence,0.13102880658436214,0.8689711934156379,0.828187156658458,
by_confidence,0.1308641975308642,0.8691358024691358,0.828219696969697,
by_confidence,0.13069958847736626,0.8693004115226337,0.8282522249573945,
by_confidence,0.13053497942386832,0.8694650205761317,0.8282847406285498,
by_confidence,0.13037037037037036,0.8696296296296296,0.8281279575998486,
by_confidence,0.13020576131687242,0.8697942386831276,0.8279712339137018,
by_confidence,0.13004115226337448,0.8699588477366255,0.8280037842951751,
by_confidence,0.12987654320987654,0.8701234567901235,0.8280363223609535,
by_confidence,0.1297119341563786,0.8702880658436214,0.8280688481180254,
by_confidence,0.12954732510288067,0.8704526748971193,0.8279122541603631,
by_confidence,0.12938271604938273,0.8706172839506173,0.8279447910758178,
by_confidence,0.12921810699588476,0.8707818930041152,0.8279773156899811,
by_confidence,0.12905349794238682,0.8709465020576131,0.828009828009828,
by_confidence,0.1288888888888889,0.8711111111111111,0.828042328042328,
by_confidence,0.12872427983539095,0.8712757201646091,0.8278858870205933,
by_confidence,0.128559670781893,0.871440329218107,0.8279183981866264,
by_confidence,0.12839506172839507,0.8716049382716049,0.8279508970727101,
by_confidence,0.12823045267489713,0.8717695473251029,0.8279833836858006,
by_confidence,0.12806584362139917,0.8719341563786008,0.8280158580328488,
by_confidence,0.12790123456790123,0.8720987654320987,0.8280483201208003,
by_confidence,0.1277366255144033,0.8722633744855967,0.8278920551047367,
by_confidence,0.12757201646090535,0.8724279835390947,0.8279245283018868,
by_confidence,0.1274074074074074,0.8725925925925926,0.8279569892473119,
by_confidence,0.12724279835390948,0.8727572016460905,0.8279894379479442,
by_confidence,0.1270781893004115,0.8729218106995885,0.828021874410711,
by_confidence,0.12691358024691357,0.8730864197530864,0.8280542986425339,
by_confidence,0.12674897119341563,0.8732510288065843,0.8280867106503299,
by_confidence,0.1265843621399177,0.8734156378600823,0.8281191104410102,
by_confidence,0.12641975308641976,0.8735802469135803,0.8279630676465046,
by_confidence,0.12625514403292182,0.8737448559670782,0.8278070836473248,
by_confidence,0.12609053497942388,0.8739094650205761,0.8276511584102467,
by_confidence,0.1259259259259259,0.8740740740740741,0.827683615819209,
by_confidence,0.12576131687242798,0.874238683127572,0.8275277725475428,
by_confidence,0.12559670781893004,0.8744032921810699,0.8275602409638554,
by_confidence,0.1254320987654321,0.8745679012345678,0.8274044795783926,
by_confidence,0.12526748971193416,0.8747325102880659,0.827436958976289,
by_confidence,0.12510288065843622,0.8748971193415638,0.8274694261523988,
by_confidence,0.12493827160493827,0.8750617283950617,0.827313769751693,
by_confidence,0.12477366255144033,0.8752263374485597,0.8273462478841452,
by_confidence,0.12460905349794239,0.8753909465020576,0.8271906731854081,
by_confidence,0.12444444444444444,0.8755555555555555,0.827223162248543,
by_confidence,0.1242798353909465,0.8757201646090536,0.8272556390977444,
by_confidence,0.12411522633744856,0.8758847736625515,0.8272881037398985,
by_confidence,0.12395061728395061,0.8760493827160494,0.8273205561818865,
by_confidence,0.12378600823045267,0.8762139917695473,0.8271651324441105,
by_confidence,0.12362139917695474,0.8763786008230453,0.8271975957926371,
by_confidence,0.12345679012345678,0.8765432098765432,0.8270422535211268,
by_confidence,0.12329218106995884,0.8767078189300411,0.8268869695831769,
by_confidence,0.1231275720164609,0.8768724279835391,0.8269194668669044,
by_confidence,0.12296296296296297,0.8770370370370371,0.8267642642642643,
by_confidence,0.12279835390946502,0.877201646090535,0.8266091199099268,
by_confidence,0.12263374485596708,0.8773662551440329,0.8266416510318949,
by_confidence,0.12246913580246914,0.8775308641975309,0.8264865878821984,
by_confidence,0.12230452674897119,0.8776954732510288,0.8265191297824456,
by_confidence,0.12213991769547325,0.8778600823045267,0.826364147759235,
by_confidence,0.12197530864197531,0.8780246913580247,0.8262092238470191,
by_confidence,0.12181069958847737,0.8781893004115227,0.8262417994376757,
by_confidence,0.12164609053497942,0.8783539094650206,0.8262743628185907,
by_confidence,0.12148148148148148,0.8785185185185185,0.8261195428143152,
by_confidence,0.12131687242798354,0.8786831275720165,0.8259647808167853,
by_confidence,0.12115226337448559,0.8788477366255144,0.8259973777861023,
by_confidence,0.12098765432098765,0.8790123456790123,0.8260299625468165,
by_confidence,0.12082304526748971,0.8791769547325103,0.8260625351057854,
by_confidence,0.12065843621399176,0.8793415637860083,0.8259078996630476,
by_confidence,0.12049382716049382,0.8795061728395062,0.8259404828747895,
by_confidence,0.12032921810699589,0.8796707818930041,0.8259730538922155,
by_confidence,0.12016460905349795,0.8798353909465021,0.8258185219831619,
by_confidence,0.12,0.88,0.8258511036288814,
by_confidence,0.11983539094650206,0.8801646090534979,0.8256966523284085,
by_confidence,0.11967078189300412,0.8803292181069959,0.8255422587883321,
by_confidence,0.11950617283950617,0.8804938271604938,0.8253879229762573,
by_confidence,0.11934156378600823,0.8806584362139918,0.8254205607476636,
by_confidence,0.11917695473251029,0.8808230452674897,0.8252663053634834,
by_confidence,0.11901234567901235,0.8809876543209877,0.8251121076233184,
by_confidence,0.1188477366255144,0.8811522633744856,0.8251447786288063,
by_confidence,0.11868312757201646,0.8813168724279835,0.8251774374299589,
by_confidence,0.11851851851851852,0.8814814814814815,0.8252100840336134,
by_confidence,0.11835390946502057,0.8816460905349794,0.8250560119492159,
by_confidence,0.11818930041152263,0.8818106995884774,0.824901997386597,
by_confidence,0.1180246913580247,0.8819753086419753,0.8247480403135499,
by_confidence,0.11786008230452674,0.8821399176954733,0.8245941406978914,
by_confidence,0.1176954732510288,0.8823045267489712,0.8246268656716418,
by_confidence,0.11753086419753087,0.8824691358024691,0.8244730460734937,
by_confidence,0.11736625514403293,0.8826337448559671,0.82431928384931,
by_confidence,0.11720164609053497,0.882798353909465,0.8243520417676673,
by_confidence,0.11703703703703704,0.882962962962963,0.8243847874720358,
by_confidence,0.1168724279835391,0.8831275720164609,0.8244175209692451,
by_confidence,0.11670781893004115,0.8832921810699589,0.8244502422661201,
by_confidence,0.11654320987654321,0.8834567901234568,0.8244829513694801,
by_confidence,0.11637860082304527,0.8836213991769547,0.8245156482861401,
by_confidence,0.11621399176954733,0.8837860082304527,0.8245483330229093,
by_confidence,0.11604938271604938,0.8839506172839506,0.8245810055865922,
by_confidence,0.11588477366255144,0.8841152263374485,0.8244274809160306,
by_confidence,0.1157201646090535,0.8842798353909465,0.8244601638123604,
by_confidence,0.11555555555555555,0.8844444444444445,0.8243067187790806,
by_confidence,0.11539094650205761,0.8846090534979424,0.8243394119836248,
by_confidence,0.11522633744855967,0.8847736625514403,0.8241860465116279,
by_confidence,0.11506172839506174,0.8849382716049383,0.8240327380952381,
by_confidence,0.11489711934156378,0.8851028806584362,0.8238794867026222,
by_confidence,0.11473251028806584,0.8852674897119341,0.823726292301971,
by_confidence,0.1145679012345679,0.885432098765432,0.8235731548614984,
by_confidence,0.11440329218106995,0.8855967078189301,0.8234200743494424,
by_confidence,0.11423868312757202,0.885761316872428,0.8234528897974355,
by_confidence,0.11407407407407408,0.8859259259259259,0.8234856930509105,
by_confidence,0.11390946502057613,0.8860905349794239,0.8235184841166636,
by_confidence,0.11374485596707819,0.8862551440329218,0.8235512630014858,
by_confidence,0.11358024691358025,0.8864197530864197,0.8235840297121634,
by_confidence,0.11341563786008231,0.8865843621399176,0.8236167842554771,
by_confidence,0.11325102880658436,0.8867489711934157,0.8236495266382031,
by_confidence,0.11308641975308642,0.8869135802469136,0.823682256867112,
by_confidence,0.11292181069958848,0.8870781893004115,0.8235294117647058,
by_confidence,0.11275720164609053,0.8872427983539095,0.8235621521335807,
by_confidence,0.11259259259259259,0.8874074074074074,0.8234093860137266,
by_confidence,0.11242798353909465,0.8875720164609053,0.8232566765578635,
by_confidence,0.11226337448559671,0.8877366255144032,0.8232894492861116,
by_confidence,0.11209876543209876,0.8879012345679013,0.8231368186874305,
by_confidence,0.11193415637860082,0.8880658436213992,0.8231696014828545,
by_confidence,0.11176954732510289,0.8882304526748971,0.8230170496664195,
by_confidence,0.11160493827160493,0.8883950617283951,0.8230498425050954,
by_confidence,0.111440329218107,0.888559670781893,0.8230826231937755,
by_confidence,0.11127572016460906,0.8887242798353909,0.8229301722541211,
by_confidence,0.1111111111111111,0.8888888888888888,0.8227777777777778,
by_confidence,0.11094650205761317,0.8890534979423869,0.8226254397333828,
by_confidence,0.11078189300411523,0.8892181069958848,0.8226582747130692,
by_confidence,0.11061728395061729,0.8893827160493827,0.8226910975384046,
by_confidence,0.11045267489711934,0.8895473251028807,0.8227239082161362,
by_confidence,0.1102880658436214,0.8897119341563786,0.8227567067530065,
by_confidence,0.11012345679012346,0.8898765432098765,0.8227894931557529,
by_confidence,0.10995884773662551,0.8900411522633744,0.8228222674311079,
by_confidence,0.10979423868312757,0.8902057613168725,0.8228550295857988,
by_confidence,0.10962962962962963,0.8903703703703704,0.8228877796265484,
by_confidence,0.1094650205761317,0.8905349794238683,0.8229205175600739,
by_confidence,0.10930041152263374,0.8906995884773663,0.8229532433930882,
by_confidence,0.1091358024691358,0.8908641975308642,0.8229859571322986,
by_confidence,0.10897119341563787,0.8910288065843621,0.8230186587844079,
by_confidence,0.10880658436213991,0.89119341563786,0.8230513483561138,
by_confidence,0.10864197530864197,0.891358024691358,0.8228993536472761,
by_confidence,0.10847736625514404,0.891522633744856,0.8229320531757754,
by_confidence,0.10831275720164608,0.8916872427983539,0.8229647406313457,
by_confidence,0.10814814814814815,0.8918518518518519,0.8229974160206718,
by_confidence,0.10798353909465021,0.8920164609053498,0.8230300793504337,
by_confidence,0.10781893004115227,0.8921810699588477,0.8228782287822878,
by_confidence,0.10765432098765432,0.8923456790123456,0.8227264342372256,
by_confidence,0.10748971193415638,0.8925102880658436,0.8225746956842493,
by_confidence,0.10732510288065844,0.8926748971193416,0.8226074128711045,
by_confidence,0.10716049382716049,0.8928395061728395,0.8224557522123894,
by_confidence,0.10699588477366255,0.8930041152263375,0.8224884792626728,
by_confidence,0.10683127572016461,0.8931687242798354,0.8225211942499079,
by_confidence,0.10666666666666667,0.8933333333333333,0.8225538971807629,
by_confidence,0.10650205761316872,0.8934979423868312,0.8225865880619012,
by_confidence,0.10633744855967078,0.8936625514403292,0.8224350709154541,
by_confidence,0.10617283950617284,0.8938271604938272,0.8224677716390424,
by_confidence,0.10600823045267489,0.8939917695473251,0.8223163321671884,
by_confidence,0.10584362139917695,0.8941563786008231,0.8221649484536082,
by_confidence,0.10567901234567902,0.894320987654321,0.8220136204675134,
by_confidence,0.10551440329218106,0.8944855967078189,0.8218623481781376,
by_confidence,0.10534979423868313,0.8946502057613168,0.8217111315547379,
by_confidence,0.10518518518518519,0.8948148148148148,0.8217439293598234,
by_confidence,0.10502057613168725,0.8949794238683128,0.8217767151002391,
by_confidence,0.1048559670781893,0.8951440329218107,0.8216255976461935,
by_confidence,0.10469135802469136,0.8953086419753087,0.8214745357602501,
by_confidence,0.10452674897119342,0.8954732510288066,0.8213235294117647,
by_confidence,0.10436213991769547,0.8956378600823045,0.8213563683146481,
by_confidence,0.10419753086419753,0.8958024691358024,0.8212054391767732,
by_confidence,0.10403292181069959,0.8959670781893004,0.8210545654969685,
by_confidence,0.10386831275720165,0.8961316872427983,0.8209037472446731,
by_confidence,0.1037037037037037,0.8962962962962963,0.8209366391184573,
by_confidence,0.10353909465020576,0.8964609053497943,0.8209695189129637,
by_confidence,0.10337448559670782,0.8966255144032922,0.8208187993390857,
by_confidence,0.10320987654320987,0.8967901234567901,0.8206681350954479,
by_confidence,0.10304526748971193,0.896954732510288,0.8207010460634979,
by_confidence,0.102880658436214,0.897119341563786,0.8205504587155963,
by_confidence,0.10271604938271604,0.8972839506172839,0.8205833791964777,
by_confidence,0.1025514403292181,0.8974485596707819,0.8204328686720469,
by_confidence,0.10238683127572017,0.8976131687242799,0.8202824133504493,
by_confidence,0.10222222222222223,0.8977777777777778,0.8203153648698203,
by_confidence,0.10205761316872428,0.8979423868312757,0.8201649862511458,
by_confidence,0.10189300411522634,0.8981069958847737,0.8201979472140762,
by_confidence,0.1017283950617284,0.8982716049382716,0.8202308960967565,
by_confidence,0.10156378600823045,0.8984362139917695,0.8200806156101136,
by_confidence,0.10139917695473251,0.8986008230452674,0.8199303901813519,
by_confidence,0.10123456790123457,0.8987654320987655,0.8199633699633699,
by_confidence,0.10106995884773663,0.8989300411522634,0.8199963376670939,
by_confidence,0.10090534979423868,0.8990946502057613,0.8200292932991579,
by_confidence,0.10074074074074074,0.8992592592592593,0.8200622368661907,
by_confidence,0.1005761316872428,0.8994238683127572,0.820095168374817,
by_confidence,0.10041152263374485,0.8995884773662551,0.8199451052150045,
by_confidence,0.10024691358024691,0.899753086419753,0.8197950969630443,
by_confidence,0.10008230452674897,0.8999176954732511,0.8196451435888056,
by_confidence,0.09991769547325102,0.900082304526749,0.81949524506218,
by_confidence,0.09975308641975308,0.9002469135802469,0.819345401353081,
by_confidence,0.09958847736625515,0.9004115226337449,0.8191956124314442,
by_confidence,0.09942386831275721,0.9005761316872428,0.8192286602083714,
by_confidence,0.09925925925925926,0.9007407407407407,0.819078947368421,
by_confidence,0.09909465020576132,0.9009053497942386,0.8189292892380778,
by_confidence,0.09893004115226338,0.9010699588477367,0.8189623675557179,
by_confidence,0.09876543209876543,0.9012345679012346,0.8188127853881279,
by_confidence,0.09860082304526749,0.9013991769547325,0.8186632578524471,
by_confidence,0.09843621399176955,0.9015637860082305,0.8185137849187512,
by_confidence,0.09827160493827161,0.9017283950617284,0.8185469149324571,
by_confidence,0.09810699588477366,0.9018930041152263,0.8183975177952181,
by_confidence,0.09794238683127572,0.9020576131687242,0.8184306569343066,
by_confidence,0.09777777777777778,0.9022222222222223,0.8184637839810254,
by_confidence,0.09761316872427983,0.9023868312757202,0.8183144837650492,
by_confidence,0.09744855967078189,0.9025514403292181,0.8181652380083896,
by_confidence,0.09728395061728395,0.9027160493827161,0.8181983953318746,
by_confidence,0.097119341563786,0.902880658436214,0.8182315405651778,
by_confidence,0.09695473251028806,0.9030452674897119,0.8180823915421072,
by_confidence,0.09679012345679013,0.9032098765432098,0.8181155458356114,
by_confidence,0.09662551440329219,0.9033744855967079,0.8181486880466472,
by_confidence,0.09646090534979423,0.9035390946502058,0.8179996356349062,
by_confidence,0.0962962962962963,0.9037037037037037,0.8178506375227687,
by_confidence,0.09613168724279836,0.9038683127572017,0.8177016936805682,
by_confidence,0.0959670781893004,0.9040329218106996,0.8177348871085215,
by_confidence,0.09580246913580247,0.9041975308641975,0.8177680684507556,
by_confidence,0.09563786008230453,0.9043621399176954,0.8176192209683291,
by_confidence,0.09547325102880659,0.9045267489711935,0.8176524112829845,
by_confidence,0.09530864197530864,0.9046913580246914,0.8175036390101892,
by_confidence,0.0951440329218107,0.9048559670781893,0.8173549208659269,
by_confidence,0.09497942386831276,0.9050205761316873,0.8172062568206621,
by_confidence,0.09481481481481481,0.9051851851851852,0.8170576468448809,
by_confidence,0.09465020576131687,0.9053497942386831,0.8170909090909091,
by_confidence,0.09448559670781893,0.905514403292181,0.8171241592437739,
by_confidence,0.09432098765432098,0.905679012345679,0.81697564521992,
by_confidence,0.09415637860082304,0.905843621399177,0.8168271851717245,
by_confidence,0.0939917695473251,0.9060082304526749,0.8166787790697675,
by_confidence,0.09382716049382717,0.9061728395061729,0.8167120799273387,
by_confidence,0.09366255144032921,0.9063374485596708,0.8165637486378496,
by_confidence,0.09349794238683128,0.9065020576131687,0.8164154712184493,
by_confidence,0.09333333333333334,0.9066666666666666,0.8162672476397966,
by_confidence,0.09316872427983539,0.9068312757201646,0.8163005990197858,
by_confidence,0.09300411522633745,0.9069958847736626,0.8161524500907441,
by_confidence,0.09283950617283951,0.9071604938271605,0.8160043549265106,
by_confidence,0.09267489711934157,0.9073251028806585,0.815856313497823,
by_confidence,0.09251028806584362,0.9074897119341564,0.8157083257754398,
by_confidence,0.09234567901234568,0.9076543209876543,0.8155603917301415,
by_confidence,0.09218106995884774,0.9078189300411522,0.8155938349954669,
by_confidence,0.09201646090534979,0.9079835390946502,0.8154459753444525,
by_confidence,0.09185185185185185,0.9081481481481481,0.815479427224941,
by_confidence,0.09168724279835391,0.9083127572016461,0.8155128669807902,
by_confidence,0.09152263374485596,0.9084773662551441,0.8155462946185903,
by_confidence,0.09135802469135802,0.908641975308642,0.8155797101449276,
by_confidence,0.09119341563786008,0.9088065843621399,0.8156131135663829,
by_confidence,0.09102880658436215,0.9089711934156378,0.815465411082941,
by_confidence,0.0908641975308642,0.9091358024691358,0.815317762085823,
by_confidence,0.09069958847736626,0.9093004115226337,0.8151701665459812,
by_confidence,0.09053497942386832,0.9094650205761317,0.8152036199095023,
by_confidence,0.09037037037037036,0.9096296296296297,0.8150560984437206,
by_confidence,0.09020576131687243,0.9097942386831276,0.8149086303600507,
by_confidence,0.09004115226337449,0.9099588477366255,0.8147612156295224,
by_confidence,0.08987654320987655,0.9101234567901234,0.814794718755652,
by_confidence,0.0897119341563786,0.9102880658436214,0.8148282097649187,
by_confidence,0.08954732510288066,0.9104526748971193,0.8148616886638944,
by_confidence,0.08938271604938272,0.9106172839506173,0.8147143890093999,
by_confidence,0.08921810699588477,0.9107818930041153,0.8145671425989518,
by_confidence,0.08905349794238683,0.9109465020576132,0.8146006505240333,
by_confidence,0.08888888888888889,0.9111111111111111,0.8146341463414634,
by_confidence,0.08872427983539094,0.911275720164609,0.8144869942196532,
by_confidence,0.088559670781893,0.911440329218107,0.8143398952501355,
by_confidence,0.08839506172839506,0.9116049382716049,0.8143734200072228,
by_confidence,0.08823045267489713,0.9117695473251028,0.8142263946560752,
by_confidence,0.08806584362139917,0.9119341563786009,0.8140794223826715,
by_confidence,0.08790123456790123,0.9120987654320988,0.8139325031582747,
by_confidence,0.0877366255144033,0.9122633744855967,0.8137856369541682,
by_confidence,0.08757201646090534,0.9124279835390946,0.8136388237416562,
by_confidence,0.0874074074074074,0.9125925925925926,0.8134920634920635,
by_confidence,0.08724279835390947,0.9127572016460905,0.8133453561767358,
by_confidence,0.08707818930041153,0.9129218106995884,0.8133790119004688,
by_confidence,0.08691358024691358,0.9130864197530865,0.8132323778619074,
by_confidence,0.08674897119341564,0.9132510288065844,0.8132660418168709,
by_confidence,0.0865843621399177,0.9134156378600823,0.8131194809875654,
by_confidence,0.08641975308641975,0.9135802469135802,0.812972972972973,
by_confidence,0.08625514403292181,0.9137448559670782,0.8128265177445505,
by_confidence,0.08609053497942387,0.9139094650205761,0.8126801152737753,
by_confidence,0.08592592592592592,0.914074074074074,0.8125337655321447,
by_confidence,0.08576131687242798,0.9142386831275721,0.8125675189052934,
by_confidence,0.08559670781893004,0.91440329218107,0.8124212421242124,
by_confidence,0.0854320987654321,0.9145679012345679,0.8122750179985602,
by_confidence,0.08526748971193415,0.9147325102880658,0.81212884649991,
by_confidence,0.08510288065843621,0.9148971193415638,0.8121626484346888,
by_confidence,0.08493827160493828,0.9150617283950617,0.8120165497391617,
by_confidence,0.08477366255144032,0.9152263374485596,0.8120503597122302,
by_confidence,0.08460905349794239,0.9153909465020577,0.8120841575256249,
by_confidence,0.08444444444444445,0.9155555555555556,0.811938151743977,
by_confidence,0.08427983539094651,0.9157201646090535,0.811971957576847,
by_confidence,0.08411522633744856,0.9158847736625514,0.8120057512580877,
by_confidence,0.08395061728395062,0.9160493827160494,0.8118598382749326,
by_confidence,0.08378600823045268,0.9162139917695473,0.8117139777218828,
by_confidence,0.08362139917695473,0.9163786008230452,0.8115681695706843,
by_confidence,0.08345679012345679,0.9165432098765433,0.8116020114942529,
by_confidence,0.08329218106995885,0.9167078189300412,0.8114562758125337,
by_confidence,0.0831275720164609,0.9168724279835391,0.8114901256732495,
by_confidence,0.08296296296296296,0.917037037037037,0.8113444623945432,
by_confidence,0.08279835390946502,0.917201646090535,0.8113783201722901,
by_confidence,0.08263374485596708,0.9173662551440329,0.8112327292302172,
by_confidence,0.08246913580246913,0.9175308641975308,0.8112665949049157,
by_confidence,0.0823045267489712,0.9176954732510288,0.8111210762331839,
by_confidence,0.08213991769547326,0.9178600823045268,0.8109756097560976,
by_confidence,0.0819753086419753,0.9180246913580247,0.8110095033171957,
by_confidence,0.08181069958847736,0.9181893004115226,0.8108641089996415,
by_confidence,0.08164609053497943,0.9183539094650206,0.8108980103961283,
by_confidence,0.08148148148148149,0.9185185185185185,0.810752688172043,
by_confidence,0.08131687242798354,0.9186831275720164,0.8107865973839814,
by_confidence,0.0811522633744856,0.9188477366255144,0.810641347187388,
by_confidence,0.08098765432098766,0.9190123456790124,0.8106752641948773,
by_confidence,0.08082304526748971,0.9191769547325103,0.8107091690544412,
by_confidence,0.08065843621399177,0.9193415637860082,0.8105640107430617,
by_confidence,0.08049382716049383,0.9195061728395062,0.8105979233798782,
by_confidence,0.08032921810699588,0.9196707818930041,0.8104528369429032,
by_confidence,0.08016460905349794,0.919835390946502,0.810486757337151,
by_confidence,0.08,0.92,0.8103417427088925,
by_confidence,0.07983539094650206,0.920164609053498,0.8103756708407871,
by_confidence,0.07967078189300411,0.9203292181069959,0.810230727955643,
by_confidence,0.07950617283950617,0.9204938271604939,0.8100858369098712,
by_confidence,0.07934156378600823,0.9206584362139918,0.8101197925978902,
by_confidence,0.07917695473251028,0.9208230452674897,0.809974973185556,
by_confidence,0.07901234567901234,0.9209876543209876,0.8098302055406613,
by_confidence,0.0788477366255144,0.9211522633744856,0.8098641887062187,
by_confidence,0.07868312757201647,0.9213168724279835,0.8097194925853136,
by_confidence,0.07851851851851852,0.9214814814814815,0.8095748481600572,
by_confidence,0.07835390946502058,0.9216460905349795,0.8094302554027505,
by_confidence,0.07818930041152264,0.9218106995884774,0.8092857142857143,
by_confidence,0.07802469135802469,0.9219753086419753,0.8093197643277986,
by_confidence,0.07786008230452675,0.9221399176954732,0.8093538022134952,
by_confidence,0.07769547325102881,0.9223045267489712,0.809209352132786,
by_confidence,0.07753086419753086,0.9224691358024691,0.809243397573162,
by_confidence,0.07736625514403292,0.922633744855967,0.8092774308652988,
by_confidence,0.07720164609053498,0.9227983539094651,0.8091330717088834,
by_confidence,0.07703703703703704,0.922962962962963,0.8089887640449438,
by_confidence,0.07687242798353909,0.9231275720164609,0.8090228245363766,
by_confidence,0.07670781893004115,0.9232921810699588,0.8088785879835978,
by_confidence,0.07654320987654321,0.9234567901234568,0.8087344028520499,
by_confidence,0.07637860082304526,0.9236213991769547,0.8087684904651578,
by_confidence,0.07621399176954732,0.9237860082304526,0.8086243763364219,
by_confidence,0.07604938271604939,0.9239506172839507,0.8086584714056654,
by_confidence,0.07588477366255145,0.9241152263374486,0.8085144282151764,
by_confidence,0.0757201646090535,0.9242798353909465,0.8083704363312556,
by_confidence,0.07555555555555556,0.9244444444444444,0.8084045584045584,
by_confidence,0.07539094650205762,0.9246090534979424,0.8084386683282891,
by_confidence,0.07522633744855967,0.9247736625514403,0.8084727661089356,
by_confidence,0.07506172839506173,0.9249382716049382,0.808328884143086,
by_confidence,0.07489711934156379,0.9251028806584363,0.808185053380783,
by_confidence,0.07473251028806584,0.9252674897119342,0.8080412737946985,
by_confidence,0.0745679012345679,0.9254320987654321,0.807897545357524,
by_confidence,0.07440329218106996,0.92559670781893,0.8077538680419705,
by_confidence,0.07423868312757202,0.925761316872428,0.8076102418207681,
by_confidence,0.07407407407407407,0.9259259259259259,0.8076444444444445,
by_confidence,0.07390946502057613,0.9260905349794238,0.8075008887308923,
by_confidence,0.0737448559670782,0.9262551440329219,0.8075350986315977,
by_confidence,0.07358024691358024,0.9264197530864198,0.8073916133617626,
by_confidence,0.0734156378600823,0.9265843621399177,0.8072481790726594,
by_confidence,0.07325102880658436,0.9267489711934156,0.8071047957371226,
by_confidence,0.07308641975308643,0.9269135802469136,0.8069614633280057,
by_confidence,0.07292181069958847,0.9270781893004115,0.8069957386363636,
by_confidence,0.07275720164609054,0.9272427983539094,0.8068524764778982,
by_confidence,0.0725925925925926,0.9274074074074075,0.8067092651757188,
by_confidence,0.07242798353909465,0.9275720164609054,0.8067435669920142,
by_confidence,0.07226337448559671,0.9277366255144033,0.8066004258339248,
by_confidence,0.07209876543209877,0.9279012345679012,0.8064573354621253,
by_confidence,0.07193415637860082,0.9280658436213992,0.8064916637105356,
by_confidence,0.07176954732510288,0.9282304526748971,0.8063486433764852,
by_confidence,0.07160493827160494,0.928395061728395,0.8063829787234043,
by_confidence,0.071440329218107,0.928559670781893,0.8062400283637653,
by_confidence,0.07127572016460905,0.928724279835391,0.8062743707904998,
by_confidence,0.07111111111111111,0.9288888888888889,0.8061314903420167,
by_confidence,0.07094650205761317,0.9290534979423868,0.8059886605244507,
by_confidence,0.07078189300411522,0.9292181069958848,0.8058458813108946,
by_confidence,0.07061728395061728,0.9293827160493827,0.8057031526744598,
by_confidence,0.07045267489711934,0.9295473251028806,0.805560474588277,
by_confidence,0.0702880658436214,0.9297119341563786,0.8054178470254958,
by_confidence,0.07012345679012345,0.9298765432098766,0.8052752699592848,
by_confidence,0.06995884773662552,0.9300411522633745,0.8051327433628318,
by_confidence,0.06979423868312758,0.9302057613168724,0.8049902672093435,
by_confidence,0.06962962962962962,0.9303703703703704,0.8048478414720452,
by_confidence,0.06946502057613169,0.9305349794238683,0.8048823633468954,
by_confidence,0.06930041152263375,0.9306995884773662,0.8047400070746374,
by_confidence,0.0691358024691358,0.9308641975308642,0.8045977011494253,
by_confidence,0.06897119341563786,0.9310288065843622,0.8044554455445545,
by_confidence,0.06880658436213992,0.9311934156378601,0.8043132402333393,
by_confidence,0.06864197530864198,0.931358024691358,0.8041710851891127,
by_confidence,0.06847736625514403,0.931522633744856,0.8040289803852271,
by_confidence,0.06831275720164609,0.9316872427983539,0.803886925795053,
by_confidence,0.06814814814814815,0.9318518518518518,0.803921568627451,
by_confidence,0.0679835390946502,0.9320164609053498,0.8037795831861533,
by_confidence,0.06781893004115226,0.9321810699588478,0.8036376478898111,
by_confidence,0.06765432098765432,0.9323456790123457,0.8036723163841808,
by_confidence,0.06748971193415639,0.9325102880658436,0.8035304501323919,
by_confidence,0.06732510288065843,0.9326748971193416,0.8033886339569362,
by_confidence,0.0671604938271605,0.9328395061728395,0.8034233280395271,
by_confidence,0.06699588477366256,0.9330041152263374,0.8034580098800282,
by_confidence,0.0668312757201646,0.9331687242798354,0.803492679484918,
by_confidence,0.06666666666666667,0.9333333333333333,0.8033509700176367,
by_confidence,0.06650205761316873,0.9334979423868313,0.803385646270499,
by_confidence,0.06633744855967078,0.9336625514403292,0.8032440056417489,
by_confidence,0.06617283950617284,0.9338271604938272,0.8031024149479993,
by_confidence,0.0660082304526749,0.9339917695473251,0.8029608741628481,
by_confidence,0.06584362139917696,0.934156378600823,0.8028193832599119,
by_confidence,0.06567901234567901,0.934320987654321,0.802677942212826,
by_confidence,0.06551440329218107,0.9344855967078189,0.8027127003699137,
by_confidence,0.06534979423868313,0.9346502057613169,0.8025713279323705,
by_confidence,0.06518518518518518,0.9348148148148148,0.8026060926219405,
by_confidence,0.06502057613168724,0.9349794238683128,0.8024647887323944,
by_confidence,0.0648559670781893,0.9351440329218107,0.8023235345889808,
by_confidence,0.06469135802469136,0.9353086419753086,0.8021823301654347,
by_confidence,0.06452674897119341,0.9354732510288066,0.8022171388351222,
by_confidence,0.06436213991769547,0.9356378600823045,0.8022519352568613,
by_confidence,0.06419753086419754,0.9358024691358025,0.8022867194371153,
by_confidence,0.06403292181069958,0.9359670781893004,0.8021456208230742,
by_confidence,0.06386831275720165,0.9361316872427984,0.8021804114647442,
by_confidence,0.0637037037037037,0.9362962962962963,0.8022151898734177,
by_confidence,0.06353909465020575,0.9364609053497942,0.8022499560555458,
by_confidence,0.06337448559670782,0.9366255144032922,0.8022847100175747,
by_confidence,0.06320987654320988,0.9367901234567901,0.8021437357230715,
by_confidence,0.06304526748971194,0.936954732510288,0.8021784961349262,
by_confidence,0.06288065843621399,0.937119341563786,0.802037590022835,
by_confidence,0.06271604938271605,0.937283950617284,0.8020723568668774,
by_confidence,0.06255144032921811,0.9374485596707819,0.802107111501317,
by_confidence,0.062386831275720166,0.9376131687242798,0.8019662921348315,
by_confidence,0.06222222222222222,0.9377777777777778,0.8020010531858873,
by_confidence,0.06205761316872428,0.9379423868312757,0.802035802035802,
by_confidence,0.06189300411522634,0.9381069958847736,0.8018950693104053,
by_confidence,0.06172839506172839,0.9382716049382716,0.8019298245614035,
by_confidence,0.06156378600823045,0.9384362139917696,0.8019645676197158,
by_confidence,0.06139917695473251,0.9386008230452675,0.8019992984917573,
by_confidence,0.06123456790123457,0.9387654320987654,0.8020340171839383,
by_confidence,0.061069958847736625,0.9389300411522634,0.8020687237026648,
by_confidence,0.060905349794238686,0.9390946502057613,0.8019281332164768,
by_confidence,0.06074074074074074,0.9392592592592592,0.8017875920084122,
by_confidence,0.060576131687242796,0.9394238683127571,0.801647100052567,
by_confidence,0.06041152263374486,0.9395884773662552,0.8015066573230554,
by_confidence,0.06024691358024691,0.9397530864197531,0.8013662637940094,
by_confidence,0.060082304526748974,0.939917695473251,0.8014010507880911,
by_confidence,0.05991769547325103,0.940082304526749,0.8014358255997198,
by_confidence,0.05975308641975308,0.9402469135802469,0.801295518207283,
by_confidence,0.059588477366255145,0.9404115226337448,0.801155259933485,
by_confidence,0.0594238683127572,0.9405761316872427,0.8010150507525376,
by_confidence,0.05925925925925926,0.9407407407407408,0.8008748906386701,
by_confidence,0.059094650205761316,0.9409053497942387,0.8009097270818755,
by_confidence,0.05893004115226337,0.9410699588477366,0.8009445513381144,
by_confidence,0.05876543209876543,0.9412345679012346,0.8009793634137811,
by_confidence,0.05860082304526749,0.9413991769547325,0.8008393075712538,
by_confidence,0.05843621399176955,0.9415637860082304,0.8006993006993007,
by_confidence,0.058271604938271604,0.9417283950617283,0.8005593427722426,
by_confidence,0.058106995884773666,0.9418930041152264,0.800419433764418,
by_confidence,0.05794238683127572,0.9420576131687243,0.8004543071815481,
by_confidence,0.057777777777777775,0.9422222222222222,0.800314465408805,
by_confidence,0.05761316872427984,0.9423868312757202,0.8001746724890829,
by_confidence,0.05744855967078189,0.9425514403292181,0.8002095703807195,
by_confidence,0.05728395061728395,0.942716049382716,0.8002444560852104,
by_confidence,0.05711934156378601,0.9428806584362139,0.8001047486033519,
by_confidence,0.05695473251028806,0.943045267489712,0.8001396404259034,
by_confidence,0.056790123456790124,0.9432098765432099,0.8,
by_confidence,0.05662551440329218,0.9433744855967078,0.8000348979235735,
by_confidence,0.05646090534979424,0.9435390946502058,0.7998953244940684,
by_confidence,0.056296296296296296,0.9437037037037037,0.7997557997557998,
by_confidence,0.05613168724279836,0.9438683127572016,0.7996163236832926,
by_confidence,0.05596707818930041,0.9440329218106996,0.7996512641673932,
by_confidence,0.05580246913580247,0.9441975308641976,0.7995118549511855,
by_confidence,0.05563786008230453,0.9443621399176955,0.7995468014641799,
by_confidence,0.05547325102880658,0.9445267489711934,0.7994074590449634,
by_confidence,0.055308641975308645,0.9446913580246914,0.7994424115699599,
by_confidence,0.0551440329218107,0.9448559670781893,0.7993031358885018,
by_confidence,0.054979423868312755,0.9450205761316872,0.7993380944086396,
by_confidence,0.054814814814814816,0.9451851851851852,0.799198885405782,
by_confidence,0.05465020576131687,0.9453497942386831,0.7992338499042312,
by_confidence,0.05448559670781893,0.9455144032921811,0.7990947075208914,
by_confidence,0.05432098765432099,0.945679012345679,0.7991296779808529,
by_confidence,0.05415637860082304,0.945843621399177,0.798990602158023,
by_confidence,0.053991769547325104,0.9460082304526749,0.7988515747346442,
by_confidence,0.05382716049382716,0.9461728395061728,0.7987125956854558,
by_confidence,0.05366255144032922,0.9463374485596708,0.7987476082797008,
by_confidence,0.053497942386831275,0.9465020576131687,0.798608695652174,
by_confidence,0.05333333333333334,0.9466666666666667,0.7984698313336811,
by_confidence,0.05316872427983539,0.9468312757201646,0.7983310152990264,
by_confidence,0.053004115226337446,0.9469958847736626,0.7981922475230314,
by_confidence,0.05283950617283951,0.9471604938271605,0.7982273201251303,
by_confidence,0.05267489711934156,0.9473251028806584,0.7980886185925282,
by_confidence,0.052510288065843624,0.9474897119341564,0.7979499652536484,
by_confidence,0.05234567901234568,0.9476543209876543,0.7978113600833767,
by_confidence,0.052181069958847734,0.9478189300411523,0.7976728030566169,
by_confidence,0.052016460905349796,0.9479835390946502,0.7975342941482896,
by_confidence,0.05185185185185185,0.9481481481481482,0.7975694444444444,
by_confidence,0.05168724279835391,0.9483127572016461,0.7974310015622288,
by_confidence,0.05152263374485597,0.948477366255144,0.7974661575841722,
by_confidence,0.05135802469135802,0.948641975308642,0.79732778066979,
by_confidence,0.05119341563786008,0.9488065843621399,0.7973629424011104,
by_confidence,0.05102880658436214,0.9489711934156378,0.797398091934085,
by_confidence,0.0508641975308642,0.9491358024691358,0.7974332292750607,
by_confidence,0.050699588477366254,0.9493004115226338,0.7972949540488989,
by_confidence,0.050534979423868316,0.9494650205761317,0.7971567267683772,
by_confidence,0.05037037037037037,0.9496296296296296,0.797191887675507,
by_confidence,0.050205761316872426,0.9497942386831276,0.797053726169844,
by_confidence,0.05004115226337449,0.9499588477366255,0.7970888927395599,
by_confidence,0.04987654320987654,0.9501234567901234,0.796950796950797,
by_confidence,0.049711934156378604,0.9502880658436214,0.796985969166811,
by_confidence,0.04954732510288066,0.9504526748971194,0.7970211291998615,
by_confidence,0.04938271604938271,0.9506172839506173,0.797056277056277,
by_confidence,0.049218106995884775,0.9507818930041152,0.7969182825484764,
by_confidence,0.04905349794238683,0.9509465020576132,0.7967803358144365,
by_confidence,0.04888888888888889,0.9511111111111111,0.7968155070958809,
by_confidence,0.048724279835390946,0.951275720164609,0.7966776258868317,
by_confidence,0.048559670781893,0.951440329218107,0.7967128027681661,
by_confidence,0.04839506172839506,0.951604938271605,0.796574987026466,
by_confidence,0.04823045267489712,0.9517695473251029,0.7964372189553788,
by_confidence,0.04806584362139918,0.9519341563786008,0.7964724191596058,
by_confidence,0.047901234567901234,0.9520987654320988,0.7963347164591977,
by_confidence,0.047736625514403296,0.9522633744855967,0.7961970613656006,
by_confidence,0.04757201646090535,0.9524279835390946,0.7960594538541307,
by_confidence,0.047407407407407405,0.9525925925925925,0.796094695006048,
by_confidence,0.04724279835390947,0.9527572016460906,0.7959571527297857,
by_confidence,0.04707818930041152,0.9529218106995885,0.7958196579720159,
by_confidence,0.04691358024691358,0.9530864197530864,0.7956822107081174,
by_confidence,0.04674897119341564,0.9532510288065844,0.7955448109134865,
by_confidence,0.04658436213991769,0.9534156378600823,0.7954074585635359,
by_confidence,0.046419753086419754,0.9535802469135802,0.7952701536336958,
by_confidence,0.04625514403292181,0.9537448559670781,0.7953054884363134,
by_confidence,0.04609053497942387,0.9539094650205762,0.7951682484900776,
by_confidence,0.045925925925925926,0.9540740740740741,0.7950310559006211,
by_confidence,0.04576131687242798,0.954238683127572,0.7948939106434363,
by_confidence,0.04559670781893004,0.95440329218107,0.7949292859606761,
by_confidence,0.0454320987654321,0.9545679012345679,0.7949646490774271,
by_confidence,0.04526748971193416,0.9547325102880658,0.795,
by_confidence,0.04510288065843621,0.9548971193415637,0.7948629546629892,
by_confidence,0.044938271604938275,0.9550617283950618,0.7947259565667011,
by_confidence,0.04477366255144033,0.9552263374485597,0.7945890056867138,
by_confidence,0.044609053497942384,0.9553909465020576,0.7946243969676086,
by_confidence,0.044444444444444446,0.9555555555555556,0.7944875107665805,
by_confidence,0.0442798353909465,0.9557201646090535,0.7945229073372373,
by_confidence,0.04411522633744856,0.9558847736625514,0.7945582917168934,
by_confidence,0.04395061728395062,0.9560493827160493,0.7944214876033058,
by_confidence,0.04378600823045267,0.9562139917695474,0.7942847305904631,
by_confidence,0.043621399176954734,0.9563786008230453,0.7943201376936316,
by_confidence,0.04345679012345679,0.9565432098765432,0.7941834451901566,
by_confidence,0.04329218106995885,0.9567078189300412,0.7940467997247075,
by_confidence,0.043127572016460905,0.9568724279835391,0.7940822294856357,
by_confidence,0.04296296296296296,0.957037037037037,0.7941176470588235,
by_confidence,0.04279835390946502,0.9572016460905349,0.7939810834049871,
by_confidence,0.042633744855967076,0.957366255144033,0.7938445667125172,
by_confidence,0.04246913580246914,0.9575308641975309,0.7937080969571945,
by_confidence,0.04230452674897119,0.9576954732510288,0.7937435544860777,
by_confidence,0.042139917695473254,0.9578600823045268,0.7936071489946727,
by_confidence,0.04197530864197531,0.9580246913580247,0.7934707903780068,
by_confidence,0.041810699588477364,0.9581893004115226,0.7935062704002749,
by_confidence,0.041646090534979426,0.9583539094650205,0.7933699759532806,
by_confidence,0.04148148148148148,0.9585185185185185,0.7934054611025245,
by_confidence,0.04131687242798354,0.9586831275720165,0.7934409340659341,
by_confidence,0.0411522633744856,0.9588477366255144,0.7934763948497854,
by_confidence,0.04098765432098765,0.9590123456790124,0.7935118434603502,
by_confidence,0.04082304526748971,0.9591769547325103,0.7933756650077227,
by_confidence,0.04065843621399177,0.9593415637860082,0.7932395332875772,
by_confidence,0.04049382716049383,0.9595061728395061,0.7931034482758621,
by_confidence,0.040329218106995884,0.9596707818930041,0.792967409948542,
by_confidence,0.04016460905349794,0.959835390946502,0.793002915451895,
by_confidence,0.04,0.96,0.7928669410150891,
by_confidence,0.039835390946502056,0.960164609053498,0.792902451568661,
by_confidence,0.03967078189300412,0.9603292181069959,0.7927665409667467,
by_confidence,0.03950617283950617,0.9604938271604938,0.792630676949443,
by_confidence,0.039341563786008234,0.9606584362139917,0.7924948594928033,
by_confidence,0.03917695473251029,0.9608230452674897,0.7925304094569128,
by_confidence,0.03901234567901234,0.9609876543209876,0.7923946557040082,
by_confidence,0.038847736625514405,0.9611522633744856,0.792258948450077,
by_confidence,0.03868312757201646,0.9613168724279836,0.7921232876712329,
by_confidence,0.03851851851851852,0.9614814814814815,0.7919876733436055,
by_confidence,0.038353909465020576,0.9616460905349794,0.7918521054433413,
by_confidence,0.03818930041152263,0.9618106995884773,0.7918877289063837,
by_confidence,0.03802469135802469,0.9619753086419753,0.7917522245037646,
by_confidence,0.03786008230452675,0.9621399176954732,0.7916167664670659,
by_confidence,0.03769547325102881,0.9623045267489712,0.791481354772494,
by_confidence,0.037530864197530864,0.9624691358024692,0.7913459893962715,
by_confidence,0.03736625514403292,0.9626337448559671,0.7913816689466484,
by_confidence,0.03720164609053498,0.962798353909465,0.7914173362968029,
by_confidence,0.037037037037037035,0.9629629629629629,0.7914529914529914,
by_confidence,0.0368724279835391,0.9631275720164609,0.7913177234660742,
by_confidence,0.03670781893004115,0.9632921810699588,0.7913533834586466,
by_confidence,0.03654320987654321,0.9634567901234568,0.7913890312660175,
by_confidence,0.03637860082304527,0.9636213991769548,0.7912538435257943,
by_confidence,0.03621399176954732,0.9637860082304527,0.7911187019641333,
by_confidence,0.036049382716049384,0.9639506172839506,0.7909836065573771,
by_confidence,0.03588477366255144,0.9641152263374485,0.790848557281885,
by_confidence,0.0357201646090535,0.9642798353909465,0.7907135541140321,
by_confidence,0.035555555555555556,0.9644444444444444,0.7905785970302099,
by_confidence,0.03539094650205761,0.9646090534979423,0.7906143344709897,
by_confidence,0.03522633744855967,0.9647736625514404,0.7904794403685378,
by_confidence,0.03506172839506173,0.9649382716049383,0.7905151825315592,
by_confidence,0.03489711934156379,0.9651028806584362,0.7903803513559611,
by_confidence,0.03473251028806584,0.9652674897119341,0.7902455661664393,
by_confidence,0.0345679012345679,0.9654320987654321,0.7901108269394714,
by_confidence,0.03440329218106996,0.96559670781893,0.7899761336515513,
by_confidence,0.034238683127572014,0.9657613168724279,0.7898414862791887,
by_confidence,0.034074074074074076,0.965925925925926,0.7898773006134969,
by_confidence,0.03390946502057613,0.9660905349794239,0.7899131027432271,
by_confidence,0.03374485596707819,0.9662551440329218,0.7899488926746167,
by_confidence,0.03358024691358025,0.9664197530864198,0.7898143416794413,
by_confidence,0.0334156378600823,0.9665843621399177,0.7896798365122616,
by_confidence,0.033251028806584364,0.9667489711934156,0.789545377149668,
by_confidence,0.03308641975308642,0.9669135802469135,0.7894109635682669,
by_confidence,0.03292181069958848,0.9670781893004116,0.7892765957446809,
by_confidence,0.032757201646090535,0.9672427983539095,0.789142273655548,
by_confidence,0.03259259259259259,0.9674074074074074,0.7891781521184278,
by_confidence,0.03242798353909465,0.9675720164609054,0.7892140183735965,
by_confidence,0.032263374485596706,0.9677366255144033,0.789079775472019,
by_confidence,0.03209876543209877,0.9679012345679012,0.7891156462585034,
by_confidence,0.03193415637860082,0.9680658436213991,0.7891515048461146,
by_confidence,0.03176954732510288,0.9682304526748972,0.7891873512410744,
by_confidence,0.03160493827160494,0.9683950617283951,0.7892231854496006,
by_confidence,0.031440329218106994,0.968559670781893,0.7892590074779062,
by_confidence,0.031275720164609055,0.968724279835391,0.7892948173322005,
by_confidence,0.03111111111111111,0.9688888888888889,0.7893306150186884,
by_confidence,0.03094650205761317,0.9690534979423868,0.7893664005435705,
by_confidence,0.030781893004115227,0.9692181069958847,0.7892323369565217,
by_confidence,0.030617283950617285,0.9693827160493828,0.7892681270164714,
by_confidence,0.030452674897119343,0.9695473251028807,0.7891341256366723,
by_confidence,0.030288065843621398,0.9697119341563786,0.7890001697504668,
by_confidence,0.030123456790123456,0.9698765432098766,0.7890359809911744,
by_confidence,0.029958847736625514,0.9700411522633745,0.788902087222128,
by_confidence,0.029794238683127573,0.9702057613168724,0.7889379029521547,
by_confidence,0.02962962962962963,0.9703703703703703,0.7888040712468194,
by_confidence,0.029465020576131686,0.9705349794238683,0.7886702849389416,
by_confidence,0.029300411522633744,0.9706995884773663,0.7887061217568255,
by_confidence,0.029135802469135802,0.9708641975308642,0.7885723974228552,
by_confidence,0.02897119341563786,0.9710288065843622,0.788438718426852,
by_confidence,0.02880658436213992,0.9711934156378601,0.7884745762711864,
by_confidence,0.028641975308641977,0.971358024691358,0.7883409591594644,
by_confidence,0.02847736625514403,0.9715226337448559,0.7882073873263301,
by_confidence,0.02831275720164609,0.971687242798354,0.7880738607487718,
by_confidence,0.028148148148148148,0.9718518518518519,0.788109756097561,
by_confidence,0.027983539094650206,0.9720164609053498,0.7879762912785775,
by_confidence,0.027818930041152264,0.9721810699588478,0.7878428716559431,
by_confidence,0.027654320987654323,0.9723456790123457,0.7878787878787878,
by_confidence,0.027489711934156377,0.9725102880658436,0.7877454299255248,
by_confidence,0.027325102880658435,0.9726748971193415,0.787612117109494,
by_confidence,0.027160493827160494,0.9728395061728395,0.7874788494077835,
by_confidence,0.026995884773662552,0.9730041152263375,0.7873456267974962,
by_confidence,0.02683127572016461,0.9731687242798354,0.7872124492557511,
by_confidence,0.02666666666666667,0.9733333333333334,0.787079316759682,
by_confidence,0.026502057613168723,0.9734979423868313,0.786946229286439,
by_confidence,0.02633744855967078,0.9736625514403292,0.7869822485207101,
by_confidence,0.02617283950617284,0.9738271604938271,0.7870182555780934,
by_confidence,0.026008230452674898,0.9739917695473251,0.7868852459016393,
by_confidence,0.025843621399176956,0.974156378600823,0.786752281176073,
by_confidence,0.02567901234567901,0.974320987654321,0.7866193613786112,
by_confidence,0.02551440329218107,0.974485596707819,0.7864864864864864,
by_confidence,0.025349794238683127,0.9746502057613169,0.7863536564769464,
by_confidence,0.025185185185185185,0.9748148148148148,0.7862208713272543,
by_confidence,0.025020576131687244,0.9749794238683127,0.7860881310146886,
by_confidence,0.024855967078189302,0.9751440329218107,0.7861242403781229,
by_confidence,0.024691358024691357,0.9753086419753086,0.7859915611814347,
by_confidence,0.024526748971193415,0.9754732510288066,0.7858589267634155,
by_confidence,0.024362139917695473,0.9756378600823046,0.7857263371014004,
by_confidence,0.02419753086419753,0.9758024691358025,0.7855937921727395,
by_confidence,0.02403292181069959,0.9759670781893004,0.7854612919547984,
by_confidence,0.023868312757201648,0.9761316872427983,0.7853288364249579,
by_confidence,0.023703703703703703,0.9762962962962963,0.7853650311920418,
by_confidence,0.02353909465020576,0.9764609053497942,0.7854012137559002,
by_confidence,0.02337448559670782,0.9766255144032921,0.7854373841227035,
by_confidence,0.023209876543209877,0.9767901234567902,0.7853050219076508,
by_confidence,0.023045267489711935,0.9769547325102881,0.785172704296546,
by_confidence,0.02288065843621399,0.977119341563786,0.7850404312668463,
by_confidence,0.02271604938271605,0.9772839506172839,0.7849082027960249,
by_confidence,0.022551440329218107,0.9774485596707819,0.7849444257325698,
by_confidence,0.022386831275720165,0.9776131687242798,0.7849806364707863,
by_confidence,0.022222222222222223,0.9777777777777777,0.7848484848484848,
by_confidence,0.02205761316872428,0.9779423868312758,0.7847163777141896,
by_confidence,0.021893004115226336,0.9781069958847737,0.7845843150454392,
by_confidence,0.021728395061728394,0.9782716049382716,0.784452296819788,
by_confidence,0.021563786008230452,0.9784362139917695,0.7844885598923284,
by_confidence,0.02139917695473251,0.9786008230452675,0.7843566021867115,
by_confidence,0.02123456790123457,0.9787654320987654,0.7842246888664649,
by_confidence,0.021069958847736627,0.9789300411522633,0.7840928199091979,
by_confidence,0.020905349794238682,0.9790946502057614,0.7839609952925353,
by_confidence,0.02074074074074074,0.9792592592592593,0.7839973104723483,
by_confidence,0.0205761316872428,0.9794238683127572,0.7838655462184874,
by_confidence,0.020411522633744857,0.9795884773662551,0.783901865232734,
by_confidence,0.020246913580246915,0.9797530864197531,0.7837701612903226,
by_confidence,0.02008230452674897,0.979917695473251,0.783638501595834,
by_confidence,0.019917695473251028,0.9800823045267489,0.7835068861269735,
by_confidence,0.019753086419753086,0.980246913580247,0.7835432409739714,
by_confidence,0.019588477366255144,0.9804115226337449,0.7835795836131632,
by_confidence,0.019423868312757202,0.9805761316872428,0.7836159140506966,
by_confidence,0.01925925925925926,0.9807407407407407,0.783484390735146,
by_confidence,0.019094650205761315,0.9809053497942387,0.7835207249538513,
by_confidence,0.018930041152263374,0.9810699588477366,0.7833892617449665,
by_confidence,0.018765432098765432,0.9812345679012345,0.7834255997315887,
by_confidence,0.01860082304526749,0.9813991769547326,0.7832941965783294,
by_confidence,0.01843621399176955,0.9815637860082305,0.7831628374979037,
by_confidence,0.018271604938271607,0.9817283950617284,0.7831991951710262,
by_confidence,0.01810699588477366,0.9818930041152263,0.783235540653814,
by_confidence,0.01794238683127572,0.9820576131687243,0.783271873952397,
by_confidence,0.017777777777777778,0.9822222222222222,0.783308195072901,
by_confidence,0.017613168724279836,0.9823868312757201,0.7833445040214477,
by_confidence,0.017448559670781894,0.9825514403292182,0.7832132685541967,
by_confidence,0.01728395061728395,0.9827160493827161,0.783249581239531,
by_confidence,0.017119341563786007,0.982880658436214,0.783285881761849,
by_confidence,0.016954732510288065,0.9830452674897119,0.7831547220361688,
by_confidence,0.016790123456790124,0.9832098765432099,0.783191026284949,
by_confidence,0.016625514403292182,0.9833744855967078,0.7832273183796451,
by_confidence,0.01646090534979424,0.9835390946502057,0.7832635983263598,
by_confidence,0.016296296296296295,0.9837037037037037,0.7831325301204819,
by_confidence,0.016131687242798353,0.9838683127572017,0.7830015057721265,
by_confidence,0.01596707818930041,0.9840329218106996,0.782870525259284,
by_confidence,0.01580246913580247,0.9841975308641975,0.7827395885599598,
by_confidence,0.015637860082304528,0.9843621399176955,0.7827759197324414,
by_confidence,0.015473251028806584,0.9845267489711934,0.7826450426350109,
by_confidence,0.015308641975308642,0.9846913580246913,0.7826813774657305,
by_confidence,0.015144032921810699,0.9848559670781893,0.7825505599197727,
by_confidence,0.014979423868312757,0.9850205761316873,0.7824197860962567,
by_confidence,0.014814814814814815,0.9851851851851852,0.7822890559732665,
by_confidence,0.014650205761316872,0.9853497942386831,0.7821583695289007,
by_confidence,0.01448559670781893,0.9855144032921811,0.7820277267412727,
by_confidence,0.014320987654320988,0.985679012345679,0.7818971275885104,
by_confidence,0.014156378600823045,0.9858436213991769,0.7819335448321924,
by_confidence,0.013991769547325103,0.9860082304526749,0.7819699499165276,
by_confidence,0.013827160493827161,0.9861728395061728,0.7818394258053747,
by_confidence,0.013662551440329218,0.9863374485596708,0.7817089452603472,
by_confidence,0.013497942386831276,0.9865020576131687,0.7815785082596363,
by_confidence,0.013333333333333334,0.9866666666666667,0.7814481147814482,
by_confidence,0.01316872427983539,0.9868312757201646,0.7813177648040034,
by_confidence,0.013004115226337449,0.9869958847736625,0.781187458305537,
by_confidence,0.012839506172839505,0.9871604938271605,0.7810571952642988,
by_confidence,0.012674897119341564,0.9873251028806584,0.7810936978992997,
by_confidence,0.012510288065843622,0.9874897119341564,0.7809634939156526,
by_confidence,0.012345679012345678,0.9876543209876543,0.781,
by_confidence,0.012181069958847737,0.9878189300411523,0.7810364939176804,
by_confidence,0.012016460905349795,0.9879835390946502,0.7809063645451516,
by_confidence,0.011851851851851851,0.9881481481481481,0.7809428619023822,
by_confidence,0.01168724279835391,0.9883127572016461,0.7809793471019321,
by_confidence,0.011522633744855968,0.988477366255144,0.7810158201498751,
by_confidence,0.011358024691358024,0.988641975308642,0.7810522810522811,
by_confidence,0.011193415637860082,0.98880658436214,0.7810887298152156,
by_confidence,0.01102880658436214,0.9889711934156379,0.7809587217043942,
by_confidence,0.010864197530864197,0.9891358024691358,0.780995173905808,
by_confidence,0.010699588477366255,0.9893004115226337,0.7808652246256239,
by_confidence,0.010534979423868314,0.9894650205761317,0.7807353185825986,
by_confidence,0.01037037037037037,0.9896296296296296,0.7807717897538257,
by_confidence,0.010205761316872428,0.9897942386831275,0.780808248794279,
by_confidence,0.010041152263374485,0.9899588477366256,0.78084469571001,
by_confidence,0.009876543209876543,0.9901234567901235,0.7807148794679967,
by_confidence,0.009711934156378601,0.9902880658436214,0.780751329787234,
by_confidence,0.009547325102880658,0.9904526748971193,0.7806215722120659,
by_confidence,0.009382716049382716,0.9906172839506173,0.7804918577600531,
by_confidence,0.009218106995884774,0.9907818930041152,0.7803621864097026,
by_confidence,0.00905349794238683,0.9909465020576131,0.7803986710963455,
by_confidence,0.008888888888888889,0.9911111111111112,0.7804351436638433,
by_confidence,0.008724279835390947,0.9912757201646091,0.7804716041182331,
by_confidence,0.008559670781893004,0.991440329218107,0.7805080524655488,
by_confidence,0.008395061728395062,0.9916049382716049,0.7803784860557769,
by_confidence,0.00823045267489712,0.9917695473251029,0.7802489626556016,
by_confidence,0.008065843621399177,0.9919341563786008,0.780119482243611,
by_confidence,0.007901234567901235,0.9920987654320987,0.7799900447984072,
by_confidence,0.007736625514403292,0.9922633744855968,0.7798606502986065,
by_confidence,0.0075720164609053495,0.9924279835390947,0.7797312987228396,
by_confidence,0.007407407407407408,0.9925925925925926,0.7796019900497513,
by_confidence,0.007242798353909465,0.9927572016460905,0.7794727242580003,
by_confidence,0.007078189300411522,0.9929218106995885,0.77934350132626,
by_confidence,0.006913580246913581,0.9930864197530864,0.7792143212332173,
by_confidence,0.006748971193415638,0.9932510288065843,0.7792509115014915,
by_confidence,0.006584362139917695,0.9934156378600824,0.7792874896437448,
by_confidence,0.006419753086419753,0.9935802469135803,0.7793240556660039,
by_confidence,0.006255144032921811,0.9937448559670782,0.7791949643862845,
by_confidence,0.006090534979423868,0.9939094650205761,0.7792315336204041,
by_confidence,0.005925925925925926,0.9940740740740741,0.7791025004139758,
by_confidence,0.005761316872427984,0.994238683127572,0.7789735099337748,
by_confidence,0.005596707818930041,0.9944032921810699,0.7790100976659493,
by_confidence,0.005432098765432099,0.994567901234568,0.7788811651770937,
by_confidence,0.005267489711934157,0.9947325102880659,0.7787522753599205,
by_confidence,0.005102880658436214,0.9948971193415638,0.7786234281932495,
by_confidence,0.0049382716049382715,0.9950617283950617,0.7786600496277916,
by_confidence,0.004773662551440329,0.9952263374485597,0.7786966589480648,
by_confidence,0.004609053497942387,0.9953909465020576,0.7785678849016041,
by_confidence,0.0044444444444444444,0.9955555555555555,0.7784391534391535,
by_confidence,0.004279835390946502,0.9957201646090535,0.7783104645395933,
by_confidence,0.00411522633744856,0.9958847736625515,0.7783471074380165,
by_confidence,0.003950617283950617,0.9960493827160494,0.7782184762849116,
by_confidence,0.0037860082304526747,0.9962139917695473,0.7780898876404494,
by_confidence,0.0036213991769547325,0.9963786008230453,0.7779613414835619,
by_confidence,0.0034567901234567903,0.9965432098765432,0.7778328377931946,
by_confidence,0.0032921810699588477,0.9967078189300411,0.7778695293146161,
by_confidence,0.0031275720164609055,0.9968724279835391,0.7777410832232496,
by_confidence,0.002962962962962963,0.997037037037037,0.7777777777777778,
by_confidence,0.0027983539094650206,0.997201646090535,0.777649389237372,
by_confidence,0.0026337448559670784,0.9973662551440329,0.7775210430764152,
by_confidence,0.0024691358024691358,0.9975308641975309,0.7773927392739274,
by_confidence,0.0023045267489711935,0.9976954732510288,0.7772644778089424,
by_confidence,0.002139917695473251,0.9978600823045267,0.7773012207192346,
by_confidence,0.0019753086419753087,0.9980246913580247,0.77717301665842,
by_confidence,0.0018106995884773663,0.9981893004115227,0.7772097625329816,
by_confidence,0.0016460905349794238,0.9983539094650206,0.7770816158285243,
by_confidence,0.0014814814814814814,0.9985185185185185,0.7769535113748763,
by_confidence,0.0013168724279835392,0.9986831275720165,0.7768254491511455,
by_confidence,0.0011522633744855968,0.9988477366255144,0.7766974291364536,
by_confidence,0.0009876543209876543,0.9990123456790123,0.7765694513099357,
by_confidence,0.0008230452674897119,0.9991769547325103,0.7764415156507414,
by_confidence,0.0006584362139917696,0.9993415637860082,0.7764783396475046,
by_confidence,0.0004938271604938272,0.9995061728395062,0.7763504611330698,
by_confidence,0.0003292181069958848,0.9996707818930041,0.7763872879960481,
by_confidence,0.0001646090534979424,0.9998353909465021,0.7762594665788607,
by_confidence,0.0,1.0,0.7761316872427984,
by_set_size,0.34057613168724277,0.6594238683127572,0.8921617573639541,2.0
by_set_size,0.09135802469135801,0.908641975308642,0.8123188405797102,3.0
by_set_size,0.02172839506172841,0.9782716049382716,0.7841157664479219,4.0
by_set_size,0.002962962962962945,0.997037037037037,0.77744758131088,5.0
by_set_size,0.0006584362139917532,0.9993415637860082,0.7763136221380332,6.0
by_set_size,0.0,1.0,0.7761316872427984,7.0
